Organisation Name,Town/City,County,Type & Rating,Route
Hollowmere Building,Leeds,Cambridgeshire,Worker (A rating),Skilled Worker
Everleigh Agriculture (North),Oxford,Cambridgeshire,Worker (A rating),Skilled Worker
Underhill Charitable Trust,Manchester,Cambridgeshire,Worker (A (SME+)),Skilled Worker
Duncastle Healthcare UK,Sheffield,West Yorkshire,Worker (A rating),Skilled Worker
Ulverston Catering Services,Edinburgh,,Worker (A rating),Skilled Worker
Ilminster Packaging (South West),Reading,Greater London,Worker (A rating),Scale-up Worker
Langmoor Agriculture (North),London,West Yorkshire,Worker (A rating),Skilled Worker
Yealand Motors,Reading,Avon,Worker (A (Premium)),Skilled Worker
Mortlake Logistics Group,Cambridge,,Worker (A (SME+)),Skilled Worker
Silverbeck Capital Partners,London,Cambridgeshire,Worker (A rating),Skilled Worker
Kirkbride Healthcare UK,Cambridge,West Yorkshire,Worker (A (SME+)),Skilled Worker
Keldwick Nurseries Group,Cambridge,West Yorkshire,Worker (B rating),Skilled Worker
Barrowmead Care Services (South West),London,Greater London,Worker (A rating),Temporary Worker - Charity Worker
Barrowmead Recycling,Edinburgh,Greater London,Worker (B rating),Skilled Worker
Mortlake Property Group,Cambridge,,Worker (A rating),Skilled Worker
Granthorpe Print Holdings,Sheffield,West Yorkshire,Worker (A rating),Skilled Worker
Quenby Recycling Holdings,Bristol,Greater London,Worker (A rating),Skilled Worker
Stanbrook Marine (South West),Sheffield,West Yorkshire,Worker (A rating),Skilled Worker
Mortlake Motors Holdings,Manchester,Greater London,Worker (A (Premium)),Temporary Worker - Charity Worker
Mortlake Nurseries (South West),London,Greater London,Worker (A (Premium)),Skilled Worker
Bickleigh Foods (North),Manchester,Greater London,Worker (A rating),Skilled Worker
Quenby Property International,Sheffield,West Yorkshire,Worker (A (SME+)),Skilled Worker
Hensingham Veterinary Services,Glasgow,West Yorkshire,Worker (A rating),Skilled Worker
Whitmarsh Agriculture,Cardiff,Avon,Worker (B rating),Skilled Worker
Jedburgh Packaging Group,Cardiff,,Worker (A rating),Skilled Worker
Ingoldsby Nurseries UK,Reading,West Yorkshire,Worker (A (SME+)),Skilled Worker
Yealand Logistics Holdings,Reading,Cambridgeshire,Worker (B rating),Skilled Worker
Yarrow Labs UK,Bristol,,Worker (A rating),Skilled Worker
Kirkbride Haulage,London,Avon,Worker (B rating),Skilled Worker
Lyneham Marine Ltd,Edinburgh,,Worker (A (Premium)),Skilled Worker
Mortlake Property Partners,Glasgow,,Worker (B rating),Skilled Worker
Newlyn Recycling Ltd,Sheffield,,Worker (B rating),Skilled Worker
Newlyn Veterinary Ltd,Manchester,Cambridgeshire,Worker (B rating),Skilled Worker
Whitmarsh Care Services Services,Oxford,Cambridgeshire,Worker (B rating),Skilled Worker
Ilminster Packaging UK,Cambridge,Avon,Worker (B rating),Skilled Worker
Mortlake Property Ltd,Manchester,Avon,Worker (A (SME+)),Skilled Worker
Duncastle Security (South West),Manchester,Avon,Worker (A rating),Scale-up Worker
Aberfoyle Security UK,Bristol,West Yorkshire,Worker (A (SME+)),Skilled Worker
Mortlake Catering Ltd,London,,Worker (A (Premium)),Skilled Worker
Yealand Security Ltd,Birmingham,Greater London,Worker (A (SME+)),Skilled Worker
Keldwick Haulage Partners,Glasgow,Greater London,Worker (A rating),Global Business Mobility - Senior or Specialist Worker
Jedburgh Veterinary Partners,Bristol,Greater London,Worker (A rating),Skilled Worker
Hollowmere Packaging,Birmingham,Cambridgeshire,Worker (A (SME+)),Skilled Worker
Dunsfold Foods (North),Cardiff,West Yorkshire,Worker (A (SME+)),Skilled Worker
Rushmere Agriculture Group,Cardiff,,Worker (A rating),Skilled Worker
Oswaldby Foods Services,Edinburgh,Cambridgeshire,Worker (A (SME+)),Skilled Worker
Oswaldby Chemicals Partners,Reading,Greater London,Worker (A (SME+)),Skilled Worker
Pemberton Software,Edinburgh,Cambridgeshire,Worker (A rating),Skilled Worker
Granthorpe Foods Holdings,Oxford,Avon,Worker (B rating),Skilled Worker
Quenby Motors Holdings,Cardiff,,Worker (A rating),Skilled Worker
Aberfoyle Chemicals Group,Leeds,,Worker (A rating),Scale-up Worker
Hollowmere Pharmacy,Birmingham,Avon,Worker (B rating),Skilled Worker
Kirkbride Marine Group,Glasgow,Cambridgeshire,Worker (A rating),Skilled Worker
Fairbourne Packaging,Reading,Cambridgeshire,Worker (A rating),Skilled Worker
Newlyn Haulage,Sheffield,West Yorkshire,Worker (A rating),Global Business Mobility - Senior or Specialist Worker
Kirkbride Agriculture International,Edinburgh,West Yorkshire,Worker (A (Premium)),Skilled Worker
Gatcombe Insurance (North),Glasgow,Cambridgeshire,Worker (A rating),Skilled Worker
Hensingham Pharmacy Services,Glasgow,West Yorkshire,Worker (A rating),Skilled Worker
Ulverston Haulage Holdings,Cambridge,West Yorkshire,Worker (A rating),Skilled Worker
Whitmarsh Energy Ltd,Cambridge,Avon,Worker (A rating),Skilled Worker
Lyneham Recycling (South West),London,,Worker (A (SME+)),Skilled Worker
Calderstone Property,Cardiff,West Yorkshire,Worker (A (SME+)),Global Business Mobility - Senior or Specialist Worker
Granthorpe Security Holdings,Birmingham,,Worker (A rating),Skilled Worker
Barrowmead Chemicals International,Oxford,Avon,Worker (A rating),Skilled Worker
Whitmarsh Agriculture (North),Manchester,Greater London,Worker (A rating),Skilled Worker
Glassmoor Software,Reading,Cambridgeshire,Worker (A (SME+)),Skilled Worker
Keldwick Building Ltd,Sheffield,Cambridgeshire,Worker (A (Premium)),Skilled Worker
Keldwick Security,Glasgow,Cambridgeshire,Worker (A (Premium)),Skilled Worker
Quenby Healthcare International,Birmingham,,Worker (A rating),Skilled Worker
Mortlake Pharmacy Partners,Bristol,Avon,Worker (A rating),Skilled Worker
Barrowmead Nurseries (North),Leeds,Greater London,Worker (A (Premium)),Global Business Mobility - Senior or Specialist Worker
Yealand Insurance Holdings,London,Cambridgeshire,Worker (A (SME+)),Temporary Worker - Charity Worker
Yealand Haulage Services,London,Avon,Worker (B rating),Skilled Worker
Eldersley Foods (South West),Birmingham,,Worker (A (Premium)),Global Business Mobility - Senior or Specialist Worker
Langmoor Marine UK,Bristol,Cambridgeshire,Worker (A rating),Skilled Worker
Fairbourne Agriculture Holdings,Leeds,Avon,Worker (A rating),Scale-up Worker
Rushmere Pharmacy Holdings,Leeds,West Yorkshire,Worker (A rating),Skilled Worker
Ilminster Logistics Group,Birmingham,,Worker (A (Premium)),Scale-up Worker
Bickleigh Packaging Group,Manchester,,Worker (A rating),Skilled Worker
Barrowmead Building (North),Birmingham,Cambridgeshire,Worker (A rating),Skilled Worker
Prioryfield Building,Cambridge,Cambridgeshire,Worker (A (SME+)),Skilled Worker
Whitmarsh Insurance (North),London,,Worker (A (SME+)),Skilled Worker
Keldwick Packaging Services,Bristol,Greater London,Worker (A (SME+)),Skilled Worker
Foxbourne Agriculture Group,Birmingham,Cambridgeshire,Worker (A rating),Skilled Worker
Verewood Dental Practice (North),Oxford,Avon,Worker (A (Premium)),Skilled Worker
Gatcombe Packaging,Glasgow,West Yorkshire,Worker (B rating),Temporary Worker - Charity Worker
Mortlake Building,Cambridge,Cambridgeshire,Worker (A (SME+)),Scale-up Worker
Foxbourne Logistics Group,Leeds,,Worker (A (SME+)),Skilled Worker
Jedburgh Packaging Services,Manchester,Greater London,Worker (B rating),Skilled Worker
Whitmarsh Agriculture (South West),Manchester,,Worker (A rating),Skilled Worker
Cranmore Motors Group,Bristol,Avon,Worker (A rating),Skilled Worker
Yealand Care Services Services,Manchester,West Yorkshire,Worker (A rating),Skilled Worker
Stanbrook Nurseries Ltd,Manchester,,Worker (B rating),Scale-up Worker
Dunsfold Property Group,Cardiff,Cambridgeshire,Worker (A (SME+)),Skilled Worker
Bickleigh Nurseries (South West),Glasgow,Cambridgeshire,Worker (B rating),Skilled Worker
Barrowmead Haulage,Leeds,Cambridgeshire,Worker (A (Premium)),Temporary Worker - Charity Worker
Ulverston Foods Services,Sheffield,,Worker (A rating),Skilled Worker
Yealand Catering Ltd,Oxford,Greater London,Worker (A rating),Skilled Worker
Thornbury Software,Bristol,Cambridgeshire,Worker (A rating),Skilled Worker
Verewood Energy,Cardiff,West Yorkshire,Worker (A (Premium)),Skilled Worker
Dunsfold Energy (North),Cambridge,Cambridgeshire,Worker (A rating),Skilled Worker
Jedburgh Care Services,Sheffield,West Yorkshire,Worker (A (Premium)),Temporary Worker - Charity Worker
Prioryfield Chemicals Ltd,Reading,Avon,Worker (B rating),Skilled Worker
Hensingham Energy International,Glasgow,,Worker (B rating),Skilled Worker
Hensingham Healthcare International,Cardiff,,Worker (B rating),Skilled Worker
Ingoldsby Print Ltd,Manchester,,Worker (A rating),Skilled Worker
Duncastle Pharmacy Group,Sheffield,Avon,Worker (A (Premium)),Skilled Worker
Mortlake Dental Practice Holdings,Cambridge,Cambridgeshire,Worker (A rating),Global Business Mobility - Senior or Specialist Worker
Mortlake Agriculture (North),Edinburgh,,Worker (A rating),Skilled Worker
Foxbourne Print,Edinburgh,Cambridgeshire,Worker (A rating),Skilled Worker
Granthorpe Care Services Holdings,Glasgow,,Worker (A (Premium)),Skilled Worker
Eldersley Energy (North),Glasgow,West Yorkshire,Worker (A rating),Skilled Worker
Everleigh Haulage (South West),Edinburgh,,Worker (A (Premium)),Skilled Worker
Prioryfield Pharmacy International,London,West Yorkshire,Worker (A rating),Skilled Worker
Rushmere Veterinary International,Reading,Greater London,Worker (A (Premium)),Skilled Worker
Tealby Care Services Partners,Edinburgh,West Yorkshire,Worker (A rating),Skilled Worker
Cranmore Veterinary Ltd,Cambridge,,Worker (A rating),Skilled Worker
Whitmarsh Pharmacy Group,Reading,Greater London,Worker (A (SME+)),Skilled Worker
Foxbourne Insurance Partners,Sheffield,Cambridgeshire,Worker (A (SME+)),Skilled Worker
Oswaldby Print,Reading,West Yorkshire,Worker (A rating),Skilled Worker
Tealby Energy Partners,Birmingham,West Yorkshire,Worker (A (Premium)),Skilled Worker
Kirkbride Print,Edinburgh,West Yorkshire,Worker (A (Premium)),Skilled Worker
Newlyn Print Services,Glasgow,Cambridgeshire,Worker (A rating),Skilled Worker
Dunsfold Foods Services,Oxford,West Yorkshire,Worker (A (Premium)),Temporary Worker - Charity Worker
Keldwick Foods Group,Sheffield,Greater London,Worker (A rating),Skilled Worker
Lyneham Energy Holdings,London,Cambridgeshire,Worker (A rating),Skilled Worker
Kestrel Capital Partners,Glasgow,Greater London,Worker (A rating),Skilled Worker
Tealby Veterinary Holdings,Edinburgh,Greater London,Worker (A (SME+)),Skilled Worker
Jedburgh Motors Holdings,Glasgow,Cambridgeshire,Worker (A (SME+)),Skilled Worker
Hensingham Catering Partners,Edinburgh,,Worker (A (Premium)),Skilled Worker
Rushmere Foods Group,Oxford,,Worker (A rating),Skilled Worker
Tealby Healthcare (South West),Birmingham,,Worker (A rating),Skilled Worker
Prioryfield Pharmacy (North),Cardiff,West Yorkshire,Worker (A rating),Skilled Worker
Rushmere Retail Ltd,Oxford,,Worker (B rating),Skilled Worker
Quenby Haulage Holdings,Leeds,Avon,Worker (A rating),Skilled Worker
Barrowmead Security Partners,Sheffield,West Yorkshire,Worker (A rating),Skilled Worker
Dunsfold Packaging UK,Cardiff,West Yorkshire,Worker (A rating),Skilled Worker
Kirkbride Building International,Reading,Avon,Worker (A rating),Skilled Worker
Eldersley Agriculture (North),Cardiff,Avon,Worker (A (SME+)),Skilled Worker
Cranmore Marine (North),Edinburgh,Greater London,Worker (A rating),Skilled Worker
Fairbourne Insurance (North),Cambridge,,Worker (A rating),Skilled Worker
Hollowmere Healthcare Services,Reading,Greater London,Worker (A (SME+)),Skilled Worker
Dunsfold Catering Group,Birmingham,West Yorkshire,Worker (A rating),Skilled Worker
Hensingham Healthcare Services,Oxford,Cambridgeshire,Worker (A (SME+)),Skilled Worker
Gatcombe Marine Group,London,Greater London,Worker (A rating),Skilled Worker
Tealby Foods Holdings,Manchester,Avon,Worker (A rating),Skilled Worker
Foxbourne Marine (South West),Manchester,,Worker (A rating),Skilled Worker
Eldersley Motors Holdings,Reading,,Worker (B rating),Skilled Worker
Rushmere Insurance (North),Leeds,Avon,Worker (A rating),Skilled Worker
Yealand Marine (South West),Cambridge,,Worker (A rating),Skilled Worker
Dunsfold Recycling,London,Cambridgeshire,Worker (A rating),Skilled Worker
Fairbourne Foods (North),Manchester,Avon,Worker (A rating),Scale-up Worker
Yealand Foods International,London,,Worker (A rating),Skilled Worker
Newlyn Motors Holdings,Birmingham,West Yorkshire,Worker (A rating),Skilled Worker
Vantage Logic,Reading,,Worker (A rating),Skilled Worker
Yealand Print Holdings,Reading,,Worker (A (Premium)),Skilled Worker
Yealand Retail Services,Bristol,Cambridgeshire,Worker (A rating),Skilled Worker
Tealby Motors Services,Sheffield,,Worker (A (Premium)),Skilled Worker
Ilminster Healthcare,Cambridge,Avon,Worker (A (SME+)),Skilled Worker
Foxbourne Recycling Partners,Leeds,,Worker (A rating),Temporary Worker - Creative Worker
Everleigh Care Services Holdings,Oxford,Greater London,Worker (A rating),Skilled Worker
Fairbourne Textiles Ltd,Sheffield,Greater London,Worker (A (SME+)),Skilled Worker
Eldersley Building Group,Manchester,Greater London,Worker (A rating),Skilled Worker
Keldwick Logistics International,Glasgow,Greater London,Worker (A rating),Skilled Worker
Mortlake Print,Reading,,Worker (A (Premium)),Skilled Worker
Barrowmead Veterinary International,Cambridge,Greater London,Worker (B rating),Skilled Worker
Oswaldby Energy Services,Bristol,,Worker (A rating),Skilled Worker
Eldersley Marine (South West),Edinburgh,Avon,Worker (A rating),Temporary Worker - Creative Worker
Mortlake Chemicals Services,Edinburgh,Greater London,Worker (A (Premium)),Skilled Worker
Whitmarsh Veterinary UK,Reading,,Worker (A (SME+)),Skilled Worker
Aberfoyle Marine,Reading,Cambridgeshire,Worker (A (Premium)),Skilled Worker
Duncastle Print International,London,Avon,Worker (A rating),Skilled Worker
Cranmore Textiles,Glasgow,West Yorkshire,Worker (B rating),Global Business Mobility - Senior or Specialist Worker
Mortlake Haulage (North),Birmingham,,Worker (A rating),Skilled Worker
Oswaldby Security International,Oxford,West Yorkshire,Worker (A rating),Global Business Mobility - Senior or Specialist Worker
Tealby Care Services Ltd,Cardiff,,Worker (B rating),Skilled Worker
Whitmarsh Retail (North),Bristol,Cambridgeshire,Worker (A (Premium)),Skilled Worker
Oswaldby Care Services Partners,Edinburgh,West Yorkshire,Worker (A (Premium)),Skilled Worker
Cranmore Building Group,Manchester,,Worker (A (Premium)),Scale-up Worker
Verewood Print UK,Bristol,,Worker (A (SME+)),Skilled Worker
Rushmere Logistics Partners,Cambridge,West Yorkshire,Worker (A (Premium)),Skilled Worker
Quenby Property UK,Oxford,West Yorkshire,Worker (A rating),Skilled Worker
Mortlake Retail,Oxford,West Yorkshire,Worker (A (Premium)),Skilled Worker
Quenby Insurance Holdings,Bristol,Cambridgeshire,Worker (A rating),Skilled Worker
Fairbourne Foods UK,Birmingham,West Yorkshire,Worker (A rating),Global Business Mobility - Senior or Specialist Worker
Eldersley Recycling,Cardiff,Cambridgeshire,Worker (A (SME+)),Skilled Worker
Gatcombe Marine UK,Reading,Avon,Worker (B rating),Temporary Worker - Creative Worker
Bickleigh Care Services Holdings,Bristol,West Yorkshire,Worker (A rating),Global Business Mobility - Senior or Specialist Worker
Ingoldsby Building Partners,Leeds,West Yorkshire,Worker (A rating),Skilled Worker
Hollowmere Recycling Ltd,Birmingham,,Worker (B rating),Skilled Worker
Keldwick Pharmacy (South West),Oxford,,Worker (B rating),Skilled Worker
Hollowmere Dental Practice Services,Birmingham,West Yorkshire,Worker (A (Premium)),Skilled Worker
Langmoor Recycling,Cambridge,Cambridgeshire,Worker (A (Premium)),Skilled Worker
Cranmore Textiles Group,Oxford,Greater London,Worker (A rating),Skilled Worker
Quenby Pharmacy,Reading,West Yorkshire,Worker (B rating),Skilled Worker
Prioryfield Building Services,Bristol,Cambridgeshire,Worker (A (SME+)),Skilled Worker
Calderstone Pharmacy Group,Cambridge,,Worker (A rating),Skilled Worker
Quenby Recycling Partners,Sheffield,Greater London,Worker (A rating),Skilled Worker
Aberfoyle Print,Manchester,West Yorkshire,Worker (A rating),Global Business Mobility - Senior or Specialist Worker
Gatcombe Agriculture,Cardiff,,Worker (A (SME+)),Skilled Worker
Oswaldby Insurance (South West),Cambridge,Greater London,Worker (A rating),Skilled Worker
Foxbourne Dental Practice (North),Edinburgh,,Worker (A (Premium)),Skilled Worker
Fairbourne Pharmacy Group,Glasgow,West Yorkshire,Worker (A (SME+)),Skilled Worker
Prioryfield Textiles (North),Cardiff,,Worker (B rating),Skilled Worker
Duncastle Foods Partners,Bristol,Cambridgeshire,Worker (B rating),Skilled Worker
Quenby Healthcare Ltd,Glasgow,Cambridgeshire,Worker (A rating),Skilled Worker
Hollowmere Foods,Reading,Avon,Worker (A (Premium)),Skilled Worker
Fairbourne Agriculture,Glasgow,West Yorkshire,Worker (A rating),Skilled Worker
Foxbourne Marine,Cardiff,Greater London,Worker (B rating),Skilled Worker
Quenby Security International,Manchester,Cambridgeshire,Worker (A rating),Skilled Worker
Whitmarsh Packaging International,Cambridge,Cambridgeshire,Worker (B rating),Skilled Worker
Eldersley Foods (North),Birmingham,Cambridgeshire,Worker (A rating),Skilled Worker
Quenby Nurseries International,Oxford,,Worker (A rating),Skilled Worker
Keldwick Logistics Group,Cambridge,West Yorkshire,Worker (A (Premium)),Global Business Mobility - Senior or Specialist Worker
Hensingham Motors (South West),Edinburgh,Avon,Worker (A rating),Skilled Worker
Fairbourne Catering (North),Oxford,Cambridgeshire,Worker (A (SME+)),Skilled Worker
Whitmarsh Building Partners,Glasgow,Avon,Worker (A (Premium)),Skilled Worker
Verewood Care Services International,Cambridge,Avon,Worker (A (SME+)),Skilled Worker
Aberfoyle Textiles Group,Leeds,,Worker (B rating),Skilled Worker
Granthorpe Property Holdings,Leeds,West Yorkshire,Worker (B rating),Skilled Worker
Highmoor Robotics,London,Greater London,Worker (A rating),Skilled Worker
Quenby Foods,Bristol,Greater London,Worker (B rating),Skilled Worker
Everleigh Foods International,Leeds,Greater London,Worker (A rating),Skilled Worker
Hollowmere Building (South West),Manchester,West Yorkshire,Worker (B rating),Skilled Worker
Verewood Textiles Group,Oxford,Cambridgeshire,Worker (A (Premium)),Temporary Worker - Charity Worker
Hensingham Motors Group,Cambridge,Cambridgeshire,Worker (A rating),Skilled Worker
Ulverston Energy (North),Leeds,Cambridgeshire,Worker (A rating),Skilled Worker
Ravenswood Digital,Glasgow,Avon,Worker (A rating),Skilled Worker
Foxbourne Healthcare Group,London,Greater London,Worker (A rating),Skilled Worker
Hollowmere Packaging (South West),Sheffield,,Worker (A (SME+)),Skilled Worker
Yealand Packaging (South West),Reading,Cambridgeshire,Worker (B rating),Global Business Mobility - Senior or Specialist Worker
Hollowmere Insurance (South West),Edinburgh,West Yorkshire,Worker (A rating),Skilled Worker
Kirkbride Foods (South West),Bristol,Greater London,Worker (B rating),Skilled Worker
Quenby Insurance (North),Sheffield,Greater London,Worker (A (Premium)),Skilled Worker
Prioryfield Haulage UK,Oxford,Avon,Worker (A rating),Skilled Worker
Ulverston Veterinary Services,London,West Yorkshire,Worker (A rating),Skilled Worker
Calderstone Haulage (South West),Glasgow,Cambridgeshire,Worker (B rating),Skilled Worker
Gatcombe Haulage International,Reading,Greater London,Worker (A rating),Skilled Worker
Ingoldsby Pharmacy,Birmingham,West Yorkshire,Worker (B rating),Skilled Worker
Jedburgh Haulage,Manchester,West Yorkshire,Worker (A rating),Skilled Worker
Prioryfield Textiles,Reading,Avon,Worker (A (Premium)),Skilled Worker
Oswaldby Recycling (North),London,Greater London,Worker (B rating),Skilled Worker
Mortlake Catering,Birmingham,Cambridgeshire,Worker (A rating),Skilled Worker
Verewood Security Holdings,Cardiff,West Yorkshire,Worker (A rating),Skilled Worker
Rushmere Packaging (North),Reading,,Worker (B rating),Skilled Worker
Mortlake Textiles International,Reading,West Yorkshire,Worker (A (SME+)),Skilled Worker
Calderstone Recycling Services,Manchester,Greater London,Worker (A (Premium)),Skilled Worker
Barrowmead Textiles UK,Glasgow,West Yorkshire,Worker (A rating),Scale-up Worker
Mortlake Motors (North),Manchester,Cambridgeshire,Worker (A (Premium)),Temporary Worker - Creative Worker
Yealand Care Services,Reading,Greater London,Worker (A rating),Temporary Worker - Charity Worker
Ravenswood Holdings Ltd T/A Pemberton Automation,London,Greater London,Worker (A (Premium)),Skilled Worker
Jedburgh Building,Edinburgh,West Yorkshire,Worker (A (Premium)),Skilled Worker
Yealand Pharmacy Partners,Manchester,Avon,Worker (A rating),Skilled Worker
Ulverston Agriculture International,Leeds,,Worker (B rating),Global Business Mobility - Senior or Specialist Worker
Eldersley Care Services International,Reading,Greater London,Worker (A rating),Global Business Mobility - Senior or Specialist Worker
Hensingham Marine Partners,Leeds,Cambridgeshire,Worker (A (Premium)),Scale-up Worker
Eldersley Agriculture Services,Birmingham,West Yorkshire,Worker (A (SME+)),Global Business Mobility - Senior or Specialist Worker
Jedburgh Recycling UK,Leeds,,Worker (A rating),Scale-up Worker
Lyneham Foods International,London,,Worker (B rating),Skilled Worker
Prioryfield Catering (North),Leeds,Greater London,Worker (A rating),Skilled Worker
Duncastle Energy,Bristol,Cambridgeshire,Worker (A (Premium)),Skilled Worker
Kestrel Charitable Trust,Cambridge,,Worker (A rating),Skilled Worker
Hollowmere Dental Practice,Edinburgh,Greater London,Worker (A (SME+)),Skilled Worker
Fairbourne Building (North),Oxford,,Worker (A (Premium)),Skilled Worker
Keldwick Retail (North),Oxford,Greater London,Worker (A (SME+)),Skilled Worker
Fairbourne Recycling Group,Birmingham,Avon,Worker (A (Premium)),Skilled Worker
Fairbourne Marine,Oxford,Avon,Worker (B rating),Skilled Worker
Rushmere Retail,Edinburgh,Avon,Worker (A rating),Skilled Worker
Fenwick Consultants UK,Cardiff,,Worker (A rating),Skilled Worker
Foxbourne Security Ltd,Oxford,Cambridgeshire,Worker (A (SME+)),Skilled Worker
Verewood Veterinary UK,Bristol,West Yorkshire,Worker (A rating),Global Business Mobility - Senior or Specialist Worker
Tealby Motors (North),Leeds,West Yorkshire,Worker (A rating),Skilled Worker
Eldersley Care Services (North),Leeds,Avon,Worker (A rating),Skilled Worker
Quenby Catering (South West),Cardiff,Avon,Worker (A (Premium)),Skilled Worker
Cranmore Pharmacy Group,Reading,Greater London,Worker (B rating),Skilled Worker
Rushmere Chemicals,Manchester,Avon,Worker (A rating),Skilled Worker
Oswaldby Property,Cambridge,,Worker (A (SME+)),Skilled Worker
Quenby Chemicals,Reading,Cambridgeshire,Worker (A (SME+)),Skilled Worker
Hollowmere Security (North),Edinburgh,Greater London,Worker (A rating),Skilled Worker
Ingoldsby Chemicals (North),Oxford,,Worker (A rating),Skilled Worker
Oswaldby Chemicals Group,Glasgow,Greater London,Worker (B rating),Skilled Worker
Hollowmere Dental Practice Ltd,Sheffield,Cambridgeshire,Worker (A rating),Skilled Worker
Ashcombe Logic UK,Birmingham,Avon,Worker (A rating),Skilled Worker
Prioryfield Haulage (South West),Sheffield,Cambridgeshire,Worker (A (SME+)),Skilled Worker
Jedburgh Dental Practice International,Glasgow,West Yorkshire,Worker (A (Premium)),Skilled Worker
Newlyn Print Holdings,Sheffield,,Worker (A rating),Skilled Worker
Mortlake Recycling Ltd,London,West Yorkshire,Worker (A rating),Skilled Worker
Ilminster Healthcare (South West),Cambridge,Cambridgeshire,Worker (A rating),Skilled Worker
Ulverston Haulage International,Manchester,West Yorkshire,Worker (A (Premium)),Skilled Worker
Whitmarsh Chemicals,Manchester,Greater London,Worker (A rating),Skilled Worker
Aberfoyle Logistics (North),Oxford,West Yorkshire,Worker (A rating),Skilled Worker
Jarrowfield Analytics,Manchester,,Worker (A (SME+)),Skilled Worker
Prioryfield Retail,Glasgow,Greater London,Worker (A rating),Skilled Worker
Whitmarsh Foods Partners,London,,Worker (A rating),Skilled Worker
Yealand Logistics International,Manchester,,Worker (A rating),Skilled Worker
Ilminster Care Services International,Reading,West Yorkshire,Worker (A rating),Skilled Worker
Ingoldsby Foods,Leeds,Avon,Worker (B rating),Temporary Worker - Creative Worker
Stanbrook Textiles Partners,London,Greater London,Worker (A (SME+)),Temporary Worker - Creative Worker
Mortlake Building Holdings,London,West Yorkshire,Worker (A rating),Skilled Worker
Oswaldby Dental Practice Group,Glasgow,,Worker (B rating),Skilled Worker
Langmoor Catering Ltd,Birmingham,Greater London,Worker (A rating),Skilled Worker
Newlyn Chemicals Holdings,Birmingham,West Yorkshire,Worker (A rating),Skilled Worker
Mortlake Packaging (South West),Edinburgh,Avon,Worker (A rating),Skilled Worker
Verewood Chemicals (South West),Oxford,West Yorkshire,Worker (A rating),Skilled Worker
Hensingham Recycling Services,Glasgow,Avon,Worker (A (SME+)),Skilled Worker
Dunsfold Security Holdings,Edinburgh,Avon,Worker (A (Premium)),Skilled Worker
Lyneham Building UK,Manchester,Cambridgeshire,Worker (A rating),Skilled Worker
Yealand Logistics Services,Birmingham,,Worker (A rating),Skilled Worker
Bickleigh Security Holdings,Bristol,,Worker (A rating),Skilled Worker
Bickleigh Recycling Ltd,Cambridge,,Worker (A (Premium)),Skilled Worker
Everleigh Healthcare Ltd,Leeds,West Yorkshire,Worker (A (SME+)),Skilled Worker
Eldersley Haulage Holdings,Bristol,West Yorkshire,Worker (B rating),Skilled Worker
Duncastle Motors UK,Bristol,Greater London,Worker (A rating),Skilled Worker
Granthorpe Security (South West),Edinburgh,,Worker (A (Premium)),Skilled Worker
Duncastle Security Holdings,Oxford,,Worker (A (SME+)),Skilled Worker
Calderstone Veterinary Ltd,Edinburgh,West Yorkshire,Worker (A (SME+)),Skilled Worker
Verewood Textiles UK,Leeds,West Yorkshire,Worker (A (SME+)),Skilled Worker
Quenby Textiles (South West),Sheffield,Greater London,Worker (A (SME+)),Skilled Worker
Hollowmere Insurance (North),Sheffield,,Worker (A (SME+)),Skilled Worker
Stanbrook Dental Practice Ltd,Oxford,West Yorkshire,Worker (A rating),Skilled Worker
Yealand Textiles Services,Manchester,,Worker (A rating),Skilled Worker
Kirkbride Nurseries,Cardiff,Greater London,Worker (A rating),Temporary Worker - Creative Worker
Dovetail Staffing,Glasgow,,Worker (B rating),Skilled Worker
Tealby Energy Ltd,Reading,Cambridgeshire,Worker (A (SME+)),Temporary Worker - Creative Worker
Cranmore Recycling Group,Glasgow,Greater London,Worker (A (Premium)),Skilled Worker
Hollowmere Marine (North),Cambridge,Cambridgeshire,Worker (A rating),Skilled Worker
Newlyn Foods (North),Cambridge,Avon,Worker (A (SME+)),Skilled Worker
Langmoor Haulage Ltd,Bristol,Greater London,Worker (A rating),Skilled Worker
Keldwick Energy (North),Leeds,Greater London,Worker (A (SME+)),Skilled Worker
Jarrowfield Platforms,Reading,Avon,Worker (A (SME+)),Skilled Worker
Rushmere Energy,Reading,Greater London,Worker (A rating),Skilled Worker
Granthorpe Haulage Holdings,Cardiff,Greater London,Worker (A rating),Skilled Worker
Mortlake Healthcare Holdings,Leeds,Cambridgeshire,Worker (A rating),Temporary Worker - Charity Worker
Gatcombe Nurseries UK,Edinburgh,Greater London,Worker (A rating),Skilled Worker
Ulverston Nurseries Group,Cambridge,West Yorkshire,Worker (A rating),Skilled Worker
Duncastle Catering (North),Sheffield,,Worker (A (Premium)),Skilled Worker
Inglewood Recruitment,Birmingham,Greater London,Worker (A rating),Skilled Worker
Prioryfield Foods Ltd,Glasgow,,Worker (A (Premium)),Skilled Worker
Newlyn Agriculture UK,Oxford,Avon,Worker (A (SME+)),Skilled Worker
Ulverston Marine Group,Manchester,Greater London,Worker (A (Premium)),Temporary Worker - Charity Worker
Quenby Insurance International,Leeds,Cambridgeshire,Worker (A rating),Skilled Worker
Everleigh Property (South West),Edinburgh,Greater London,Worker (A rating),Skilled Worker
Prioryfield Care Services International,Edinburgh,,Worker (A rating),Skilled Worker
Everleigh Logistics Group,Oxford,,Worker (A (SME+)),Skilled Worker
Ilminster Marine,Cardiff,,Worker (A (Premium)),Skilled Worker
Gatcombe Retail (North),Edinburgh,Cambridgeshire,Worker (A (SME+)),Skilled Worker
Kirkbride Property (North),Birmingham,Cambridgeshire,Worker (A rating),Skilled Worker
Rushmere Chemicals Ltd,Oxford,Greater London,Worker (B rating),Skilled Worker
Langmoor Haulage Group,Oxford,,Worker (A (Premium)),Scale-up Worker
Duncastle Energy Holdings,Birmingham,Cambridgeshire,Worker (A (Premium)),Skilled Worker
Jedburgh Insurance Holdings,Cambridge,Avon,Worker (A rating),Scale-up Worker
Aberfoyle Building (North),Leeds,West Yorkshire,Worker (A (SME+)),Skilled Worker
Ilminster Energy Partners,Manchester,Cambridgeshire,Worker (A (Premium)),Skilled Worker
Cranmore Recycling (South West),Oxford,Cambridgeshire,Worker (A rating),Skilled Worker
Prioryfield Foods International,London,Greater London,Worker (A rating),Skilled Worker
Verewood Security Partners,Edinburgh,West Yorkshire,Worker (A rating),Skilled Worker
Yealand Chemicals Ltd,Sheffield,,Worker (B rating),Skilled Worker
Cobalt Analytics,Bristol,Greater London,Worker (B rating),Skilled Worker
Gatcombe Energy,Glasgow,,Worker (A (SME+)),Global Business Mobility - Senior or Specialist Worker
Foxbourne Marine Services,Cambridge,West Yorkshire,Worker (A rating),Skilled Worker
Ilminster Textiles Services,Bristol,,Worker (B rating),Skilled Worker
Whitmarsh Marine,Sheffield,Greater London,Worker (B rating),Skilled Worker
Granthorpe Security Services,Manchester,Cambridgeshire,Worker (A rating),Temporary Worker - Charity Worker
Tealby Veterinary Services,Cardiff,West Yorkshire,Worker (A rating),Skilled Worker
Gatcombe Healthcare Ltd,Cardiff,Avon,Worker (A rating),Skilled Worker
Ingoldsby Veterinary (North),Oxford,West Yorkshire,Worker (A rating),Skilled Worker
Lyneham Healthcare Ltd,Reading,Greater London,Worker (A (Premium)),Skilled Worker
Ingoldsby Nurseries (North),Sheffield,Avon,Worker (A (SME+)),Skilled Worker
Gatcombe Dental Practice Holdings,Bristol,Avon,Worker (A rating),Skilled Worker
Ulverston Chemicals,Cardiff,Avon,Worker (B rating),Skilled Worker
Eldersley Logistics,Birmingham,Avon,Worker (A (SME+)),Skilled Worker
Tealby Packaging Partners,Reading,West Yorkshire,Worker (A rating),Skilled Worker
Prioryfield Dental Practice (South West),Glasgow,Cambridgeshire,Worker (A rating),Skilled Worker
Fairbourne Marine Partners,Manchester,Greater London,Worker (A rating),Scale-up Worker
Kirkbride Agriculture (North),Sheffield,West Yorkshire,Worker (B rating),Skilled Worker
Aberfoyle Veterinary UK,Manchester,Avon,Worker (A rating),Skilled Worker
Langmoor Packaging Ltd,Cardiff,Greater London,Worker (A rating),Skilled Worker
Tealby Packaging International,Edinburgh,Cambridgeshire,Worker (A rating),Skilled Worker
Hollowmere Agriculture,Cardiff,Greater London,Worker (A rating),Skilled Worker
Hollowmere Pharmacy (North),London,West Yorkshire,Worker (A rating),Skilled Worker
Keldwick Energy Partners,Reading,Greater London,Worker (A rating),Global Business Mobility - Senior or Specialist Worker
Tealby Foods UK,Birmingham,Cambridgeshire,Worker (B rating),Scale-up Worker
Whitmarsh Print,Cardiff,Avon,Worker (A rating),Skilled Worker
Duncastle Logistics International,Cambridge,Greater London,Worker (A (Premium)),Skilled Worker
Rushmere Property International,Edinburgh,West Yorkshire,Worker (A (Premium)),Skilled Worker
Keldwick Haulage Services,Sheffield,West Yorkshire,Worker (A (Premium)),Skilled Worker
Hensingham Print Services,Glasgow,Cambridgeshire,Worker (A rating),Skilled Worker
Calderstone Agriculture UK,Cambridge,West Yorkshire,Worker (A (SME+)),Skilled Worker
Quenby Textiles Holdings,Reading,Avon,Worker (A rating),Global Business Mobility - Senior or Specialist Worker
Verewood Insurance International,Sheffield,,Worker (A (Premium)),Skilled Worker
Aldercroft Platforms UK,Leeds,,Worker (A rating),Skilled Worker
Mortlake Retail Partners,Cambridge,Greater London,Worker (A (SME+)),Skilled Worker
Everleigh Textiles Ltd,Manchester,West Yorkshire,Worker (A rating),Skilled Worker
Foxbourne Haulage International,Sheffield,Greater London,Worker (A (Premium)),Skilled Worker
Granthorpe Haulage UK,Bristol,,Worker (A rating),Skilled Worker
Everleigh Veterinary (South West),Manchester,Avon,Worker (B rating),Skilled Worker
Whitmarsh Building (North),Oxford,Cambridgeshire,Worker (A rating),Temporary Worker - Creative Worker
Cranmore Catering (North),Oxford,Greater London,Worker (A (Premium)),Skilled Worker
Tealby Security Holdings,Manchester,Avon,Worker (B rating),Skilled Worker
Duncastle Property Ltd,Oxford,Greater London,Worker (A rating),Skilled Worker
Stanbrook Print Group,Oxford,Avon,Worker (A rating),Skilled Worker
Fairbourne Agriculture Ltd,Reading,West Yorkshire,Worker (B rating),Skilled Worker
Prioryfield Marine UK,Oxford,,Worker (A (SME+)),Skilled Worker
Langmoor Textiles Group,Reading,Cambridgeshire,Worker (A rating),Skilled Worker
Eldersley Insurance Ltd,Edinburgh,Greater London,Worker (A (Premium)),Skilled Worker
Lowfield Instruments,Manchester,Avon,Worker (A (Premium)),Skilled Worker
Lyneham Care Services Group,Glasgow,Avon,Worker (A (SME+)),Skilled Worker
Dunsfold Haulage,Glasgow,,Worker (A rating),Skilled Worker
Fairbourne Dental Practice Holdings,Manchester,,Worker (A rating),Scale-up Worker
Oswaldby Veterinary (North),Glasgow,West Yorkshire,Worker (A rating),Skilled Worker
Prioryfield Chemicals Partners,Cambridge,West Yorkshire,Worker (A rating),Skilled Worker
Hensingham Packaging,Oxford,West Yorkshire,Worker (B rating),Skilled Worker
Rushmere Agriculture (North),Edinburgh,Cambridgeshire,Worker (A (Premium)),Skilled Worker
Prioryfield Logistics Holdings,Manchester,Avon,Worker (B rating),Skilled Worker
Lyneham Dental Practice (North),Cambridge,Cambridgeshire,Worker (B rating),Skilled Worker
Dunsfold Insurance Holdings,London,Cambridgeshire,Worker (A (Premium)),Temporary Worker - Charity Worker
Verewood Energy UK,Leeds,Avon,Worker (A rating),Temporary Worker - Creative Worker
Aberfoyle Building Ltd,Manchester,Greater London,Worker (A rating),Skilled Worker
Foxbourne Catering UK,Bristol,Greater London,Worker (A rating),Skilled Worker
Eldersley Print Group,Sheffield,Avon,Worker (B rating),Skilled Worker
Ravenswood Charitable Trust,Oxford,Greater London,Worker (A (Premium)),Skilled Worker
Calderstone Haulage (North),Oxford,Avon,Worker (A rating),Skilled Worker
Rushmere Dental Practice Services,Reading,West Yorkshire,Worker (B rating),Skilled Worker
Lyneham Veterinary Partners,London,,Worker (A (SME+)),Skilled Worker
Stanbrook Foods Partners,Leeds,Avon,Worker (A rating),Skilled Worker
Hollowmere Print Partners,Reading,Cambridgeshire,Worker (A rating),Skilled Worker
Rushmere Building Holdings,Manchester,,Worker (B rating),Temporary Worker - Charity Worker
Everleigh Nurseries UK,Cambridge,,Worker (A rating),Skilled Worker
Verewood Agriculture International,Oxford,Avon,Worker (A rating),Skilled Worker
Barrowmead Packaging (South West),London,Greater London,Worker (A rating),Temporary Worker - Charity Worker
Mortlake Property International,Glasgow,West Yorkshire,Worker (A rating),Skilled Worker
Keldwick Nurseries UK,Cardiff,Greater London,Worker (A rating),Skilled Worker
Mortlake Pharmacy Holdings,Leeds,Cambridgeshire,Worker (A rating),Skilled Worker
Stanbrook Pharmacy Group,Glasgow,Greater London,Worker (A rating),Skilled Worker
Verewood Pharmacy (North),Cardiff,Avon,Worker (A (Premium)),Skilled Worker
Whitmarsh Dental Practice Partners,Glasgow,Cambridgeshire,Worker (A rating),Skilled Worker
Jedburgh Marine Ltd,Edinburgh,Greater London,Worker (A (Premium)),Skilled Worker
Verewood Catering Ltd,Oxford,,Worker (B rating),Skilled Worker
Ironvale Charitable Trust,London,,Worker (A (SME+)),Skilled Worker
Granthorpe Veterinary Services,Cardiff,Cambridgeshire,Worker (B rating),Skilled Worker
Jarrowfield Compute,Bristol,Cambridgeshire,Worker (A (SME+)),Skilled Worker
Ingoldsby Recycling Services,London,Avon,Worker (B rating),Skilled Worker
Mortlake Recycling Services,Reading,,Worker (A rating),Skilled Worker
Verewood Building (North),Cambridge,Avon,Worker (B rating),Skilled Worker
Mortlake Logistics (North),Bristol,Cambridgeshire,Worker (B rating),Skilled Worker
Fairbourne Textiles International,Manchester,Avon,Worker (A (Premium)),Skilled Worker
Lyneham Insurance Holdings,London,Greater London,Worker (A (SME+)),Temporary Worker - Charity Worker
Calderstone Dental Practice Ltd,Cardiff,Greater London,Worker (A (Premium)),Skilled Worker
Keldwick Nurseries,Cardiff,Avon,Worker (B rating),Skilled Worker
Aberfoyle Foods,Edinburgh,Cambridgeshire,Worker (A rating),Skilled Worker
Hensingham Recycling,Reading,,Worker (A (SME+)),Skilled Worker
Lyneham Security (North),Cardiff,West Yorkshire,Worker (A (Premium)),Skilled Worker
Rushmere Textiles (South West),London,West Yorkshire,Worker (B rating),Skilled Worker
Hollowmere Pharmacy Ltd,London,West Yorkshire,Worker (A rating),Skilled Worker
Keldwick Building (South West),Bristol,West Yorkshire,Worker (B rating),Skilled Worker
Rushmere Recycling Holdings,Bristol,Cambridgeshire,Worker (A (SME+)),Skilled Worker
Jedburgh Property (South West),London,,Worker (A (Premium)),Temporary Worker - Charity Worker
Elmgate Compute,Sheffield,Cambridgeshire,Worker (B rating),Skilled Worker
Langmoor Marine International,Reading,,Worker (A (Premium)),Skilled Worker
Cranmore Retail Partners,Cambridge,,Worker (A rating),Skilled Worker
Prioryfield Dental Practice UK,Leeds,West Yorkshire,Worker (B rating),Skilled Worker
Whitmarsh Catering International,Cardiff,Greater London,Worker (A rating),Skilled Worker
Cranmore Insurance,Cardiff,West Yorkshire,Worker (A rating),Skilled Worker
Bickleigh Logistics,Manchester,,Worker (A (SME+)),Skilled Worker
Stanbrook Care Services (North),Sheffield,West Yorkshire,Worker (A rating),Skilled Worker
Bickleigh Marine,Sheffield,,Worker (B rating),Temporary Worker - Charity Worker
Jarrowfield Labs,Glasgow,,Worker (A rating),Skilled Worker
Cranmore Care Services Holdings,Oxford,West Yorkshire,Worker (B rating),Temporary Worker - Creative Worker
Ingoldsby Dental Practice Partners,Cardiff,,Worker (B rating),Global Business Mobility - Senior or Specialist Worker
Langmoor Recycling Holdings,Cambridge,Cambridgeshire,Worker (B rating),Skilled Worker
Hollowmere Recycling Partners,Oxford,Greater London,Worker (A (SME+)),Skilled Worker
Granthorpe Agriculture International,Glasgow,Greater London,Worker (A rating),Global Business Mobility - Senior or Specialist Worker
Ulverston Building (North),Cardiff,Greater London,Worker (A (SME+)),Skilled Worker
Stanbrook Logistics UK,Cambridge,West Yorkshire,Worker (A (Premium)),Scale-up Worker
Prioryfield Energy Partners,Oxford,Greater London,Worker (A rating),Skilled Worker
Langmoor Security International,Leeds,,Worker (A (Premium)),Skilled Worker
Barrowmead Healthcare Group,Cambridge,Cambridgeshire,Worker (A rating),Scale-up Worker
Mortlake Energy Holdings,Bristol,Cambridgeshire,Worker (A (SME+)),Skilled Worker
Tealby Marine,Leeds,Avon,Worker (A rating),Skilled Worker
Dunsfold Care Services (South West),Reading,West Yorkshire,Worker (B rating),Skilled Worker
Verewood Retail Ltd,Cambridge,,Worker (A rating),Skilled Worker
Duncastle Nurseries Partners,London,Greater London,Worker (A rating),Skilled Worker
Hollowmere Retail,Bristol,Avon,Worker (A rating),Temporary Worker - Charity Worker
Aberfoyle Retail,Reading,West Yorkshire,Worker (A (SME+)),Skilled Worker
Gatcombe Print UK,Edinburgh,Greater London,Worker (A (Premium)),Skilled Worker
Stanbrook Building (North),Cambridge,Avon,Worker (A rating),Temporary Worker - Creative Worker
Whitmarsh Security UK,Cambridge,,Worker (A rating),Skilled Worker
Aberfoyle Foods Services,Manchester,Cambridgeshire,Worker (A (SME+)),Skilled Worker
Rushmere Energy Partners,Birmingham,West Yorkshire,Worker (A rating),Skilled Worker
Stanbrook Nurseries,Oxford,,Worker (A (SME+)),Skilled Worker
Kirkbride Nurseries Group,Cambridge,,Worker (A rating),Skilled Worker
Fairbourne Security UK,Leeds,Avon,Worker (A rating),Skilled Worker
Barrowmead Insurance Services,Bristol,West Yorkshire,Worker (B rating),Skilled Worker
Hollowmere Motors Holdings,Cambridge,Greater London,Worker (A rating),Skilled Worker
Verewood Foods (North),Birmingham,,Worker (B rating),Temporary Worker - Creative Worker
Pemberton Digital,Reading,,Worker (B rating),Skilled Worker
Oswaldby Retail Partners,Leeds,West Yorkshire,Worker (A rating),Skilled Worker
Calderstone Logistics Services,Oxford,Cambridgeshire,Worker (A (SME+)),Skilled Worker
Keldwick Building,Leeds,Avon,Worker (A (SME+)),Skilled Worker
Calderstone Logistics Partners,Oxford,,Worker (B rating),Temporary Worker - Creative Worker
Foxbourne Energy Services,Cardiff,Cambridgeshire,Worker (A rating),Skilled Worker
Hollowmere Healthcare Ltd,London,Cambridgeshire,Worker (B rating),Skilled Worker
Ulverston Building International,Sheffield,West Yorkshire,Worker (A (SME+)),Skilled Worker
Newlyn Print International,Glasgow,West Yorkshire,Worker (A rating),Skilled Worker
Yealand Retail,Bristol,,Worker (A rating),Skilled Worker
Fenwick Recruitment,Leeds,West Yorkshire,Worker (B rating),Skilled Worker
Quenby Logistics,Reading,Cambridgeshire,Worker (A rating),Temporary Worker - Creative Worker
Foxbourne Dental Practice Holdings,Sheffield,Greater London,Worker (A rating),Skilled Worker
Bickleigh Packaging International,London,Greater London,Worker (A rating),Temporary Worker - Creative Worker
Dunsfold Veterinary UK,Cambridge,Avon,Worker (A rating),Skilled Worker
Gatcombe Marine (South West),Oxford,Cambridgeshire,Worker (A (Premium)),Skilled Worker
Bickleigh Logistics Group,Reading,West Yorkshire,Worker (A (SME+)),Skilled Worker
Jedburgh Security International,Glasgow,Cambridgeshire,Worker (A rating),Skilled Worker
Tealby Energy (South West),Edinburgh,Greater London,Worker (A rating),Skilled Worker
Ulverston Motors Ltd,Cambridge,Greater London,Worker (A (SME+)),Skilled Worker
Kirkbride Pharmacy Partners,Oxford,,Worker (A (Premium)),Skilled Worker
Barrowmead Veterinary Holdings,Leeds,,Worker (A (SME+)),Global Business Mobility - Senior or Specialist Worker
Yealand Haulage Partners,Reading,Cambridgeshire,Worker (A rating),Temporary Worker - Creative Worker
Quenby Building Ltd,Glasgow,West Yorkshire,Worker (A rating),Skilled Worker
Whitmarsh Energy,Edinburgh,West Yorkshire,Worker (A rating),Temporary Worker - Creative Worker
Hollowmere Recycling International,Glasgow,Avon,Worker (B rating),Skilled Worker
Aberfoyle Care Services Holdings,Cardiff,,Worker (A rating),Temporary Worker - Creative Worker
Bickleigh Textiles (North),Manchester,Avon,Worker (A rating),Skilled Worker
Dunmore Analytics,Oxford,,Worker (B rating),Skilled Worker
Prioryfield Packaging Partners,Leeds,,Worker (A rating),Temporary Worker - Charity Worker
Prioryfield Chemicals Holdings,Leeds,Greater London,Worker (A (SME+)),Skilled Worker
Granthorpe Haulage (North),Leeds,,Worker (A rating),Skilled Worker
Prioryfield Chemicals (North),Manchester,West Yorkshire,Worker (A (SME+)),Scale-up Worker
Eastgate Capital Partners,Edinburgh,Avon,Worker (A rating),Skilled Worker
Lyneham Textiles (North),Birmingham,Greater London,Worker (A rating),Skilled Worker
Ilminster Care Services,Cambridge,Cambridgeshire,Worker (A rating),Global Business Mobility - Senior or Specialist Worker
Langmoor Motors International,Sheffield,,Worker (A rating),Skilled Worker
Cranmore Security International,Reading,West Yorkshire,Worker (A rating),Global Business Mobility - Senior or Specialist Worker
Hensingham Textiles (South West),Cardiff,,Worker (B rating),Global Business Mobility - Senior or Specialist Worker
Fenwick Data,Leeds,Avon,Worker (A (SME+)),Skilled Worker
Gatcombe Chemicals Partners,Cambridge,West Yorkshire,Worker (A (SME+)),Skilled Worker
Rushmere Care Services,Reading,Cambridgeshire,Worker (A (SME+)),Skilled Worker
Yealand Recycling UK,London,,Worker (A (Premium)),Skilled Worker
Newlyn Chemicals Services,Cardiff,Avon,Worker (A (Premium)),Skilled Worker
Ingoldsby Care Services,Reading,Avon,Worker (A rating),Skilled Worker
Hollowmere Nurseries,Edinburgh,Cambridgeshire,Worker (B rating),Skilled Worker
Calderstone Nurseries,Glasgow,Cambridgeshire,Worker (A (SME+)),Skilled Worker
Lyneham Security (South West),Birmingham,Cambridgeshire,Worker (B rating),Skilled Worker
Ulverston Pharmacy (South West),Oxford,Greater London,Worker (A rating),Skilled Worker
Yealand Nurseries Group,Oxford,Greater London,Worker (A rating),Skilled Worker
Everleigh Dental Practice Group,Cardiff,Cambridgeshire,Worker (A rating),Skilled Worker
Ilminster Packaging Services,Edinburgh,Cambridgeshire,Worker (A rating),Skilled Worker
Foxbourne Pharmacy,Manchester,,Worker (A rating),Skilled Worker
Lyneham Property,Oxford,,Worker (A rating),Skilled Worker
Netherby Capital Partners,Reading,West Yorkshire,Worker (A (Premium)),Skilled Worker
Quenby Agriculture Holdings,Bristol,Cambridgeshire,Worker (A (SME+)),Skilled Worker
Gatcombe Motors International,Edinburgh,West Yorkshire,Worker (A rating),Skilled Worker
Granthorpe Nurseries (North),Cardiff,Cambridgeshire,Worker (A (Premium)),Skilled Worker
Verewood Catering,Birmingham,West Yorkshire,Worker (A rating),Skilled Worker
Mortlake Dental Practice UK,Sheffield,Greater London,Worker (B rating),Skilled Worker
Fairbourne Motors,London,,Worker (A rating),Skilled Worker
Gatcombe Property (North),Cambridge,Greater London,Worker (B rating),Skilled Worker
Prioryfield Energy Holdings,Birmingham,,Worker (A (Premium)),Skilled Worker
Newlyn Recycling Services,London,Greater London,Worker (A (Premium)),Skilled Worker
Dunsfold Foods UK,London,West Yorkshire,Worker (A (Premium)),Temporary Worker - Creative Worker
Hollowmere Retail (North),Cardiff,Greater London,Worker (A (Premium)),Skilled Worker
Keldwick Healthcare (North),Glasgow,West Yorkshire,Worker (B rating),Skilled Worker
Everleigh Chemicals Group,Bristol,Avon,Worker (A rating),Skilled Worker
Grindlow Labs,London,Cambridgeshire,Worker (A rating),Skilled Worker
Dovetail Labs,Bristol,Cambridgeshire,Worker (A rating),Skilled Worker
Tealby Dental Practice (South West),Cardiff,,Worker (A rating),Skilled Worker
Dunsfold Nurseries Group,London,Avon,Worker (A rating),Skilled Worker
Dunsfold Energy (South West),Cardiff,Greater London,Worker (A (SME+)),Skilled Worker
Gatcombe Textiles (South West),Cambridge,West Yorkshire,Worker (A (Premium)),Scale-up Worker
Tealby Veterinary Group,Oxford,West Yorkshire,Worker (A (Premium)),Skilled Worker
Granthorpe Nurseries Partners,Cambridge,Greater London,Worker (A (Premium)),Skilled Worker
Juniper Analytics,Glasgow,,Worker (B rating),Skilled Worker
Duncastle Property UK,Glasgow,Avon,Worker (A rating),Skilled Worker
Mortlake Veterinary (South West),Oxford,,Worker (A (SME+)),Skilled Worker
Hollowmere Agriculture (South West),Edinburgh,Cambridgeshire,Worker (B rating),Skilled Worker
Inglewood Capital Partners,Oxford,Avon,Worker (A rating),Skilled Worker
Underhill Systems,Leeds,Greater London,Worker (A (Premium)),Skilled Worker
Inglewood Software UK,Edinburgh,Cambridgeshire,Worker (A (Premium)),Skilled Worker
Prioryfield Pharmacy (South West),Birmingham,West Yorkshire,Worker (A rating),Skilled Worker
Quenby Haulage (South West),Manchester,Greater London,Worker (B rating),Scale-up Worker
Duncastle Retail Partners,Sheffield,,Worker (A (SME+)),Skilled Worker
Marlowe Compute UK,Cardiff,Avon,Worker (A (SME+)),Skilled Worker
Barrowmead Packaging (North),Oxford,Cambridgeshire,Worker (B rating),Skilled Worker
Ulverston Building Group,Edinburgh,,Worker (A rating),Skilled Worker
Prioryfield Agriculture Holdings,Reading,Cambridgeshire,Worker (A rating),Skilled Worker
Eldersley Haulage UK,Manchester,,Worker (A (Premium)),Skilled Worker
Tealby Catering UK,Glasgow,Cambridgeshire,Worker (A (SME+)),Skilled Worker
Rushmere Chemicals Services,Reading,West Yorkshire,Worker (A rating),Scale-up Worker
Cobalt Automation,Glasgow,Avon,Worker (A (Premium)),Skilled Worker
Jedburgh Catering Holdings,Edinburgh,Cambridgeshire,Worker (A rating),Temporary Worker - Creative Worker
Kirkbride Retail,Glasgow,Avon,Worker (A rating),Skilled Worker
Fairbourne Security Partners,Reading,Greater London,Worker (B rating),Skilled Worker
Dunsfold Nurseries Holdings,Reading,Greater London,Worker (A rating),Skilled Worker
Jedburgh Energy UK,London,,Worker (B rating),Temporary Worker - Creative Worker
Cranmore Dental Practice (South West),Cardiff,,Worker (A (Premium)),Skilled Worker
Quenby Pharmacy Ltd,Edinburgh,Cambridgeshire,Worker (A rating),Global Business Mobility - Senior or Specialist Worker
Ingoldsby Catering,Edinburgh,,Worker (A rating),Skilled Worker
Whitmarsh Agriculture International,London,Cambridgeshire,Worker (B rating),Skilled Worker
Granthorpe Pharmacy Group,London,West Yorkshire,Worker (A rating),Skilled Worker
Ilminster Catering Group,Oxford,Avon,Worker (A rating),Skilled Worker
Highmoor Recruitment UK,Manchester,Greater London,Worker (A (SME+)),Skilled Worker
Ingoldsby Pharmacy International,Oxford,West Yorkshire,Worker (A (Premium)),Scale-up Worker
Keldwick Packaging International,Manchester,Avon,Worker (A rating),Skilled Worker
Hollowmere Nurseries Group,Leeds,Cambridgeshire,Worker (A rating),Skilled Worker
Bickleigh Pharmacy Services,London,,Worker (A rating),Skilled Worker
Whitmarsh Textiles Ltd,Glasgow,West Yorkshire,Worker (A (SME+)),Skilled Worker
Tealby Agriculture,Glasgow,,Worker (A rating),Global Business Mobility - Senior or Specialist Worker
Prioryfield Print (South West),Cambridge,Avon,Worker (A rating),Skilled Worker
Kirkbride Foods Group,Reading,Cambridgeshire,Worker (B rating),Skilled Worker
Keldwick Veterinary Holdings,Reading,,Worker (A (Premium)),Skilled Worker
Fairbourne Catering Partners,Sheffield,Avon,Worker (A (SME+)),Skilled Worker
Bramble Systems,Reading,Cambridgeshire,Worker (A rating),Skilled Worker
Keldwick Haulage,Cardiff,,Worker (A (SME+)),Skilled Worker
Bickleigh Marine International,Manchester,Greater London,Worker (A rating),Skilled Worker
Newlyn Security (South West),Cardiff,Greater London,Worker (A rating),Skilled Worker
Fairbourne Haulage Partners,Bristol,,Worker (B rating),Temporary Worker - Charity Worker
Foxbourne Retail Partners,Bristol,Avon,Worker (A (SME+)),Skilled Worker
Ulverston Marine (North),Sheffield,,Worker (A rating),Skilled Worker
Eldersley Energy Partners,Manchester,Greater London,Worker (A rating),Skilled Worker
Newlyn Security Group,Cardiff,Cambridgeshire,Worker (B rating),Skilled Worker
Newlyn Nurseries Partners,Edinburgh,,Worker (B rating),Skilled Worker
Coldharbour Compute,Manchester,West Yorkshire,Worker (B rating),Skilled Worker
Hensingham Foods Services,Cardiff,Cambridgeshire,Worker (A rating),Skilled Worker
Mortlake Packaging International,Sheffield,Greater London,Worker (A rating),Skilled Worker
Dunsfold Haulage Partners,Edinburgh,Greater London,Worker (B rating),Temporary Worker - Charity Worker
Ingoldsby Property International,Bristol,Avon,Worker (A (SME+)),Skilled Worker
Verewood Property,London,Avon,Worker (A (SME+)),Skilled Worker
Whitmarsh Haulage International,Sheffield,West Yorkshire,Worker (A (Premium)),Skilled Worker
Verewood Marine Services,Glasgow,Greater London,Worker (A (Premium)),Skilled Worker
Granthorpe Textiles,Sheffield,Greater London,Worker (A (SME+)),Skilled Worker
Foxbourne Pharmacy Ltd,London,Cambridgeshire,Worker (A rating),Skilled Worker
Verewood Healthcare UK,Sheffield,Greater London,Worker (A (Premium)),Skilled Worker
Hollowmere Energy International,Edinburgh,Greater London,Worker (A (Premium)),Skilled Worker
Duncastle Chemicals Group,Bristol,,Worker (A (Premium)),Skilled Worker
Ingoldsby Motors UK,Birmingham,Cambridgeshire,Worker (A rating),Temporary Worker - Creative Worker
Oswaldby Retail Holdings,Leeds,Avon,Worker (A rating),Skilled Worker
Everleigh Pharmacy Holdings,Cardiff,Cambridgeshire,Worker (A (Premium)),Scale-up Worker
Fairbourne Print (South West),Reading,West Yorkshire,Worker (A (SME+)),Skilled Worker
Ulverston Energy Group,Leeds,Cambridgeshire,Worker (A (Premium)),Skilled Worker
Ingoldsby Security Holdings,London,Greater London,Worker (A (SME+)),Skilled Worker
Quenby Building Group,Oxford,Cambridgeshire,Worker (A (Premium)),Skilled Worker
Hollowmere Marine Group,Cardiff,Cambridgeshire,Worker (A rating),Skilled Worker
Yealand Insurance Partners,Leeds,Avon,Worker (B rating),Skilled Worker
Kirkbride Catering,Edinburgh,Greater London,Worker (A rating),Skilled Worker
Whitmarsh Marine Holdings,Edinburgh,,Worker (B rating),Skilled Worker
Lyneham Energy Group,Manchester,West Yorkshire,Worker (A (SME+)),Skilled Worker
Langmoor Packaging,Reading,,Worker (A rating),Skilled Worker
Keldwick Catering Partners,Sheffield,Greater London,Worker (A (SME+)),Skilled Worker
Ulverston Nurseries International,Bristol,Cambridgeshire,Worker (A rating),Skilled Worker
Dunsfold Energy Holdings,Cambridge,Avon,Worker (A (SME+)),Temporary Worker - Creative Worker
Eldersley Nurseries,Leeds,Avon,Worker (A (SME+)),Skilled Worker
Ulverston Print International,Cambridge,Greater London,Worker (A rating),Skilled Worker
Whitmarsh Recycling International,Reading,Cambridgeshire,Worker (A (Premium)),Skilled Worker
Duncastle Care Services Ltd,London,Greater London,Worker (A rating),Skilled Worker
Hensingham Pharmacy (North),Manchester,Avon,Worker (A rating),Skilled Worker
Cranmore Agriculture International,Leeds,,Worker (A rating),Skilled Worker
Hollowmere Veterinary (South West),Cardiff,Cambridgeshire,Worker (B rating),Skilled Worker
Calderstone Building Services,Edinburgh,Greater London,Worker (A (SME+)),Skilled Worker
Hollowmere Agriculture Services,Sheffield,,Worker (A rating),Skilled Worker
Bickleigh Veterinary Partners,Sheffield,Cambridgeshire,Worker (B rating),Skilled Worker
Mortlake Catering Holdings,Cambridge,West Yorkshire,Worker (A rating),Skilled Worker
Newlyn Security,Reading,Avon,Worker (A rating),Temporary Worker - Creative Worker
Aberfoyle Marine (North),Cardiff,West Yorkshire,Worker (A rating),Skilled Worker
Eldersley Logistics Holdings,Manchester,Avon,Worker (A rating),Skilled Worker
Foxbourne Healthcare Services,Glasgow,Cambridgeshire,Worker (B rating),Temporary Worker - Charity Worker
Tealby Packaging,Oxford,West Yorkshire,Worker (A (Premium)),Skilled Worker
Calderstone Motors Services,Edinburgh,,Worker (A rating),Skilled Worker
Ilminster Motors UK,London,Avon,Worker (A rating),Skilled Worker
Ilminster Energy (North),Birmingham,,Worker (A rating),Skilled Worker
Foxbourne Retail Ltd,Reading,Cambridgeshire,Worker (A (Premium)),Temporary Worker - Creative Worker
Lyneham Energy (North),Sheffield,Cambridgeshire,Worker (A rating),Skilled Worker
Yealand Healthcare Ltd,Bristol,,Worker (B rating),Skilled Worker
Barrowmead Chemicals Partners,Manchester,Avon,Worker (A rating),Global Business Mobility - Senior or Specialist Worker
Bickleigh Pharmacy Partners,Cardiff,Avon,Worker (A rating),Scale-up Worker
Gatcombe Energy UK,Cardiff,Cambridgeshire,Worker (A rating),Skilled Worker
Quenby Print International,London,Greater London,Worker (A rating),Skilled Worker
Calderstone Logistics (North),Sheffield,Cambridgeshire,Worker (A rating),Skilled Worker
Verewood Retail,Leeds,Cambridgeshire,Worker (A rating),Skilled Worker
Stanbrook Haulage Holdings,Reading,Greater London,Worker (A rating),Skilled Worker
Prioryfield Security International,Glasgow,Cambridgeshire,Worker (A rating),Skilled Worker
Tealby Print Ltd,Cambridge,Cambridgeshire,Worker (A (Premium)),Skilled Worker
Ulverston Logistics,Reading,West Yorkshire,Worker (A (SME+)),Skilled Worker
Keldwick Energy,Sheffield,Greater London,Worker (B rating),Skilled Worker
Ilminster Foods Ltd,Birmingham,Greater London,Worker (A rating),Skilled Worker
Dunsfold Haulage UK,Edinburgh,Cambridgeshire,Worker (A (SME+)),Skilled Worker
Verewood Insurance (South West),Glasgow,,Worker (A rating),Temporary Worker - Charity Worker
Jedburgh Healthcare Group,Oxford,Avon,Worker (A rating),Global Business Mobility - Senior or Specialist Worker
Ulverston Packaging,Cardiff,,Worker (B rating),Skilled Worker
Ingoldsby Recycling,Reading,West Yorkshire,Worker (A rating),Skilled Worker
Ilminster Chemicals Group,Edinburgh,Greater London,Worker (A (SME+)),Skilled Worker
Kirkbride Pharmacy Services,Reading,,Worker (A (Premium)),Skilled Worker
Jedburgh Foods Holdings,Sheffield,Greater London,Worker (B rating),Skilled Worker
Drakewell Labs,Edinburgh,,Worker (A rating),Skilled Worker
Jedburgh Haulage (South West),Leeds,,Worker (A rating),Global Business Mobility - Senior or Specialist Worker
Fairbourne Haulage UK,Cardiff,Avon,Worker (A (SME+)),Skilled Worker
Eldersley Veterinary,Manchester,Greater London,Worker (A rating),Skilled Worker
Jedburgh Packaging,Cardiff,Greater London,Worker (A rating),Skilled Worker
Quenby Marine,Sheffield,Cambridgeshire,Worker (A rating),Skilled Worker
Aberfoyle Marine (South West),Reading,Avon,Worker (B rating),Skilled Worker
Kirkbride Retail International,Oxford,West Yorkshire,Worker (A rating),Skilled Worker
Granthorpe Textiles Services,Birmingham,West Yorkshire,Worker (A rating),Skilled Worker
Duncastle Foods Holdings,Cambridge,Greater London,Worker (A (SME+)),Global Business Mobility - Senior or Specialist Worker
Hensingham Logistics UK,Bristol,Avon,Worker (A rating),Skilled Worker
Quenby Catering Services,Reading,Greater London,Worker (A rating),Skilled Worker
Fairbourne Care Services (South West),Cardiff,Greater London,Worker (A (SME+)),Skilled Worker
Fairbourne Catering Ltd,Cardiff,West Yorkshire,Worker (A (SME+)),Skilled Worker
Whitmarsh Catering Group,Cardiff,Avon,Worker (A (SME+)),Skilled Worker
Duncastle Care Services Group,London,West Yorkshire,Worker (B rating),Scale-up Worker
Everleigh Print Holdings,Oxford,West Yorkshire,Worker (A rating),Global Business Mobility - Senior or Specialist Worker
Verewood Recycling Holdings,Cambridge,,Worker (B rating),Scale-up Worker
Kirkbride Pharmacy,Manchester,Avon,Worker (B rating),Scale-up Worker
Foxbourne Motors,Glasgow,,Worker (B rating),Skilled Worker
Stanbrook Property,Manchester,Avon,Worker (A rating),Skilled Worker
Yealand Print,Leeds,,Worker (A rating),Skilled Worker
Jedburgh Care Services Group,Birmingham,West Yorkshire,Worker (A rating),Skilled Worker
Prioryfield Packaging International,Oxford,Avon,Worker (A (SME+)),Skilled Worker
Lyneham Packaging (North),Edinburgh,Avon,Worker (A (SME+)),Skilled Worker
Newlyn Haulage UK,Cardiff,West Yorkshire,Worker (A rating),Skilled Worker
Langmoor Dental Practice Partners,Leeds,Avon,Worker (A (SME+)),Skilled Worker
Bickleigh Catering Group,Sheffield,Greater London,Worker (A (Premium)),Skilled Worker
Eldersley Haulage,Manchester,West Yorkshire,Worker (B rating),Temporary Worker - Charity Worker
Aberfoyle Chemicals,Birmingham,West Yorkshire,Worker (A rating),Temporary Worker - Creative Worker
Foxbourne Nurseries UK,Oxford,,Worker (A rating),Temporary Worker - Creative Worker
Newlyn Veterinary (South West),London,,Worker (A (Premium)),Skilled Worker
Prioryfield Property Services,Edinburgh,West Yorkshire,Worker (A (Premium)),Skilled Worker
Fairbourne Foods (South West),Glasgow,Cambridgeshire,Worker (A (Premium)),Skilled Worker
Gatcombe Packaging Ltd,Cardiff,Cambridgeshire,Worker (A (SME+)),Skilled Worker
Everleigh Security Partners,Reading,West Yorkshire,Worker (A (Premium)),Temporary Worker - Charity Worker
Hensingham Marine Ltd,Birmingham,,Worker (B rating),Skilled Worker
Hensingham Packaging Services,Leeds,,Worker (A rating),Skilled Worker
Whitmarsh Marine Group,Glasgow,Cambridgeshire,Worker (A rating),Global Business Mobility - Senior or Specialist Worker
Ingoldsby Energy (South West),Sheffield,Avon,Worker (A (SME+)),Skilled Worker
Glassmoor Technologies,Edinburgh,,Worker (A rating),Skilled Worker
Whitmarsh Motors Holdings,Sheffield,Avon,Worker (A (Premium)),Skilled Worker
Foxbourne Textiles Ltd,Leeds,Greater London,Worker (A rating),Global Business Mobility - Senior or Specialist Worker
Quenby Haulage,Glasgow,,Worker (A (Premium)),Skilled Worker
Stanbrook Property (South West),Glasgow,Avon,Worker (A rating),Skilled Worker
Kingsmead Data,Edinburgh,,Worker (A rating),Skilled Worker
Duncastle Haulage UK,Birmingham,,Worker (A rating),Skilled Worker
Cranmore Building,Reading,Greater London,Worker (A rating),Skilled Worker
Eldersley Print UK,London,Cambridgeshire,Worker (B rating),Global Business Mobility - Senior or Specialist Worker
Ilminster Veterinary Holdings,Oxford,,Worker (A rating),Global Business Mobility - Senior or Specialist Worker
Barrowmead Foods Ltd,Cardiff,Avon,Worker (B rating),Temporary Worker - Charity Worker
Stanbrook Pharmacy International,Manchester,Avon,Worker (A rating),Global Business Mobility - Senior or Specialist Worker
Dunmore Instruments UK,Cardiff,Cambridgeshire,Worker (A rating),Skilled Worker
Stanbrook Veterinary International,Cardiff,West Yorkshire,Worker (A rating),Skilled Worker
Tealby Haulage Partners,Leeds,West Yorkshire,Worker (A rating),Skilled Worker
Fairbourne Packaging Services,Leeds,Cambridgeshire,Worker (A (Premium)),Skilled Worker
Hollowmere Foods Ltd,Sheffield,Avon,Worker (A rating),Skilled Worker
Stanbrook Retail Holdings,Reading,,Worker (A rating),Skilled Worker
Everleigh Foods,Leeds,Greater London,Worker (B rating),Skilled Worker
Coldharbour Data UK,Sheffield,Avon,Worker (A rating),Skilled Worker
Calderstone Chemicals International,Cambridge,,Worker (A (Premium)),Skilled Worker
Quenby Recycling Group,Leeds,Avon,Worker (A rating),Skilled Worker
Aberfoyle Building International,Bristol,West Yorkshire,Worker (A rating),Skilled Worker
Duncastle Building Group,Edinburgh,,Worker (B rating),Skilled Worker
Langmoor Nurseries,Cambridge,,Worker (A (Premium)),Skilled Worker
Kirkbride Healthcare Ltd,Leeds,Cambridgeshire,Worker (B rating),Skilled Worker
Westmere Charitable Trust,Leeds,Cambridgeshire,Worker (B rating),Skilled Worker
Dunmore Intelligence,Cambridge,Greater London,Worker (A rating),Skilled Worker
Kirkbride Pharmacy Group,Bristol,Cambridgeshire,Worker (A rating),Skilled Worker
Ulverston Retail (North),Oxford,Greater London,Worker (A (Premium)),Skilled Worker
Foxbourne Agriculture Services,Bristol,Greater London,Worker (A rating),Skilled Worker
Foxbourne Property International,Cambridge,Avon,Worker (A rating),Skilled Worker
Granthorpe Print (North),Leeds,Cambridgeshire,Worker (B rating),Skilled Worker
Barrowmead Print UK,London,Cambridgeshire,Worker (A (SME+)),Skilled Worker
Barrowmead Property Services,Sheffield,Avon,Worker (A (Premium)),Skilled Worker
Foxbourne Agriculture Holdings,Manchester,West Yorkshire,Worker (A (SME+)),Skilled Worker
Juniper Compute,Edinburgh,West Yorkshire,Worker (B rating),Skilled Worker
Cranmore Catering Services,Bristol,Avon,Worker (A (SME+)),Skilled Worker
Keldwick Healthcare Holdings,Glasgow,Cambridgeshire,Worker (A rating),Skilled Worker
Ilminster Packaging,Birmingham,West Yorkshire,Worker (A (SME+)),Temporary Worker - Creative Worker
Dunsfold Chemicals Ltd,Manchester,West Yorkshire,Worker (B rating),Skilled Worker
Ilminster Care Services Group,Birmingham,West Yorkshire,Worker (A rating),Skilled Worker
Jedburgh Retail International,Glasgow,West Yorkshire,Worker (B rating),Skilled Worker
Gatcombe Packaging (North),Reading,West Yorkshire,Worker (A rating),Skilled Worker
Lowfield Systems,Sheffield,Greater London,Worker (A rating),Skilled Worker
Mortlake Marine Ltd,Cardiff,West Yorkshire,Worker (A rating),Skilled Worker
Dovetail Software,Sheffield,Greater London,Worker (A (SME+)),Skilled Worker
Aberfoyle Catering,Oxford,Avon,Worker (A (SME+)),Temporary Worker - Charity Worker
Quillon Logic,Oxford,West Yorkshire,Worker (A rating),Skilled Worker
Keldwick Dental Practice Ltd,Manchester,Cambridgeshire,Worker (A (Premium)),Skilled Worker
Everleigh Motors Group,Cardiff,,Worker (A (Premium)),Global Business Mobility - Senior or Specialist Worker
Mortlake Nurseries Partners,Manchester,,Worker (A rating),Skilled Worker
Lyneham Logistics Group,Edinburgh,Avon,Worker (A rating),Skilled Worker
Everleigh Textiles Services,Bristol,Cambridgeshire,Worker (A rating),Skilled Worker
Barrowmead Insurance UK,London,,Worker (A rating),Skilled Worker
Fairbourne Security (South West),Cambridge,,Worker (B rating),Skilled Worker
Yealand Building,Birmingham,Greater London,Worker (A rating),Skilled Worker
Dunsfold Property Ltd,Sheffield,Greater London,Worker (A (Premium)),Skilled Worker
Jedburgh Property Partners,Birmingham,Cambridgeshire,Worker (A rating),Skilled Worker
Foxbourne Foods (South West),Oxford,West Yorkshire,Worker (A rating),Skilled Worker
Foxbourne Textiles UK,Sheffield,,Worker (B rating),Skilled Worker
Jedburgh Print (South West),Edinburgh,Greater London,Worker (A rating),Scale-up Worker
Dunsfold Building Services,Sheffield,Greater London,Worker (A rating),Skilled Worker
Hensingham Catering Services,Manchester,West Yorkshire,Worker (A rating),Skilled Worker
Oswaldby Property Services,Leeds,Avon,Worker (A (SME+)),Skilled Worker
Granthorpe Logistics International,Reading,Avon,Worker (A (Premium)),Temporary Worker - Creative Worker
Bickleigh Healthcare International,Leeds,Greater London,Worker (A (Premium)),Skilled Worker
Newlyn Healthcare Ltd,Cardiff,,Worker (A rating),Skilled Worker
Granthorpe Healthcare Group,Glasgow,Cambridgeshire,Worker (B rating),Skilled Worker
Everleigh Building,Edinburgh,West Yorkshire,Worker (A rating),Skilled Worker
Ingoldsby Retail (North),Cambridge,,Worker (A (Premium)),Skilled Worker
Quenby Dental Practice Group,Glasgow,Greater London,Worker (A rating),Skilled Worker
Rushmere Motors (South West),Manchester,,Worker (A rating),Skilled Worker
Tealby Chemicals,Reading,Cambridgeshire,Worker (B rating),Scale-up Worker
Dunsfold Insurance UK,Sheffield,Cambridgeshire,Worker (B rating),Skilled Worker
Hollowmere Catering (South West),Sheffield,Avon,Worker (A rating),Skilled Worker
Quillon Digital,Oxford,Greater London,Worker (B rating),Skilled Worker
Lyneham Retail (North),Sheffield,Greater London,Worker (A rating),Skilled Worker
Calderstone Print Group,Cambridge,Greater London,Worker (A rating),Skilled Worker
Foxbourne Veterinary Group,Leeds,Greater London,Worker (A rating),Skilled Worker
Verewood Logistics Partners,Leeds,Greater London,Worker (A rating),Skilled Worker
Hensingham Energy UK,Leeds,Avon,Worker (A (Premium)),Global Business Mobility - Senior or Specialist Worker
Barrowmead Packaging Group,Reading,Cambridgeshire,Worker (A rating),Skilled Worker
Tealby Energy Services,Edinburgh,,Worker (A rating),Skilled Worker
Keldwick Care Services UK,London,,Worker (A (SME+)),Skilled Worker
Verewood Chemicals (North),Sheffield,Greater London,Worker (B rating),Skilled Worker
Kirkbride Marine,London,Greater London,Worker (A rating),Skilled Worker
Foxbourne Insurance International,Reading,West Yorkshire,Worker (A (SME+)),Skilled Worker
Calderstone Print International,Edinburgh,Greater London,Worker (B rating),Scale-up Worker
Mortlake Print (South West),Leeds,Avon,Worker (A rating),Skilled Worker
Langmoor Packaging Holdings,Cardiff,Greater London,Worker (B rating),Skilled Worker
Ingoldsby Packaging Ltd,Reading,Greater London,Worker (A rating),Skilled Worker
Duncastle Print (South West),Sheffield,Greater London,Worker (A rating),Temporary Worker - Charity Worker
Bickleigh Pharmacy UK,Birmingham,West Yorkshire,Worker (A rating),Skilled Worker
Barrowmead Logistics,Sheffield,Avon,Worker (A rating),Skilled Worker
Harrowfield Technologies,Sheffield,,Worker (A (Premium)),Skilled Worker
Ingoldsby Print Group,Birmingham,,Worker (A (Premium)),Global Business Mobility - Senior or Specialist Worker
Cranmore Chemicals Holdings,Bristol,West Yorkshire,Worker (A rating),Global Business Mobility - Senior or Specialist Worker
Ingoldsby Packaging Partners,Sheffield,Cambridgeshire,Worker (A (SME+)),Skilled Worker
Dunsfold Care Services Ltd,Bristol,,Worker (A rating),Skilled Worker
Kirkbride Foods Services,Oxford,West Yorkshire,Worker (A (Premium)),Skilled Worker
Cranmore Packaging Ltd,Oxford,Cambridgeshire,Worker (A rating),Skilled Worker
Duncastle Dental Practice UK,Manchester,Avon,Worker (A rating),Skilled Worker
Tealby Foods (North),Oxford,West Yorkshire,Worker (A rating),Temporary Worker - Charity Worker
Hollowmere Healthcare Group,Glasgow,West Yorkshire,Worker (A (Premium)),Scale-up Worker
Aberfoyle Building UK,Sheffield,Greater London,Worker (A rating),Skilled Worker
Rushmere Agriculture Services,Reading,Cambridgeshire,Worker (A (Premium)),Skilled Worker
Cranmore Property Group,London,Cambridgeshire,Worker (A (Premium)),Skilled Worker
Ilminster Agriculture Partners,Bristol,Greater London,Worker (A rating),Temporary Worker - Creative Worker
Duncastle Motors Services,Manchester,West Yorkshire,Worker (B rating),Skilled Worker
Hollowmere Print Ltd,Manchester,West Yorkshire,Worker (A rating),Skilled Worker
Ashcombe Intelligence,Reading,Greater London,Worker (A rating),Skilled Worker
Aberfoyle Foods International,Sheffield,Greater London,Worker (A rating),Temporary Worker - Creative Worker
Prioryfield Packaging,Sheffield,West Yorkshire,Worker (A rating),Skilled Worker
Langmoor Property,Reading,West Yorkshire,Worker (A rating),Skilled Worker
Calderstone Dental Practice Services,Reading,Greater London,Worker (B rating),Skilled Worker
Foxbourne Dental Practice Partners,Bristol,Cambridgeshire,Worker (A rating),Skilled Worker
Quenby Print (North),Sheffield,,Worker (A rating),Scale-up Worker
Yealand Agriculture Partners,Bristol,Cambridgeshire,Worker (B rating),Skilled Worker
Foxbourne Pharmacy (North),Sheffield,,Worker (B rating),Skilled Worker
Cranmore Energy Holdings,Bristol,Avon,Worker (A rating),Skilled Worker
Jedburgh Pharmacy UK,Leeds,West Yorkshire,Worker (A rating),Skilled Worker
Everleigh Haulage,Reading,West Yorkshire,Worker (A (SME+)),Skilled Worker
Newlyn Textiles Services,London,West Yorkshire,Worker (A (SME+)),Skilled Worker
Cobalt Software UK,Reading,Cambridgeshire,Worker (A rating),Skilled Worker
Hollowmere Dental Practice UK,Edinburgh,,Worker (A (SME+)),Skilled Worker
Calderstone Agriculture Services,Bristol,Greater London,Worker (A rating),Skilled Worker
Keldwick Haulage (South West),Cambridge,West Yorkshire,Worker (B rating),Skilled Worker
Rushmere Motors International,Leeds,Greater London,Worker (A (SME+)),Skilled Worker
Drakewell Compute UK,Cambridge,Greater London,Worker (A rating),Skilled Worker
Lyneham Insurance UK,Oxford,West Yorkshire,Worker (A (SME+)),Skilled Worker
Keldwick Agriculture Holdings,Birmingham,Avon,Worker (A (Premium)),Skilled Worker
Langmoor Security Services,Leeds,Greater London,Worker (A (SME+)),Skilled Worker
Everleigh Energy (North),Birmingham,West Yorkshire,Worker (A (SME+)),Skilled Worker
Whitmarsh Foods Holdings,Birmingham,Cambridgeshire,Worker (B rating),Skilled Worker
Mortlake Building Partners,Glasgow,Cambridgeshire,Worker (A (SME+)),Skilled Worker
Hollowmere Motors,Glasgow,West Yorkshire,Worker (A rating),Skilled Worker
Highmoor Analytics,Sheffield,West Yorkshire,Worker (A rating),Skilled Worker
Verewood Dental Practice,Reading,,Worker (A rating),Skilled Worker
Verewood Logistics Services,Edinburgh,West Yorkshire,Worker (A (Premium)),Skilled Worker
Barrowmead Insurance Ltd,Edinburgh,Greater London,Worker (A (SME+)),Temporary Worker - Charity Worker
Aberfoyle Building Services,Cambridge,Greater London,Worker (A rating),Skilled Worker
Calderstone Haulage Group,Glasgow,,Worker (A rating),Skilled Worker
Hollowmere Agriculture UK,Cambridge,,Worker (A (SME+)),Global Business Mobility - Senior or Specialist Worker
Kirkbride Nurseries UK,Leeds,West Yorkshire,Worker (A (Premium)),Temporary Worker - Creative Worker
Kirkbride Pharmacy Ltd,Edinburgh,Avon,Worker (A rating),Temporary Worker - Charity Worker
Jedburgh Motors UK,Bristol,,Worker (A rating),Skilled Worker
Tealby Packaging Services,Cardiff,Avon,Worker (A rating),Skilled Worker
Jedburgh Logistics Group,Reading,Cambridgeshire,Worker (A (SME+)),Skilled Worker
Stanbrook Haulage (North),Cardiff,West Yorkshire,Worker (B rating),Temporary Worker - Charity Worker
Yealand Security Holdings,Oxford,Greater London,Worker (A (SME+)),Skilled Worker
Ingoldsby Agriculture Partners,Reading,Cambridgeshire,Worker (A (SME+)),Skilled Worker
Tealby Print,Birmingham,,Worker (A rating),Skilled Worker
Lyneham Building Services,Sheffield,West Yorkshire,Worker (B rating),Skilled Worker
Yealand Veterinary Holdings,Cardiff,,Worker (A rating),Skilled Worker
Aberfoyle Energy (South West),Oxford,Greater London,Worker (A (Premium)),Skilled Worker
Aberfoyle Insurance,Reading,Avon,Worker (B rating),Skilled Worker
Cranmore Property,Oxford,Avon,Worker (A rating),Skilled Worker
Everleigh Recycling (North),Bristol,Cambridgeshire,Worker (A (Premium)),Skilled Worker
Langmoor Catering (South West),Bristol,,Worker (A rating),Skilled Worker
Fairbourne Print Services,Cardiff,,Worker (A (Premium)),Skilled Worker
Ingoldsby Agriculture UK,Manchester,,Worker (A rating),Global Business Mobility - Senior or Specialist Worker
Calderstone Nurseries Group,Bristol,West Yorkshire,Worker (A (Premium)),Skilled Worker
Barrowmead Print,Oxford,Greater London,Worker (A (Premium)),Skilled Worker
Ulverston Security International,Oxford,Cambridgeshire,Worker (A rating),Skilled Worker
Rushmere Recycling,Cambridge,,Worker (A (SME+)),Skilled Worker
Kirkbride Chemicals Partners,Glasgow,Greater London,Worker (A (SME+)),Global Business Mobility - Senior or Specialist Worker
Ulverston Print Holdings,Oxford,Greater London,Worker (A rating),Skilled Worker
Hollowmere Nurseries International,Oxford,Avon,Worker (A rating),Skilled Worker
Oswaldby Security,Glasgow,Greater London,Worker (B rating),Skilled Worker
Cranmore Energy,London,West Yorkshire,Worker (A rating),Skilled Worker
Jedburgh Marine,Cambridge,Greater London,Worker (A rating),Skilled Worker
Verewood Foods Partners,Manchester,,Worker (A (SME+)),Global Business Mobility - Senior or Specialist Worker
Fairbourne Care Services,Birmingham,Avon,Worker (A rating),Skilled Worker
Oswaldby Logistics Ltd,Edinburgh,Greater London,Worker (A (Premium)),Skilled Worker
Lyneham Energy (South West),Cardiff,West Yorkshire,Worker (A rating),Skilled Worker
Oswaldby Healthcare,Bristol,Avon,Worker (A (SME+)),Skilled Worker
Everleigh Print,Sheffield,West Yorkshire,Worker (A (SME+)),Skilled Worker
Newlyn Insurance UK,Manchester,,Worker (A (Premium)),Temporary Worker - Charity Worker
Calderstone Recycling (North),Reading,West Yorkshire,Worker (A rating),Skilled Worker
Jedburgh Packaging Ltd,Manchester,Greater London,Worker (A rating),Scale-up Worker
Bickleigh Logistics International,Bristol,Avon,Worker (B rating),Temporary Worker - Charity Worker
Stanbrook Dental Practice UK,Manchester,West Yorkshire,Worker (A rating),Skilled Worker
Oswaldby Healthcare Holdings,Bristol,West Yorkshire,Worker (A rating),Skilled Worker
Quenby Chemicals UK,Birmingham,West Yorkshire,Worker (A (Premium)),Temporary Worker - Creative Worker
Rushmere Foods UK,Oxford,West Yorkshire,Worker (A rating),Skilled Worker
Fairbourne Recycling Services,Reading,,Worker (A rating),Skilled Worker
Gatcombe Marine Ltd,Sheffield,West Yorkshire,Worker (A rating),Skilled Worker
Eldersley Recycling Ltd,Leeds,,Worker (A rating),Skilled Worker
Aberfoyle Insurance UK,Edinburgh,West Yorkshire,Worker (A rating),Skilled Worker
Mortlake Veterinary International,Cardiff,Avon,Worker (A rating),Skilled Worker
Everleigh Recycling Ltd,Glasgow,,Worker (B rating),Global Business Mobility - Senior or Specialist Worker
Aberfoyle Energy,Manchester,Avon,Worker (B rating),Temporary Worker - Charity Worker
Lyneham Agriculture,Glasgow,Avon,Worker (A rating),Skilled Worker
Lyneham Marine Services,Bristol,Avon,Worker (A rating),Skilled Worker
Langmoor Security Holdings,Glasgow,,Worker (A rating),Skilled Worker
Tealby Energy (North),Birmingham,,Worker (A rating),Skilled Worker
Calderstone Veterinary (South West),Bristol,Greater London,Worker (A (Premium)),Skilled Worker
Calderstone Property Group,Sheffield,Cambridgeshire,Worker (A (SME+)),Skilled Worker
Oswaldby Care Services Group,Leeds,Avon,Worker (B rating),Skilled Worker
Bickleigh Pharmacy (North),Leeds,Avon,Worker (A (Premium)),Skilled Worker
Ulverston Logistics (North),Bristol,Avon,Worker (A rating),Skilled Worker
Verewood Insurance Ltd,Cambridge,Greater London,Worker (A rating),Skilled Worker
Ilminster Catering Partners,Bristol,Cambridgeshire,Worker (A rating),Skilled Worker
Yealand Nurseries Ltd,Oxford,West Yorkshire,Worker (A rating),Skilled Worker
Keldwick Foods Holdings,Edinburgh,,Worker (A rating),Skilled Worker
Granthorpe Building UK,Manchester,Avon,Worker (A rating),Skilled Worker
Rushmere Healthcare,Reading,Avon,Worker (A (SME+)),Skilled Worker
Ilminster Print,London,Greater London,Worker (A rating),Skilled Worker
Stanbrook Pharmacy,Oxford,Greater London,Worker (A rating),Skilled Worker
Hensingham Print International,Cardiff,,Worker (A (SME+)),Temporary Worker - Charity Worker
Hensingham Nurseries (South West),Glasgow,,Worker (A rating),Skilled Worker
Ulverston Print,Birmingham,West Yorkshire,Worker (A (Premium)),Global Business Mobility - Senior or Specialist Worker
Barrowmead Motors Partners,Reading,West Yorkshire,Worker (A rating),Temporary Worker - Creative Worker
Calderstone Nurseries (South West),Cardiff,Avon,Worker (B rating),Skilled Worker
Ingoldsby Nurseries Holdings,Oxford,,Worker (A (SME+)),Skilled Worker
Whitmarsh Care Services Holdings,Leeds,,Worker (A rating),Skilled Worker
Everleigh Print International,Edinburgh,West Yorkshire,Worker (B rating),Skilled Worker
Duncastle Catering Holdings,Bristol,Greater London,Worker (B rating),Scale-up Worker
Ilminster Foods,Edinburgh,,Worker (A rating),Temporary Worker - Charity Worker
Kirkbride Healthcare (North),Sheffield,,Worker (B rating),Skilled Worker
Quenby Building Partners,London,Cambridgeshire,Worker (A rating),Skilled Worker
Mortlake Healthcare International,London,Greater London,Worker (A (SME+)),Global Business Mobility - Senior or Specialist Worker
Quenby Textiles Group,Birmingham,West Yorkshire,Worker (A (Premium)),Skilled Worker
Fairbourne Insurance Services,Cambridge,Greater London,Worker (A (SME+)),Skilled Worker
Everleigh Insurance Partners,Reading,Cambridgeshire,Worker (A rating),Skilled Worker
Everleigh Packaging Holdings,Reading,Avon,Worker (A rating),Skilled Worker
Yealand Veterinary Services,Birmingham,Cambridgeshire,Worker (A (SME+)),Global Business Mobility - Senior or Specialist Worker
Aberfoyle Insurance Holdings,Manchester,Avon,Worker (A rating),Skilled Worker
Kirkbride Chemicals Services,Leeds,Greater London,Worker (B rating),Skilled Worker
Duncastle Security,Edinburgh,,Worker (A rating),Skilled Worker
Ingoldsby Logistics UK,London,Avon,Worker (A rating),Scale-up Worker
Kirkbride Catering (North),Sheffield,,Worker (A rating),Skilled Worker
Newlyn Healthcare UK,London,,Worker (A rating),Skilled Worker
Duncastle Textiles,Bristol,Greater London,Worker (A rating),Skilled Worker
Ilminster Textiles (North),Leeds,,Worker (A (Premium)),Global Business Mobility - Senior or Specialist Worker
Tealby Motors,Cambridge,Greater London,Worker (A rating),Temporary Worker - Charity Worker
Barrowmead Haulage (North),Oxford,West Yorkshire,Worker (A rating),Skilled Worker
Dunsfold Textiles Services,Bristol,West Yorkshire,Worker (A rating),Skilled Worker
Jedburgh Haulage Holdings,London,Greater London,Worker (A rating),Global Business Mobility - Senior or Specialist Worker
Lyneham Nurseries Partners,London,Avon,Worker (A rating),Scale-up Worker
Mortlake Security Holdings,Edinburgh,Greater London,Worker (A (SME+)),Skilled Worker
Stanbrook Chemicals,Reading,Greater London,Worker (A (Premium)),Global Business Mobility - Senior or Specialist Worker
Ilminster Logistics Partners,Sheffield,Greater London,Worker (B rating),Temporary Worker - Charity Worker
Ingoldsby Chemicals Holdings,Cardiff,Greater London,Worker (A rating),Skilled Worker
Tealby Marine Partners,Edinburgh,Greater London,Worker (A (Premium)),Skilled Worker
Ulverston Print UK,Birmingham,,Worker (A (Premium)),Skilled Worker
Calderstone Haulage International,Bristol,Greater London,Worker (B rating),Skilled Worker
Ulverston Recycling Partners,Reading,Cambridgeshire,Worker (A (Premium)),Skilled Worker
Prioryfield Building Group,Bristol,Cambridgeshire,Worker (A (Premium)),Skilled Worker
Oswaldby Care Services,Cambridge,West Yorkshire,Worker (B rating),Skilled Worker
Rushmere Insurance Services,Bristol,Avon,Worker (A rating),Scale-up Worker
Tealby Logistics UK,Birmingham,West Yorkshire,Worker (A (SME+)),Skilled Worker
Bramble Robotics,Cardiff,Cambridgeshire,Worker (A rating),Skilled Worker
Prioryfield Retail Holdings,Sheffield,West Yorkshire,Worker (A (Premium)),Skilled Worker
Newlyn Motors Services,Leeds,West Yorkshire,Worker (A rating),Skilled Worker
Yealand Marine Group,Oxford,Greater London,Worker (A (Premium)),Skilled Worker
Calderstone Catering (South West),Reading,Cambridgeshire,Worker (A (SME+)),Skilled Worker
Keldwick Veterinary (North),Edinburgh,West Yorkshire,Worker (B rating),Skilled Worker
Ilminster Motors Partners,Leeds,Greater London,Worker (A rating),Skilled Worker
Lyneham Care Services,Oxford,Avon,Worker (B rating),Skilled Worker
Dovetail Logic,Birmingham,Avon,Worker (A (Premium)),Skilled Worker
Bickleigh Property (South West),Sheffield,,Worker (A rating),Skilled Worker
Fairbourne Building Ltd,Bristol,Greater London,Worker (A rating),Skilled Worker
Jedburgh Energy Ltd,Birmingham,West Yorkshire,Worker (A rating),Skilled Worker
Aberfoyle Catering UK,Edinburgh,West Yorkshire,Worker (A (SME+)),Skilled Worker
Dunsfold Logistics (North),Sheffield,Avon,Worker (A (SME+)),Skilled Worker
Quenby Nurseries (South West),London,West Yorkshire,Worker (A (Premium)),Skilled Worker
Eastgate Consultants UK,Leeds,Cambridgeshire,Worker (A (SME+)),Skilled Worker
Ilminster Chemicals Services,Birmingham,,Worker (A rating),Global Business Mobility - Senior or Specialist Worker
Ingoldsby Veterinary Services,Oxford,Cambridgeshire,Worker (A rating),Skilled Worker
Barrowmead Retail (South West),Manchester,,Worker (A (SME+)),Skilled Worker
Eldersley Care Services,Edinburgh,Cambridgeshire,Worker (B rating),Skilled Worker
Newlyn Security Services,Reading,Cambridgeshire,Worker (A (SME+)),Skilled Worker
Barrowmead Insurance (North),Cambridge,Greater London,Worker (A rating),Skilled Worker
Hensingham Building (South West),Oxford,Greater London,Worker (A rating),Skilled Worker
Bickleigh Retail Services,Reading,,Worker (B rating),Skilled Worker
Hollowmere Security Partners,Reading,West Yorkshire,Worker (A (SME+)),Skilled Worker
Dunsfold Logistics Services,Manchester,Avon,Worker (A (Premium)),Skilled Worker
Oswaldby Motors Holdings,Edinburgh,Avon,Worker (B rating),Skilled Worker
Ulverston Energy,Leeds,Cambridgeshire,Worker (A rating),Skilled Worker
Langmoor Insurance UK,London,Avon,Worker (A (SME+)),Skilled Worker
Langmoor Chemicals International,Bristol,West Yorkshire,Worker (A rating),Skilled Worker
Stanbrook Security UK,Glasgow,,Worker (A rating),Skilled Worker
Eldersley Insurance UK,Cambridge,Avon,Worker (B rating),Skilled Worker
Mortlake Recycling,Cardiff,,Worker (A rating),Skilled Worker
Gatcombe Agriculture UK,Sheffield,Greater London,Worker (A (SME+)),Skilled Worker
Kirkbride Foods Ltd,Bristol,West Yorkshire,Worker (B rating),Skilled Worker
Whitmarsh Care Services UK,Edinburgh,Greater London,Worker (A rating),Scale-up Worker
Stanbrook Agriculture Partners,Reading,Cambridgeshire,Worker (B rating),Skilled Worker
Cranmore Motors Ltd,Manchester,Cambridgeshire,Worker (A (SME+)),Skilled Worker
Duncastle Recycling Holdings,Cambridge,Avon,Worker (A rating),Scale-up Worker
Aberfoyle Agriculture Ltd,Manchester,West Yorkshire,Worker (A rating),Skilled Worker
Eldersley Veterinary (North),Oxford,,Worker (A (Premium)),Skilled Worker
Tealby Dental Practice UK,Edinburgh,Cambridgeshire,Worker (A rating),Skilled Worker
Ilminster Dental Practice Ltd,Cardiff,Cambridgeshire,Worker (B rating),Global Business Mobility - Senior or Specialist Worker
Verewood Care Services Holdings,Oxford,Cambridgeshire,Worker (A (Premium)),Global Business Mobility - Senior or Specialist Worker
Hensingham Catering UK,Oxford,Avon,Worker (A rating),Temporary Worker - Creative Worker
Whitmarsh Motors International,Glasgow,Avon,Worker (A rating),Skilled Worker
Langmoor Haulage (South West),Edinburgh,,Worker (A rating),Skilled Worker
Jedburgh Nurseries Group,Reading,Avon,Worker (B rating),Skilled Worker
Calderstone Property Partners,Manchester,Greater London,Worker (B rating),Temporary Worker - Creative Worker
Ilminster Motors,Bristol,Cambridgeshire,Worker (A rating),Skilled Worker
Aberfoyle Chemicals International,Cambridge,Cambridgeshire,Worker (A (Premium)),Skilled Worker
Eldersley Marine (North),Reading,Greater London,Worker (A (SME+)),Skilled Worker
Fairbourne Veterinary,Reading,Cambridgeshire,Worker (A (Premium)),Skilled Worker
Newlyn Motors,Sheffield,West Yorkshire,Worker (B rating),Skilled Worker
Tealby Property Group,Sheffield,,Worker (A rating),Temporary Worker - Charity Worker
Jedburgh Print,Reading,,Worker (A rating),Skilled Worker
Lyneham Insurance (North),Sheffield,Avon,Worker (A rating),Skilled Worker
Newlyn Nurseries Ltd,Edinburgh,West Yorkshire,Worker (A rating),Skilled Worker
Langmoor Foods Holdings,Oxford,Greater London,Worker (A rating),Skilled Worker
Dunsfold Property (North),Cambridge,Greater London,Worker (A rating),Temporary Worker - Charity Worker
Quenby Agriculture (South West),Bristol,Cambridgeshire,Worker (B rating),Skilled Worker
Eldersley Chemicals,Birmingham,Avon,Worker (B rating),Skilled Worker
Aberfoyle Dental Practice,Manchester,Avon,Worker (A rating),Temporary Worker - Charity Worker
Rushmere Veterinary Ltd,Sheffield,Cambridgeshire,Worker (A rating),Skilled Worker
Oswaldby Logistics UK,Reading,Greater London,Worker (A rating),Skilled Worker
Granthorpe Energy,Manchester,Cambridgeshire,Worker (A rating),Skilled Worker
Inglewood Automation,Cambridge,Cambridgeshire,Worker (A (SME+)),Skilled Worker
Calderstone Pharmacy Ltd,Cambridge,Avon,Worker (B rating),Skilled Worker
Granthorpe Veterinary Holdings,Reading,Greater London,Worker (A (SME+)),Skilled Worker
Bickleigh Care Services Ltd,Edinburgh,Greater London,Worker (A rating),Scale-up Worker
Stanbrook Logistics (North),Sheffield,,Worker (A (SME+)),Skilled Worker
Quenby Packaging (South West),Sheffield,Cambridgeshire,Worker (A (SME+)),Skilled Worker
Mortlake Textiles Ltd,Leeds,Avon,Worker (A rating),Skilled Worker
Ilminster Catering,Birmingham,Avon,Worker (A rating),Skilled Worker
Keldwick Nurseries Services,Manchester,Greater London,Worker (A rating),Global Business Mobility - Senior or Specialist Worker
Aberfoyle Haulage Holdings,Cambridge,,Worker (B rating),Temporary Worker - Charity Worker
Bickleigh Healthcare (North),Leeds,West Yorkshire,Worker (A rating),Skilled Worker
Yealand Marine UK,Bristol,West Yorkshire,Worker (A rating),Skilled Worker
Quenby Energy (North),London,Cambridgeshire,Worker (A rating),Skilled Worker
Barrowmead Haulage Services,Edinburgh,,Worker (A (Premium)),Skilled Worker
Prioryfield Marine Holdings,Glasgow,Greater London,Worker (A rating),Skilled Worker
Tealby Veterinary (South West),Bristol,Avon,Worker (A rating),Global Business Mobility - Senior or Specialist Worker
Fairbourne Security Ltd,Glasgow,Cambridgeshire,Worker (A (SME+)),Skilled Worker
Granthorpe Agriculture Services,Birmingham,Avon,Worker (A rating),Skilled Worker
Yealand Energy Partners,Reading,,Worker (A (SME+)),Skilled Worker
Gatcombe Veterinary Holdings,Glasgow,Greater London,Worker (A rating),Global Business Mobility - Senior or Specialist Worker
Barrowmead Retail Services,Cambridge,West Yorkshire,Worker (A rating),Skilled Worker
Calderstone Packaging,Bristol,Cambridgeshire,Worker (A rating),Skilled Worker
Cranmore Healthcare Services,Oxford,,Worker (B rating),Skilled Worker
Fairbourne Motors Holdings,Edinburgh,Cambridgeshire,Worker (A rating),Temporary Worker - Creative Worker
Foxbourne Packaging Services,Edinburgh,Cambridgeshire,Worker (A (Premium)),Skilled Worker
Quenby Agriculture Ltd,Glasgow,West Yorkshire,Worker (A (SME+)),Skilled Worker
Eldersley Catering International,Cardiff,,Worker (A rating),Skilled Worker
Foxbourne Healthcare Ltd,Leeds,Avon,Worker (B rating),Skilled Worker
Keldwick Agriculture,Manchester,West Yorkshire,Worker (A rating),Skilled Worker
Tealby Textiles,Cardiff,West Yorkshire,Worker (A rating),Skilled Worker
Ulverston Foods UK,Sheffield,West Yorkshire,Worker (A rating),Skilled Worker
Eldersley Retail (South West),Leeds,Avon,Worker (A (Premium)),Skilled Worker
Dunsfold Building UK,Edinburgh,Avon,Worker (A rating),Skilled Worker
Lowfield Automation,Birmingham,,Worker (A (SME+)),Skilled Worker
Ulverston Retail UK,Edinburgh,Avon,Worker (A (SME+)),Scale-up Worker
Yealand Motors (South West),Sheffield,,Worker (A (SME+)),Skilled Worker
Yealand Textiles UK,Cambridge,,Worker (B rating),Skilled Worker
Everleigh Pharmacy,Bristol,Cambridgeshire,Worker (A rating),Skilled Worker
Kestrel Holdings Ltd T/A Yarrow Compute,Birmingham,Avon,Worker (A rating),Skilled Worker
Calderstone Dental Practice (North),Cardiff,,Worker (A rating),Skilled Worker
Calderstone Building Ltd,Glasgow,Cambridgeshire,Worker (A (SME+)),Temporary Worker - Charity Worker
Bickleigh Catering International,Reading,,Worker (A rating),Skilled Worker
Oswaldby Foods (North),Glasgow,,Worker (A rating),Skilled Worker
Gatcombe Chemicals Group,London,,Worker (B rating),Skilled Worker
Duncastle Insurance,Leeds,Greater London,Worker (A rating),Skilled Worker
Newlyn Recycling (North),Birmingham,Cambridgeshire,Worker (A rating),Scale-up Worker
Quenby Catering Group,Cardiff,Avon,Worker (A rating),Skilled Worker
Oswaldby Agriculture Group,London,Avon,Worker (A (SME+)),Skilled Worker
Kirkbride Dental Practice Group,Oxford,Greater London,Worker (A rating),Skilled Worker
Newlyn Property Services,Glasgow,,Worker (A rating),Skilled Worker
Tealby Veterinary,Reading,Avon,Worker (B rating),Skilled Worker
Granthorpe Security UK,London,West Yorkshire,Worker (A rating),Skilled Worker
Tealby Insurance Services,Cambridge,Avon,Worker (B rating),Skilled Worker
Barrowmead Recycling International,Cambridge,West Yorkshire,Worker (A (SME+)),Skilled Worker
Fairbourne Agriculture UK,Birmingham,Greater London,Worker (B rating),Skilled Worker
Gatcombe Logistics International,Leeds,West Yorkshire,Worker (A (SME+)),Skilled Worker
Meridian Dynamics,Cardiff,West Yorkshire,Worker (B rating),Skilled Worker
Cranmore Dental Practice Ltd,Leeds,,Worker (A rating),Skilled Worker
Ingoldsby Nurseries International,Edinburgh,West Yorkshire,Worker (A rating),Temporary Worker - Charity Worker
Hensingham Property International,Edinburgh,Cambridgeshire,Worker (A (SME+)),Skilled Worker
Hensingham Recycling UK,Birmingham,Greater London,Worker (A rating),Skilled Worker
Coldharbour Instruments,Reading,Greater London,Worker (A rating),Skilled Worker
Barrowmead Insurance,Birmingham,West Yorkshire,Worker (A rating),Skilled Worker
Newlyn Logistics International,Cambridge,Avon,Worker (A rating),Skilled Worker
Bickleigh Agriculture UK,Oxford,,Worker (A rating),Skilled Worker
Cranmore Catering International,Manchester,Avon,Worker (A rating),Skilled Worker
Whitmarsh Dental Practice Group,Edinburgh,Greater London,Worker (A (SME+)),Skilled Worker
Duncastle Retail (North),Birmingham,West Yorkshire,Worker (A (SME+)),Scale-up Worker
Dunsfold Dental Practice (North),Edinburgh,Greater London,Worker (A rating),Skilled Worker
Granthorpe Haulage (South West),Oxford,Avon,Worker (A (Premium)),Skilled Worker
Keldwick Marine,Reading,Cambridgeshire,Worker (A rating),Skilled Worker
Cranmore Motors,Manchester,Avon,Worker (B rating),Skilled Worker
Bickleigh Veterinary (North),Birmingham,Greater London,Worker (A (SME+)),Skilled Worker
Verewood Nurseries Partners,Oxford,Avon,Worker (A rating),Skilled Worker
Jedburgh Dental Practice UK,Leeds,Avon,Worker (B rating),Skilled Worker
Keldwick Packaging Group,London,Greater London,Worker (A rating),Skilled Worker
Jedburgh Packaging (North),Bristol,Cambridgeshire,Worker (A rating),Skilled Worker
Rushmere Pharmacy (North),Birmingham,Cambridgeshire,Worker (A rating),Skilled Worker
Kestrel Dynamics,Cambridge,West Yorkshire,Worker (A rating),Skilled Worker
Granthorpe Insurance Holdings,Sheffield,Greater London,Worker (B rating),Skilled Worker
Kirkbride Print Partners,Cardiff,Greater London,Worker (A (Premium)),Skilled Worker
Kirkbride Security International,Glasgow,Avon,Worker (B rating),Scale-up Worker
Lyneham Recycling,Bristol,Cambridgeshire,Worker (A rating),Skilled Worker
Gatcombe Nurseries Holdings,Oxford,,Worker (A rating),Skilled Worker
Pemberton Holdings Ltd T/A Westmere Robotics,Bristol,,Worker (A rating),Skilled Worker
Foxbourne Packaging,Cambridge,Avon,Worker (B rating),Skilled Worker
Quenby Dental Practice (South West),Oxford,West Yorkshire,Worker (A (SME+)),Skilled Worker
Verewood Chemicals,Bristol,Avon,Worker (A rating),Skilled Worker
Fairbourne Building International,Manchester,West Yorkshire,Worker (A (SME+)),Skilled Worker
Quenby Chemicals Ltd,Leeds,,Worker (A rating),Skilled Worker
Barrowmead Insurance (South West),Birmingham,Greater London,Worker (B rating),Skilled Worker
Granthorpe Textiles (North),Sheffield,West Yorkshire,Worker (B rating),Skilled Worker
Verewood Building Group,Reading,Greater London,Worker (A rating),Skilled Worker
Cranmore Building International,Cambridge,Greater London,Worker (A (SME+)),Skilled Worker
Gatcombe Dental Practice International,Bristol,West Yorkshire,Worker (A rating),Temporary Worker - Charity Worker
Barrowmead Recycling (North),Cambridge,Greater London,Worker (A rating),Scale-up Worker
Ulverston Marine Services,Cardiff,Avon,Worker (A rating),Skilled Worker
Duncastle Healthcare Holdings,Cambridge,West Yorkshire,Worker (A rating),Skilled Worker
Jedburgh Care Services Holdings,Cambridge,West Yorkshire,Worker (A rating),Skilled Worker
Aberfoyle Logistics (South West),London,West Yorkshire,Worker (A rating),Skilled Worker
Ulverston Packaging (South West),Birmingham,West Yorkshire,Worker (A rating),Skilled Worker
Fenwick Intelligence,Glasgow,West Yorkshire,Worker (A (SME+)),Skilled Worker
Hensingham Print UK,Birmingham,Greater London,Worker (B rating),Skilled Worker
Fairbourne Haulage (South West),Glasgow,Cambridgeshire,Worker (A (Premium)),Skilled Worker
Calderstone Healthcare Services,Reading,Cambridgeshire,Worker (B rating),Skilled Worker
Calderstone Building Partners,Birmingham,West Yorkshire,Worker (B rating),Skilled Worker
Ulverston Chemicals (North),Birmingham,Cambridgeshire,Worker (A rating),Skilled Worker
Yealand Textiles Ltd,Bristol,,Worker (A rating),Skilled Worker
Bickleigh Print Group,Birmingham,,Worker (A rating),Skilled Worker
Inglewood Holdings Ltd T/A Westmere Digital,Cambridge,Greater London,Worker (A rating),Skilled Worker
Prioryfield Chemicals,Glasgow,Greater London,Worker (A rating),Scale-up Worker
Barrowmead Building Partners,Reading,,Worker (A (Premium)),Skilled Worker
Granthorpe Marine (South West),Manchester,Greater London,Worker (A rating),Skilled Worker
Cranmore Property Services,Reading,West Yorkshire,Worker (A rating),Skilled Worker
Prioryfield Veterinary Services,London,Avon,Worker (A (Premium)),Skilled Worker
Fenwick Logic,Cardiff,,Worker (A rating),Skilled Worker
Brackenridge Platforms,Edinburgh,Greater London,Worker (A rating),Skilled Worker
Keldwick Textiles (South West),Cambridge,Greater London,Worker (B rating),Skilled Worker
Hensingham Nurseries UK,Oxford,Greater London,Worker (A rating),Skilled Worker
Ilminster Insurance,Cardiff,West Yorkshire,Worker (A rating),Skilled Worker
Granthorpe Haulage Partners,Sheffield,West Yorkshire,Worker (A rating),Skilled Worker
Prioryfield Print Holdings,Bristol,Cambridgeshire,Worker (B rating),Skilled Worker
Everleigh Security Group,Bristol,Cambridgeshire,Worker (A (SME+)),Skilled Worker
Hensingham Marine (South West),Sheffield,Greater London,Worker (A (Premium)),Skilled Worker
Bickleigh Marine Group,London,Cambridgeshire,Worker (B rating),Skilled Worker
Oswaldby Haulage Group,Leeds,West Yorkshire,Worker (A rating),Temporary Worker - Charity Worker
Dunmore Software UK,Cambridge,,Worker (B rating),Skilled Worker
Everleigh Haulage Ltd,Cardiff,Avon,Worker (B rating),Skilled Worker
Barrowmead Veterinary Ltd,Bristol,West Yorkshire,Worker (A rating),Skilled Worker
Quenby Foods Services,Sheffield,Avon,Worker (A (Premium)),Skilled Worker
Everleigh Retail,Manchester,Greater London,Worker (A (Premium)),Skilled Worker
Hensingham Security (North),London,Greater London,Worker (B rating),Skilled Worker
Prioryfield Chemicals UK,Edinburgh,Cambridgeshire,Worker (A (SME+)),Skilled Worker
Eldersley Logistics (North),Manchester,Avon,Worker (A rating),Skilled Worker
Oswaldby Property (North),Oxford,Greater London,Worker (B rating),Skilled Worker
Prioryfield Retail Partners,Sheffield,Avon,Worker (A rating),Skilled Worker
Fairbourne Retail,Cardiff,Cambridgeshire,Worker (A rating),Skilled Worker
Jedburgh Veterinary Services,London,,Worker (A (Premium)),Scale-up Worker
Bickleigh Foods Services,Edinburgh,Greater London,Worker (A rating),Skilled Worker
Verewood Veterinary,London,West Yorkshire,Worker (A (SME+)),Skilled Worker
Hensingham Insurance Partners,Birmingham,West Yorkshire,Worker (A (SME+)),Skilled Worker
Hensingham Dental Practice Services,Edinburgh,,Worker (A rating),Temporary Worker - Charity Worker
Ulverston Insurance UK,Cardiff,Cambridgeshire,Worker (A rating),Skilled Worker
Ulverston Marine Holdings,Edinburgh,West Yorkshire,Worker (A rating),Skilled Worker
Fairbourne Chemicals Holdings,London,West Yorkshire,Worker (A rating),Skilled Worker
Oswaldby Logistics,Manchester,Avon,Worker (A rating),Skilled Worker
Tealby Veterinary Partners,Leeds,Cambridgeshire,Worker (B rating),Skilled Worker
Highmoor Logic UK,Leeds,,Worker (A rating),Skilled Worker
Ilminster Textiles Group,Cambridge,West Yorkshire,Worker (A rating),Skilled Worker
Glassmoor Dynamics,Manchester,Cambridgeshire,Worker (A rating),Skilled Worker
Quenby Recycling Ltd,Edinburgh,West Yorkshire,Worker (A rating),Temporary Worker - Charity Worker
Lyneham Recycling (North),Reading,Greater London,Worker (A (Premium)),Skilled Worker
Lyneham Insurance,Bristol,West Yorkshire,Worker (A (SME+)),Skilled Worker
Duncastle Dental Practice (North),Edinburgh,Greater London,Worker (A rating),Scale-up Worker
Rushmere Healthcare Group,Glasgow,,Worker (A (SME+)),Skilled Worker
Granthorpe Dental Practice Ltd,London,Cambridgeshire,Worker (A (Premium)),Skilled Worker
Ulverston Haulage,Birmingham,West Yorkshire,Worker (A rating),Temporary Worker - Creative Worker
Duncastle Marine Holdings,London,Cambridgeshire,Worker (A rating),Scale-up Worker
Bickleigh Catering Holdings,Glasgow,West Yorkshire,Worker (B rating),Skilled Worker
Foxbourne Property (South West),Cambridge,Avon,Worker (B rating),Skilled Worker
Ingoldsby Marine Holdings,Sheffield,,Worker (A (SME+)),Skilled Worker
Stanbrook Textiles Services,Sheffield,Greater London,Worker (A rating),Skilled Worker
Quenby Foods (North),Oxford,Avon,Worker (A (Premium)),Temporary Worker - Creative Worker
Dunsfold Print International,Sheffield,Greater London,Worker (A rating),Scale-up Worker
Everleigh Chemicals (North),Cardiff,Cambridgeshire,Worker (A (SME+)),Skilled Worker
Newlyn Catering Group,Glasgow,Greater London,Worker (A (Premium)),Skilled Worker
Ilminster Catering (North),Manchester,Avon,Worker (A rating),Skilled Worker
Granthorpe Healthcare Holdings,London,,Worker (B rating),Skilled Worker
Quenby Nurseries Partners,Leeds,Avon,Worker (A (SME+)),Skilled Worker
Ilminster Packaging Holdings,Birmingham,Cambridgeshire,Worker (A rating),Skilled Worker
Keldwick Textiles Services,Bristol,Greater London,Worker (B rating),Scale-up Worker
Ilminster Recycling Holdings,Edinburgh,West Yorkshire,Worker (A rating),Skilled Worker
Hensingham Retail International,Cambridge,,Worker (A (Premium)),Skilled Worker
Aberfoyle Property UK,Oxford,,Worker (B rating),Skilled Worker
Stanbrook Insurance Group,Sheffield,West Yorkshire,Worker (A (Premium)),Skilled Worker
Hensingham Chemicals Services,Manchester,Cambridgeshire,Worker (A rating),Skilled Worker
Jedburgh Pharmacy International,Birmingham,Cambridgeshire,Worker (A (SME+)),Skilled Worker
Rushmere Agriculture,London,Greater London,Worker (A (SME+)),Skilled Worker
Eldersley Energy Services,Cardiff,Avon,Worker (B rating),Skilled Worker
Ironvale Technologies,Birmingham,Cambridgeshire,Worker (B rating),Skilled Worker
Calderstone Catering (North),Edinburgh,Avon,Worker (A rating),Skilled Worker
Hensingham Building Holdings,London,Cambridgeshire,Worker (A rating),Temporary Worker - Creative Worker
Calderstone Care Services (North),London,Cambridgeshire,Worker (A rating),Global Business Mobility - Senior or Specialist Worker
Prioryfield Motors Holdings,Sheffield,,Worker (A rating),Skilled Worker
Hensingham Recycling (North),Birmingham,Avon,Worker (A rating),Skilled Worker
Hollowmere Building Ltd,Bristol,West Yorkshire,Worker (A (Premium)),Skilled Worker
Hollowmere Chemicals Group,Cardiff,West Yorkshire,Worker (A rating),Skilled Worker
Dunsfold Security Services,Cardiff,West Yorkshire,Worker (B rating),Skilled Worker
Hollowmere Veterinary Ltd,Oxford,Greater London,Worker (A rating),Skilled Worker
Fairbourne Veterinary (North),Sheffield,Cambridgeshire,Worker (B rating),Skilled Worker
Stanbrook Motors Ltd,Oxford,Avon,Worker (A rating),Skilled Worker
Barrowmead Property,Leeds,,Worker (A (SME+)),Skilled Worker
Aberfoyle Pharmacy Group,Leeds,West Yorkshire,Worker (A (Premium)),Skilled Worker
Tealby Logistics (South West),Edinburgh,Avon,Worker (A rating),Skilled Worker
Whitmarsh Pharmacy Ltd,Cambridge,Avon,Worker (B rating),Skilled Worker
Aberfoyle Packaging (South West),Leeds,Greater London,Worker (A (Premium)),Skilled Worker
Ilminster Property,Glasgow,Greater London,Worker (A (Premium)),Skilled Worker
Ilminster Foods Partners,Cambridge,,Worker (A rating),Global Business Mobility - Senior or Specialist Worker
Prioryfield Recycling Services,Leeds,Cambridgeshire,Worker (A rating),Skilled Worker
Kirkbride Packaging Ltd,Reading,,Worker (A rating),Skilled Worker
Fairbourne Insurance International,Glasgow,Greater London,Worker (B rating),Skilled Worker
Whitmarsh Energy UK,Cambridge,Cambridgeshire,Worker (B rating),Skilled Worker
Jedburgh Print Holdings,Edinburgh,Cambridgeshire,Worker (B rating),Skilled Worker
Dunsfold Healthcare Holdings,Oxford,Greater London,Worker (A (Premium)),Scale-up Worker
Cranmore Chemicals Ltd,Birmingham,West Yorkshire,Worker (A rating),Skilled Worker
Barrowmead Healthcare Partners,Reading,West Yorkshire,Worker (A rating),Skilled Worker
Cranmore Care Services,Bristol,West Yorkshire,Worker (A rating),Temporary Worker - Charity Worker
Prioryfield Textiles International,Cambridge,West Yorkshire,Worker (A rating),Global Business Mobility - Senior or Specialist Worker
Quenby Catering Partners,Glasgow,Cambridgeshire,Worker (A rating),Skilled Worker
Eldersley Property Group,Glasgow,Cambridgeshire,Worker (B rating),Skilled Worker
Rushmere Security Holdings,Sheffield,Cambridgeshire,Worker (A (SME+)),Global Business Mobility - Senior or Specialist Worker
Ulverston Dental Practice Group,Reading,Cambridgeshire,Worker (A (Premium)),Skilled Worker
Eldersley Haulage (North),Sheffield,,Worker (A (Premium)),Skilled Worker
Cranmore Security Ltd,Birmingham,West Yorkshire,Worker (B rating),Skilled Worker
Prioryfield Logistics,Manchester,Cambridgeshire,Worker (A (SME+)),Skilled Worker
Rushmere Healthcare Ltd,Oxford,Cambridgeshire,Worker (A rating),Skilled Worker
Rushmere Marine,Cardiff,West Yorkshire,Worker (B rating),Skilled Worker
Jedburgh Healthcare International,Cambridge,West Yorkshire,Worker (A (Premium)),Global Business Mobility - Senior or Specialist Worker
Langmoor Textiles Ltd,Leeds,West Yorkshire,Worker (A rating),Global Business Mobility - Senior or Specialist Worker
Jedburgh Haulage Services,Edinburgh,,Worker (A (SME+)),Skilled Worker
Cranmore Foods Holdings,Manchester,Cambridgeshire,Worker (B rating),Skilled Worker
Ingoldsby Textiles Ltd,Manchester,Avon,Worker (A rating),Skilled Worker
Newlyn Insurance Partners,Glasgow,West Yorkshire,Worker (A rating),Scale-up Worker
Ingoldsby Insurance Ltd,Manchester,Greater London,Worker (B rating),Skilled Worker
Rushmere Agriculture Partners,Cardiff,,Worker (A (Premium)),Skilled Worker
Lyneham Security International,Oxford,Avon,Worker (B rating),Skilled Worker
Cranmore Motors UK,Oxford,,Worker (B rating),Skilled Worker
Whitmarsh Security Ltd,Cardiff,Avon,Worker (A rating),Skilled Worker
Quenby Print,Edinburgh,Greater London,Worker (A rating),Skilled Worker
Stanbrook Dental Practice International,Sheffield,West Yorkshire,Worker (A rating),Skilled Worker
Kirkbride Motors Services,Sheffield,Cambridgeshire,Worker (B rating),Skilled Worker
Hensingham Chemicals Partners,Birmingham,West Yorkshire,Worker (B rating),Skilled Worker
Quenby Agriculture,Cardiff,West Yorkshire,Worker (A (Premium)),Temporary Worker - Charity Worker
Cranmore Agriculture Partners,Cambridge,Greater London,Worker (A (Premium)),Scale-up Worker
Langmoor Dental Practice Group,Reading,Greater London,Worker (A rating),Skilled Worker
Rushmere Haulage (North),Bristol,Cambridgeshire,Worker (A (Premium)),Skilled Worker
Quenby Textiles (North),Leeds,,Worker (A rating),Skilled Worker
Oswaldby Veterinary UK,Sheffield,Avon,Worker (A (Premium)),Global Business Mobility - Senior or Specialist Worker
Calderstone Haulage,Leeds,Greater London,Worker (B rating),Skilled Worker
Eldersley Chemicals Group,London,,Worker (A rating),Global Business Mobility - Senior or Specialist Worker
Newlyn Insurance Group,Cardiff,Avon,Worker (A rating),Skilled Worker
Oswaldby Print Ltd,Sheffield,Cambridgeshire,Worker (A rating),Skilled Worker
Ilminster Recycling Services,Bristol,,Worker (A (SME+)),Skilled Worker
Quenby Marine (South West),Bristol,,Worker (A rating),Skilled Worker
Eldersley Motors Services,Cambridge,Cambridgeshire,Worker (A (Premium)),Skilled Worker
Kirkbride Pharmacy International,Edinburgh,Greater London,Worker (A (SME+)),Skilled Worker
Rushmere Print (South West),Sheffield,West Yorkshire,Worker (A rating),Skilled Worker
Everleigh Textiles International,Edinburgh,Avon,Worker (A rating),Skilled Worker
Hensingham Catering,Sheffield,West Yorkshire,Worker (A rating),Skilled Worker
Jedburgh Veterinary Ltd,Cambridge,Greater London,Worker (A (Premium)),Skilled Worker
Keldwick Foods (North),Bristol,Cambridgeshire,Worker (A (SME+)),Global Business Mobility - Senior or Specialist Worker
Yealand Energy Services,Manchester,Cambridgeshire,Worker (B rating),Skilled Worker
Whitmarsh Haulage Partners,Glasgow,Cambridgeshire,Worker (A (SME+)),Skilled Worker
Newlyn Catering Services,Oxford,Greater London,Worker (A rating),Skilled Worker
Mortlake Retail (North),London,,Worker (A rating),Skilled Worker
Ilminster Property (South West),Sheffield,Avon,Worker (A rating),Skilled Worker
Barrowmead Care Services (North),Manchester,Avon,Worker (A (SME+)),Skilled Worker
Newlyn Healthcare International,Cardiff,Avon,Worker (A (SME+)),Skilled Worker
Quenby Nurseries (North),Glasgow,Greater London,Worker (A (SME+)),Skilled Worker
Dunsfold Pharmacy Partners,Bristol,Cambridgeshire,Worker (A rating),Skilled Worker
Verewood Agriculture Ltd,Reading,West Yorkshire,Worker (A (SME+)),Skilled Worker
Prioryfield Textiles Holdings,Manchester,,Worker (A rating),Skilled Worker
Ilminster Building Services,Manchester,Avon,Worker (A rating),Skilled Worker
Oswaldby Packaging UK,Birmingham,West Yorkshire,Worker (A (Premium)),Skilled Worker
Aberfoyle Nurseries,Reading,Cambridgeshire,Worker (A rating),Skilled Worker
Duncastle Agriculture (North),Bristol,West Yorkshire,Worker (B rating),Skilled Worker
Oswaldby Motors,Edinburgh,Avon,Worker (A (SME+)),Skilled Worker
Newlyn Nurseries Group,Birmingham,Cambridgeshire,Worker (A rating),Skilled Worker
Rushmere Catering International,Birmingham,Avon,Worker (A (SME+)),Skilled Worker
Bickleigh Foods Holdings,Glasgow,Greater London,Worker (A (SME+)),Scale-up Worker
Lyneham Foods Services,Edinburgh,West Yorkshire,Worker (A (SME+)),Scale-up Worker
Calderstone Dental Practice UK,Cardiff,Greater London,Worker (A (Premium)),Skilled Worker
Whitmarsh Property UK,London,Cambridgeshire,Worker (A (SME+)),Skilled Worker
Verewood Energy (North),Bristol,Cambridgeshire,Worker (A (SME+)),Temporary Worker - Creative Worker
Verewood Care Services (South West),Glasgow,West Yorkshire,Worker (A rating),Skilled Worker
Jedburgh Print Services,Manchester,,Worker (A rating),Scale-up Worker
Eldersley Healthcare International,Cardiff,Greater London,Worker (B rating),Skilled Worker
Fairbourne Veterinary International,Reading,West Yorkshire,Worker (A (SME+)),Temporary Worker - Charity Worker
Foxbourne Foods,Manchester,,Worker (A (SME+)),Skilled Worker
Dunsfold Energy Services,Sheffield,Cambridgeshire,Worker (A rating),Skilled Worker
Everleigh Retail UK,Reading,Cambridgeshire,Worker (A rating),Skilled Worker
Eastgate Charitable Trust,Bristol,Avon,Worker (A rating),Skilled Worker
Prioryfield Chemicals Group,London,Avon,Worker (A rating),Skilled Worker
Quenby Marine (North),Leeds,Cambridgeshire,Worker (A rating),Skilled Worker
Lyneham Healthcare UK,Leeds,West Yorkshire,Worker (A rating),Skilled Worker
Granthorpe Retail International,Cambridge,Greater London,Worker (A rating),Skilled Worker
Quenby Dental Practice,Oxford,,Worker (A rating),Temporary Worker - Creative Worker
Gatcombe Nurseries (North),Leeds,Avon,Worker (A rating),Skilled Worker
Stanbrook Security International,Sheffield,Greater London,Worker (A rating),Skilled Worker
Fairbourne Pharmacy Ltd,London,Avon,Worker (A (SME+)),Skilled Worker
Gatcombe Marine International,London,,Worker (A (SME+)),Temporary Worker - Charity Worker
Barrowmead Recycling UK,London,Avon,Worker (A (SME+)),Temporary Worker - Creative Worker
Foxbourne Veterinary International,Cardiff,,Worker (A rating),Skilled Worker
Dunsfold Care Services,Cardiff,Greater London,Worker (A (SME+)),Skilled Worker
Aberfoyle Energy UK,London,Cambridgeshire,Worker (A (SME+)),Skilled Worker
Duncastle Energy International,Reading,West Yorkshire,Worker (A (SME+)),Temporary Worker - Creative Worker
Kirkbride Insurance (South West),Oxford,Cambridgeshire,Worker (A (Premium)),Global Business Mobility - Senior or Specialist Worker
Gatcombe Haulage Ltd,Cambridge,Greater London,Worker (A (Premium)),Global Business Mobility - Senior or Specialist Worker
Hollowmere Retail Holdings,Sheffield,Avon,Worker (B rating),Temporary Worker - Creative Worker
Langmoor Veterinary Partners,Reading,West Yorkshire,Worker (B rating),Skilled Worker
Ingoldsby Logistics Services,Glasgow,Greater London,Worker (B rating),Skilled Worker
Aberfoyle Haulage (South West),Reading,,Worker (B rating),Skilled Worker
Ulverston Agriculture,Sheffield,,Worker (A (SME+)),Skilled Worker
Eldersley Pharmacy (South West),Oxford,West Yorkshire,Worker (A (Premium)),Skilled Worker
Rushmere Foods,Edinburgh,Avon,Worker (B rating),Skilled Worker
Jedburgh Motors Group,Leeds,West Yorkshire,Worker (A rating),Skilled Worker
Gatcombe Chemicals Ltd,Cardiff,,Worker (A (Premium)),Skilled Worker
Langmoor Textiles International,Cardiff,,Worker (A (SME+)),Skilled Worker
Barrowmead Pharmacy Services,Cambridge,,Worker (A (Premium)),Temporary Worker - Creative Worker
Duncastle Veterinary Group,Oxford,Greater London,Worker (A rating),Skilled Worker
Eldersley Retail,Sheffield,Greater London,Worker (A (SME+)),Skilled Worker
Ingoldsby Veterinary Partners,Glasgow,West Yorkshire,Worker (A rating),Temporary Worker - Charity Worker
Ulverston Security,Cardiff,Cambridgeshire,Worker (A rating),Skilled Worker
Foxbourne Marine Group,Sheffield,Greater London,Worker (A rating),Skilled Worker
Fairbourne Recycling Partners,Edinburgh,,Worker (A (Premium)),Skilled Worker
Eldersley Property,Manchester,Cambridgeshire,Worker (A rating),Skilled Worker
Cranmore Catering Holdings,Leeds,Avon,Worker (A rating),Skilled Worker
Duncastle Print,Reading,,Worker (A rating),Skilled Worker
Ulverston Agriculture UK,Glasgow,Avon,Worker (A rating),Skilled Worker
Lyneham Motors,Glasgow,Avon,Worker (B rating),Skilled Worker
Stanbrook Foods,Oxford,Greater London,Worker (A (SME+)),Skilled Worker
Calderstone Print Services,Birmingham,Greater London,Worker (A rating),Scale-up Worker
Ulverston Chemicals Ltd,London,Cambridgeshire,Worker (A rating),Skilled Worker
Foxbourne Dental Practice Group,Edinburgh,Cambridgeshire,Worker (A rating),Skilled Worker
Stanbrook Retail UK,Bristol,Avon,Worker (A (Premium)),Global Business Mobility - Senior or Specialist Worker
Ingoldsby Logistics (South West),Birmingham,Greater London,Worker (A rating),Skilled Worker
Mortlake Catering UK,Manchester,Cambridgeshire,Worker (A (SME+)),Skilled Worker
Duncastle Logistics (South West),Glasgow,West Yorkshire,Worker (A rating),Skilled Worker
Jedburgh Chemicals (North),Manchester,Cambridgeshire,Worker (B rating),Skilled Worker
Cranmore Agriculture (South West),Reading,,Worker (A (Premium)),Skilled Worker
Mortlake Print UK,London,West Yorkshire,Worker (A (Premium)),Skilled Worker
Kirkbride Building UK,London,Greater London,Worker (A rating),Skilled Worker
Quenby Textiles Services,Edinburgh,Greater London,Worker (A (SME+)),Skilled Worker
Dunsfold Veterinary,Cambridge,Cambridgeshire,Worker (A rating),Skilled Worker
Cranmore Security Group,Cambridge,West Yorkshire,Worker (B rating),Skilled Worker
Calderstone Foods Holdings,Bristol,,Worker (A (Premium)),Temporary Worker - Creative Worker
Kirkbride Print UK,Cambridge,Avon,Worker (A (SME+)),Skilled Worker
Kirkbride Foods,Bristol,West Yorkshire,Worker (A rating),Skilled Worker
Barrowmead Building,Bristol,,Worker (A rating),Temporary Worker - Charity Worker
Eldersley Chemicals Ltd,Manchester,Cambridgeshire,Worker (A rating),Skilled Worker
Ilminster Property UK,London,Cambridgeshire,Worker (A (SME+)),Skilled Worker
Bickleigh Veterinary,Cambridge,West Yorkshire,Worker (B rating),Skilled Worker
Everleigh Property (North),Oxford,Avon,Worker (A rating),Skilled Worker
Stanbrook Pharmacy Holdings,Birmingham,Greater London,Worker (A rating),Temporary Worker - Charity Worker
Fairbourne Motors Services,Sheffield,West Yorkshire,Worker (A rating),Skilled Worker
Whitmarsh Building Holdings,Manchester,,Worker (A rating),Global Business Mobility - Senior or Specialist Worker
Newlyn Logistics Ltd,Cardiff,West Yorkshire,Worker (A (SME+)),Skilled Worker
Hollowmere Packaging Services,Bristol,Greater London,Worker (A rating),Skilled Worker
Quenby Pharmacy (North),Cambridge,Cambridgeshire,Worker (A (Premium)),Skilled Worker
Newlyn Haulage Group,Glasgow,Greater London,Worker (A rating),Temporary Worker - Charity Worker
Jedburgh Haulage International,Cardiff,,Worker (A (SME+)),Skilled Worker
Ulverston Healthcare Group,London,West Yorkshire,Worker (A (Premium)),Skilled Worker
Kingsmead Analytics,London,Avon,Worker (A rating),Skilled Worker
Elmgate Dynamics,Leeds,Greater London,Worker (A rating),Skilled Worker
Newlyn Pharmacy Group,Cardiff,Greater London,Worker (A rating),Skilled Worker
Hensingham Recycling Group,Leeds,,Worker (A rating),Skilled Worker
Cranmore Property Holdings,Glasgow,Greater London,Worker (B rating),Skilled Worker
Mortlake Textiles,Bristol,Avon,Worker (A rating),Skilled Worker
Oswaldby Motors (North),Birmingham,Greater London,Worker (B rating),Skilled Worker
Cranmore Agriculture Group,Oxford,Avon,Worker (A (Premium)),Skilled Worker
Barrowmead Dental Practice International,Leeds,,Worker (A (Premium)),Scale-up Worker
Duncastle Catering Partners,Bristol,Avon,Worker (A (SME+)),Global Business Mobility - Senior or Specialist Worker
Lyneham Chemicals,London,,Worker (A (SME+)),Skilled Worker
Stanbrook Retail Ltd,Oxford,Avon,Worker (A rating),Skilled Worker
Ulverston Property International,Manchester,West Yorkshire,Worker (A (SME+)),Skilled Worker
Everleigh Logistics International,Sheffield,Greater London,Worker (A (Premium)),Skilled Worker
Everleigh Catering Partners,Oxford,Greater London,Worker (A rating),Skilled Worker
Brackenridge Intelligence,Cardiff,Cambridgeshire,Worker (A rating),Skilled Worker
Everleigh Energy,Manchester,Avon,Worker (A rating),Skilled Worker
Yealand Pharmacy (South West),Leeds,West Yorkshire,Worker (A (SME+)),Skilled Worker
Ingoldsby Energy International,Bristol,Cambridgeshire,Worker (A rating),Skilled Worker
Newlyn Textiles Group,Manchester,West Yorkshire,Worker (A (SME+)),Skilled Worker
Hensingham Care Services,Birmingham,West Yorkshire,Worker (A rating),Skilled Worker
Eldersley Property International,Leeds,Avon,Worker (A (Premium)),Skilled Worker
Eldersley Healthcare UK,Manchester,Cambridgeshire,Worker (A (SME+)),Skilled Worker
Cranmore Foods Group,Cardiff,Greater London,Worker (A rating),Skilled Worker
Lyneham Property Group,Manchester,West Yorkshire,Worker (A (SME+)),Skilled Worker
Oswaldby Packaging (South West),Cambridge,Avon,Worker (A (SME+)),Skilled Worker
Eldersley Nurseries Holdings,Oxford,West Yorkshire,Worker (A (SME+)),Skilled Worker
Langmoor Building,Cambridge,Avon,Worker (A rating),Skilled Worker
Prioryfield Catering International,Leeds,Greater London,Worker (A (SME+)),Skilled Worker
Yealand Pharmacy International,Birmingham,Greater London,Worker (B rating),Global Business Mobility - Senior or Specialist Worker
Keldwick Motors Partners,Cambridge,Avon,Worker (A (Premium)),Skilled Worker
Gatcombe Chemicals International,Cambridge,Avon,Worker (A (Premium)),Skilled Worker
Barrowmead Healthcare,Reading,,Worker (A rating),Skilled Worker
Barrowmead Agriculture,Leeds,Cambridgeshire,Worker (A (Premium)),Skilled Worker
Rushmere Agriculture Holdings,Sheffield,,Worker (B rating),Skilled Worker
Langmoor Packaging UK,Bristol,,Worker (A rating),Scale-up Worker
Lyneham Pharmacy Services,Leeds,Greater London,Worker (A rating),Skilled Worker
Jedburgh Dental Practice Ltd,Cambridge,Cambridgeshire,Worker (A (SME+)),Skilled Worker
Yealand Chemicals Partners,Leeds,West Yorkshire,Worker (A rating),Global Business Mobility - Senior or Specialist Worker
Langmoor Agriculture,London,Greater London,Worker (B rating),Skilled Worker
Newlyn Catering Partners,Reading,Avon,Worker (A rating),Temporary Worker - Charity Worker
Jedburgh Security Ltd,Cardiff,Cambridgeshire,Worker (A rating),Skilled Worker
Gatcombe Insurance,Edinburgh,,Worker (A rating),Temporary Worker - Charity Worker
Keldwick Care Services Ltd,Edinburgh,Greater London,Worker (A (Premium)),Skilled Worker
Verewood Packaging (North),Birmingham,West Yorkshire,Worker (A rating),Skilled Worker
Langmoor Care Services Services,Glasgow,West Yorkshire,Worker (A rating),Skilled Worker
Eldersley Catering Ltd,Manchester,,Worker (A rating),Skilled Worker
Langmoor Print International,Reading,,Worker (A rating),Skilled Worker
Tealby Recycling,Cambridge,,Worker (A rating),Skilled Worker
Mortlake Foods (South West),Manchester,Avon,Worker (A (SME+)),Skilled Worker
Granthorpe Property Services,Sheffield,Cambridgeshire,Worker (A rating),Skilled Worker
Eastgate Instruments,Sheffield,,Worker (A rating),Skilled Worker
Ilminster Recycling,Cardiff,Greater London,Worker (B rating),Skilled Worker
Foxbourne Recycling International,Manchester,,Worker (A rating),Skilled Worker
Rushmere Logistics,Oxford,Avon,Worker (A (SME+)),Scale-up Worker
Hensingham Veterinary Ltd,Oxford,Greater London,Worker (A (Premium)),Skilled Worker
Bickleigh Haulage UK,Bristol,West Yorkshire,Worker (A rating),Skilled Worker
Hollowmere Veterinary International,Birmingham,Cambridgeshire,Worker (A (SME+)),Skilled Worker
Langmoor Recycling (North),Reading,Avon,Worker (B rating),Skilled Worker
Lyneham Care Services Holdings,Birmingham,Cambridgeshire,Worker (B rating),Skilled Worker
Fairbourne Healthcare Services,London,Greater London,Worker (A rating),Skilled Worker
Prioryfield Agriculture Services,Edinburgh,Greater London,Worker (A rating),Global Business Mobility - Senior or Specialist Worker
Granthorpe Insurance International,Birmingham,West Yorkshire,Worker (A rating),Global Business Mobility - Senior or Specialist Worker
Tealby Recycling (South West),Cardiff,,Worker (A rating),Skilled Worker
Verewood Haulage (South West),Leeds,Greater London,Worker (A (Premium)),Temporary Worker - Creative Worker
Bickleigh Haulage Group,Glasgow,Cambridgeshire,Worker (A (SME+)),Skilled Worker
Stanbrook Packaging,Oxford,Avon,Worker (A rating),Skilled Worker
Bickleigh Catering UK,Sheffield,Cambridgeshire,Worker (A rating),Skilled Worker
Hensingham Foods Ltd,Cambridge,Cambridgeshire,Worker (B rating),Skilled Worker
Yealand Logistics (South West),Birmingham,,Worker (A (SME+)),Skilled Worker
Duncastle Insurance Group,Bristol,Avon,Worker (A (SME+)),Skilled Worker
Duncastle Agriculture Services,Oxford,,Worker (B rating),Skilled Worker
Granthorpe Property (North),Cambridge,Cambridgeshire,Worker (A rating),Skilled Worker
Newlyn Chemicals,London,West Yorkshire,Worker (A (SME+)),Skilled Worker
Yealand Chemicals International,Birmingham,Cambridgeshire,Worker (A (SME+)),Global Business Mobility - Senior or Specialist Worker
Whitmarsh Healthcare Holdings,Bristol,Avon,Worker (B rating),Temporary Worker - Charity Worker
Jedburgh Veterinary,Reading,Greater London,Worker (A rating),Skilled Worker
Newlyn Energy Group,Sheffield,Cambridgeshire,Worker (A (SME+)),Temporary Worker - Charity Worker
Bickleigh Print International,Oxford,Avon,Worker (A rating),Skilled Worker
Ilminster Motors (North),Oxford,Cambridgeshire,Worker (B rating),Temporary Worker - Creative Worker
Foxbourne Print Holdings,Reading,,Worker (A (SME+)),Skilled Worker
Langmoor Agriculture UK,Manchester,Avon,Worker (A rating),Skilled Worker
Bickleigh Recycling Services,Manchester,Avon,Worker (A rating),Skilled Worker
Barrowmead Pharmacy International,London,,Worker (A rating),Skilled Worker
Stanbrook Nurseries Group,Oxford,Avon,Worker (A rating),Skilled Worker
Tealby Care Services Services,Cambridge,Avon,Worker (A rating),Temporary Worker - Charity Worker
Everleigh Agriculture,Birmingham,,Worker (B rating),Temporary Worker - Charity Worker
Gatcombe Retail Group,London,West Yorkshire,Worker (B rating),Skilled Worker
Tealby Haulage International,Bristol,Avon,Worker (A rating),Temporary Worker - Charity Worker
Fairbourne Property (South West),Sheffield,,Worker (A rating),Skilled Worker
Eldersley Pharmacy,Cambridge,,Worker (A (SME+)),Global Business Mobility - Senior or Specialist Worker
Whitmarsh Retail Ltd,Edinburgh,Avon,Worker (A (SME+)),Skilled Worker
Yealand Dental Practice (South West),Leeds,West Yorkshire,Worker (A rating),Skilled Worker
Lyneham Pharmacy (North),Edinburgh,Avon,Worker (A rating),Skilled Worker
Lyneham Veterinary Holdings,Leeds,,Worker (A (Premium)),Skilled Worker
Newlyn Marine Ltd,Bristol,Greater London,Worker (B rating),Skilled Worker
Kirkbride Retail Partners,Sheffield,,Worker (A rating),Skilled Worker
Foxbourne Print UK,Leeds,,Worker (A rating),Temporary Worker - Creative Worker
Jedburgh Care Services (North),Oxford,Avon,Worker (A rating),Skilled Worker
Gatcombe Textiles UK,Glasgow,Greater London,Worker (A (SME+)),Skilled Worker
Ilminster Security,Manchester,,Worker (A (SME+)),Skilled Worker
Granthorpe Nurseries Holdings,Reading,West Yorkshire,Worker (A (SME+)),Skilled Worker
Keldwick Property Partners,Manchester,West Yorkshire,Worker (A rating),Skilled Worker
Lyneham Dental Practice Services,Bristol,Cambridgeshire,Worker (A rating),Skilled Worker
Jedburgh Insurance UK,Manchester,Avon,Worker (A (SME+)),Skilled Worker
Foxbourne Print (North),Oxford,Greater London,Worker (A (Premium)),Skilled Worker
Lyneham Haulage Ltd,Bristol,,Worker (A (Premium)),Skilled Worker
Ulverston Property Group,London,,Worker (A (SME+)),Skilled Worker
Prioryfield Print International,Birmingham,West Yorkshire,Worker (A rating),Skilled Worker
Cranmore Foods Ltd,Edinburgh,Greater London,Worker (A rating),Skilled Worker
Aldercroft Networks,Reading,,Worker (A rating),Skilled Worker
Ilminster Pharmacy (North),Glasgow,Cambridgeshire,Worker (A (SME+)),Skilled Worker
Calderstone Print UK,Birmingham,Avon,Worker (B rating),Skilled Worker
Mortlake Care Services UK,Cardiff,Cambridgeshire,Worker (A rating),Skilled Worker
Whitmarsh Energy Holdings,Bristol,Cambridgeshire,Worker (A (SME+)),Skilled Worker
Barrowmead Security International,Cardiff,Greater London,Worker (A (SME+)),Temporary Worker - Charity Worker
Barrowmead Logistics Services,Cambridge,Cambridgeshire,Worker (A rating),Global Business Mobility - Senior or Specialist Worker
Stanbrook Recycling Ltd,Birmingham,Avon,Worker (A (SME+)),Skilled Worker
Foxbourne Motors Group,Cambridge,Avon,Worker (B rating),Skilled Worker
Lyneham Pharmacy Partners,Reading,Cambridgeshire,Worker (B rating),Global Business Mobility - Senior or Specialist Worker
Keldwick Pharmacy Group,Reading,Avon,Worker (B rating),Skilled Worker
Rushmere Pharmacy Partners,Cambridge,,Worker (A rating),Skilled Worker
Rushmere Healthcare (North),Cardiff,,Worker (A rating),Skilled Worker
Ulverston Marine Ltd,Reading,,Worker (A rating),Skilled Worker
Verewood Veterinary Services,Oxford,Cambridgeshire,Worker (A rating),Skilled Worker
Tealby Building International,Bristol,West Yorkshire,Worker (A rating),Temporary Worker - Charity Worker
Ingoldsby Packaging Group,Manchester,Cambridgeshire,Worker (A rating),Global Business Mobility - Senior or Specialist Worker
Mortlake Recycling Holdings,Reading,,Worker (A (Premium)),Skilled Worker
Barrowmead Marine UK,Birmingham,Avon,Worker (A (Premium)),Skilled Worker
Prioryfield Energy Ltd,Birmingham,Cambridgeshire,Worker (A rating),Skilled Worker
Dunsfold Textiles Partners,London,Avon,Worker (A (SME+)),Skilled Worker
Ulverston Foods Group,Manchester,West Yorkshire,Worker (B rating),Skilled Worker
Dunsfold Insurance Partners,Bristol,,Worker (A (SME+)),Skilled Worker
Fairbourne Property (North),Reading,Greater London,Worker (A rating),Skilled Worker
Bickleigh Packaging (North),Birmingham,Greater London,Worker (B rating),Skilled Worker
Keldwick Catering (North),Sheffield,West Yorkshire,Worker (B rating),Skilled Worker
Calderstone Packaging Services,Reading,West Yorkshire,Worker (A (Premium)),Skilled Worker
Granthorpe Dental Practice Partners,Bristol,,Worker (A rating),Skilled Worker
Ingoldsby Security International,Leeds,West Yorkshire,Worker (A rating),Skilled Worker
Everleigh Chemicals Holdings,Oxford,Avon,Worker (B rating),Temporary Worker - Creative Worker
Keldwick Pharmacy Partners,Bristol,Avon,Worker (A (Premium)),Scale-up Worker
Tealby Retail (South West),Cambridge,West Yorkshire,Worker (A rating),Skilled Worker
Hollowmere Dental Practice International,Reading,,Worker (A (SME+)),Scale-up Worker
Cranmore Retail Holdings,Edinburgh,West Yorkshire,Worker (A rating),Skilled Worker
Tealby Pharmacy UK,London,Greater London,Worker (B rating),Skilled Worker
Keldwick Catering,Manchester,Avon,Worker (A rating),Skilled Worker
Granthorpe Dental Practice International,Cardiff,Greater London,Worker (A (SME+)),Temporary Worker - Creative Worker
Barrowmead Recycling Ltd,Glasgow,Cambridgeshire,Worker (A rating),Skilled Worker
Mortlake Haulage Ltd,Birmingham,,Worker (A rating),Scale-up Worker
Jedburgh Insurance (South West),Leeds,Greater London,Worker (A rating),Skilled Worker
Ingoldsby Motors Group,Edinburgh,Greater London,Worker (A (SME+)),Skilled Worker
Stanbrook Pharmacy Ltd,Glasgow,Greater London,Worker (A rating),Skilled Worker
Oswaldby Veterinary Ltd,Cardiff,West Yorkshire,Worker (A rating),Global Business Mobility - Senior or Specialist Worker
Everleigh Retail Partners,Oxford,,Worker (A (SME+)),Skilled Worker
Oswaldby Property UK,Reading,Greater London,Worker (A (SME+)),Temporary Worker - Charity Worker
Ilminster Security Holdings,Reading,Greater London,Worker (A rating),Scale-up Worker
Everleigh Retail (South West),Bristol,West Yorkshire,Worker (B rating),Skilled Worker
Yealand Property International,Reading,,Worker (A (Premium)),Skilled Worker
Ilminster Dental Practice (North),Glasgow,Greater London,Worker (A (SME+)),Temporary Worker - Charity Worker
Langmoor Security (South West),Cardiff,West Yorkshire,Worker (A rating),Skilled Worker
Cranmore Foods Services,Sheffield,Avon,Worker (B rating),Scale-up Worker
Kingsmead Software,Oxford,Greater London,Worker (A rating),Skilled Worker
Yarrow Systems,Bristol,,Worker (A rating),Skilled Worker
Dunsfold Security (South West),Reading,Greater London,Worker (B rating),Skilled Worker
Ingoldsby Care Services UK,Leeds,,Worker (A rating),Skilled Worker
Cranmore Building Partners,Reading,Cambridgeshire,Worker (A (Premium)),Global Business Mobility - Senior or Specialist Worker
Oswaldby Textiles,Sheffield,Avon,Worker (A (Premium)),Skilled Worker
Duncastle Retail Ltd,Reading,,Worker (A (Premium)),Skilled Worker
Langmoor Retail International,Oxford,West Yorkshire,Worker (A rating),Skilled Worker
Eldersley Catering Services,Oxford,Greater London,Worker (A rating),Global Business Mobility - Senior or Specialist Worker
Quenby Care Services,Bristol,West Yorkshire,Worker (A rating),Skilled Worker
Aberfoyle Motors International,Bristol,,Worker (A rating),Skilled Worker
Oswaldby Retail Group,Leeds,Avon,Worker (A rating),Skilled Worker
Gatcombe Logistics Services,Bristol,West Yorkshire,Worker (A rating),Skilled Worker
Lyneham Building Ltd,Cambridge,Greater London,Worker (A rating),Skilled Worker
Thornbury Holdings Ltd T/A Ironvale Labs,Reading,,Worker (A rating),Skilled Worker
Granthorpe Dental Practice,Oxford,Cambridgeshire,Worker (A rating),Skilled Worker
Fairbourne Building Holdings,Cambridge,Avon,Worker (A rating),Skilled Worker
Yealand Haulage,Cambridge,Cambridgeshire,Worker (A (Premium)),Skilled Worker
Foxbourne Care Services Group,Cambridge,Greater London,Worker (A rating),Skilled Worker
Stanbrook Catering Partners,London,Greater London,Worker (A rating),Skilled Worker
Kirkbride Textiles UK,Bristol,Avon,Worker (A (Premium)),Skilled Worker
Hensingham Veterinary International,Reading,Avon,Worker (B rating),Skilled Worker
Whitmarsh Insurance,Manchester,Avon,Worker (B rating),Skilled Worker
Rushmere Recycling Group,Birmingham,,Worker (A rating),Skilled Worker
Verewood Recycling UK,Leeds,West Yorkshire,Worker (A (SME+)),Skilled Worker
Jedburgh Marine Services,Leeds,Cambridgeshire,Worker (A (Premium)),Temporary Worker - Creative Worker
Calderstone Print Ltd,Bristol,Cambridgeshire,Worker (A rating),Skilled Worker
Foxbourne Motors International,London,Greater London,Worker (A rating),Temporary Worker - Charity Worker
Stanbrook Recycling UK,Cambridge,West Yorkshire,Worker (A (SME+)),Global Business Mobility - Senior or Specialist Worker
Everleigh Textiles (North),Bristol,Greater London,Worker (A rating),Skilled Worker
Calderstone Recycling,Cardiff,West Yorkshire,Worker (A rating),Temporary Worker - Charity Worker
Dunsfold Energy International,Cambridge,West Yorkshire,Worker (A rating),Skilled Worker
Everleigh Recycling Services,London,Greater London,Worker (A (SME+)),Skilled Worker
Lyneham Insurance Group,Glasgow,West Yorkshire,Worker (A rating),Skilled Worker
Ulverston Pharmacy Ltd,Glasgow,West Yorkshire,Worker (A rating),Skilled Worker
Dunsfold Healthcare (South West),Birmingham,Cambridgeshire,Worker (A rating),Skilled Worker
Calderstone Pharmacy Services,Leeds,Avon,Worker (A rating),Skilled Worker
Quenby Logistics Ltd,Manchester,,Worker (A (SME+)),Skilled Worker
Quenby Security Partners,Edinburgh,Cambridgeshire,Worker (A rating),Skilled Worker
Stanbrook Chemicals Partners,Manchester,West Yorkshire,Worker (A rating),Skilled Worker
Prioryfield Nurseries,Edinburgh,Cambridgeshire,Worker (A rating),Skilled Worker
Tealby Pharmacy (North),Bristol,Cambridgeshire,Worker (A rating),Skilled Worker
Yealand Haulage (North),Manchester,Greater London,Worker (B rating),Skilled Worker
Bickleigh Packaging Services,Leeds,Cambridgeshire,Worker (A (SME+)),Skilled Worker
Newlyn Pharmacy (South West),Bristol,Cambridgeshire,Worker (A (SME+)),Skilled Worker
Newlyn Energy International,Glasgow,Greater London,Worker (A (Premium)),Skilled Worker
Calderstone Security Group,Cambridge,West Yorkshire,Worker (A rating),Scale-up Worker
Dunsfold Building Group,Cardiff,Cambridgeshire,Worker (A rating),Skilled Worker
Jedburgh Agriculture,Edinburgh,West Yorkshire,Worker (A (SME+)),Skilled Worker
Tealby Retail Services,Oxford,,Worker (A rating),Skilled Worker
Keldwick Catering International,Cambridge,,Worker (A (Premium)),Skilled Worker
Calderstone Care Services Ltd,Cambridge,,Worker (A (SME+)),Global Business Mobility - Senior or Specialist Worker
Aberfoyle Print (South West),Birmingham,,Worker (A rating),Skilled Worker
Keldwick Foods International,Birmingham,West Yorkshire,Worker (A (Premium)),Skilled Worker
Ingoldsby Print Partners,Manchester,Avon,Worker (B rating),Skilled Worker
Lyneham Pharmacy International,Cambridge,Cambridgeshire,Worker (A rating),Skilled Worker
Newlyn Care Services International,Edinburgh,Greater London,Worker (A rating),Temporary Worker - Creative Worker
Kirkbride Insurance Partners,Birmingham,West Yorkshire,Worker (A rating),Scale-up Worker
Barrowmead Healthcare UK,Oxford,Cambridgeshire,Worker (A rating),Skilled Worker
Granthorpe Healthcare Ltd,London,Greater London,Worker (A (SME+)),Skilled Worker
Rushmere Textiles Services,Bristol,Greater London,Worker (A rating),Skilled Worker
Prioryfield Insurance Partners,Cambridge,Avon,Worker (A rating),Skilled Worker
Rushmere Energy (South West),Cambridge,Cambridgeshire,Worker (A rating),Temporary Worker - Charity Worker
Dunsfold Building Holdings,Manchester,,Worker (A rating),Skilled Worker
Verewood Logistics Ltd,Leeds,Avon,Worker (A (Premium)),Skilled Worker
Everleigh Logistics,Manchester,Avon,Worker (A (SME+)),Skilled Worker
Prioryfield Packaging UK,Oxford,Cambridgeshire,Worker (B rating),Skilled Worker
Foxbourne Agriculture International,Sheffield,West Yorkshire,Worker (A rating),Skilled Worker
Aberfoyle Retail Group,Edinburgh,Avon,Worker (B rating),Skilled Worker
Ingoldsby Nurseries Group,Birmingham,West Yorkshire,Worker (A rating),Skilled Worker
Mortlake Security,Bristol,Avon,Worker (B rating),Skilled Worker
Ravenswood Networks,Cambridge,Cambridgeshire,Worker (A rating),Skilled Worker
Foxbourne Insurance (South West),Bristol,Greater London,Worker (A (Premium)),Skilled Worker
Dunsfold Insurance,Leeds,West Yorkshire,Worker (A rating),Skilled Worker
Stanbrook Catering (South West),Bristol,Cambridgeshire,Worker (A rating),Skilled Worker
Dunsfold Motors International,Manchester,West Yorkshire,Worker (A rating),Skilled Worker
Eldersley Care Services Group,Manchester,,Worker (A (Premium)),Skilled Worker
Gatcombe Insurance Group,Oxford,,Worker (A rating),Skilled Worker
Keldwick Print Group,Cambridge,,Worker (A rating),Skilled Worker
Quenby Motors Ltd,Reading,,Worker (A (SME+)),Skilled Worker
Langmoor Energy Group,Cambridge,Greater London,Worker (A rating),Skilled Worker
Everleigh Pharmacy International,Oxford,Cambridgeshire,Worker (A (SME+)),Temporary Worker - Creative Worker
Foxbourne Packaging International,Sheffield,Avon,Worker (A rating),Skilled Worker
Hensingham Pharmacy International,Oxford,Avon,Worker (A rating),Skilled Worker
Tealby Haulage (North),London,West Yorkshire,Worker (A rating),Skilled Worker
Lyneham Marine,Manchester,,Worker (A rating),Skilled Worker
Gatcombe Dental Practice Services,Edinburgh,West Yorkshire,Worker (A (Premium)),Skilled Worker
Ironvale Capital Partners,London,Greater London,Worker (A rating),Skilled Worker
Whitmarsh Motors (South West),Leeds,Cambridgeshire,Worker (A (SME+)),Skilled Worker
Whitmarsh Logistics Group,Cardiff,Greater London,Worker (A rating),Skilled Worker
Eldersley Haulage (South West),Cardiff,West Yorkshire,Worker (A rating),Skilled Worker
Yealand Building Services,Oxford,Cambridgeshire,Worker (A (Premium)),Global Business Mobility - Senior or Specialist Worker
Ingoldsby Dental Practice UK,Edinburgh,Cambridgeshire,Worker (B rating),Skilled Worker
Cranmore Energy (North),Leeds,Greater London,Worker (A (SME+)),Skilled Worker
Dunsfold Haulage Holdings,Leeds,Cambridgeshire,Worker (B rating),Global Business Mobility - Senior or Specialist Worker
Bickleigh Recycling Partners,Reading,Cambridgeshire,Worker (A (SME+)),Skilled Worker
Bickleigh Agriculture (North),Reading,,Worker (B rating),Skilled Worker
Everleigh Property,Manchester,,Worker (A rating),Skilled Worker
Dunsfold Foods Group,Sheffield,Greater London,Worker (A rating),Skilled Worker
Ilminster Chemicals Holdings,Bristol,Cambridgeshire,Worker (B rating),Skilled Worker
Hollowmere Veterinary UK,Reading,Cambridgeshire,Worker (A rating),Skilled Worker
Eldersley Security Services,Oxford,West Yorkshire,Worker (B rating),Skilled Worker
Hensingham Nurseries (North),London,West Yorkshire,Worker (A (SME+)),Skilled Worker
Bickleigh Marine Services,Manchester,,Worker (A (Premium)),Skilled Worker
Fairbourne Veterinary Partners,London,Greater London,Worker (A rating),Scale-up Worker
Keldwick Agriculture Group,London,Greater London,Worker (A rating),Skilled Worker
Langmoor Property Holdings,London,West Yorkshire,Worker (A (Premium)),Scale-up Worker
Hollowmere Building UK,London,Avon,Worker (A rating),Scale-up Worker
Tealby Packaging Ltd,Cardiff,West Yorkshire,Worker (A (Premium)),Temporary Worker - Charity Worker
Granthorpe Marine (North),Bristol,Greater London,Worker (A rating),Skilled Worker
Everleigh Veterinary Group,Leeds,Cambridgeshire,Worker (B rating),Skilled Worker
Jedburgh Logistics (North),Sheffield,,Worker (A rating),Skilled Worker
Ilminster Nurseries (South West),Cambridge,Cambridgeshire,Worker (A rating),Skilled Worker
Mortlake Pharmacy,Oxford,,Worker (A (SME+)),Skilled Worker
Everleigh Dental Practice (North),Cambridge,,Worker (B rating),Skilled Worker
Keldwick Motors Holdings,Bristol,Cambridgeshire,Worker (A (SME+)),Temporary Worker - Creative Worker
Mortlake Security Services,Leeds,,Worker (A rating),Skilled Worker
Everleigh Marine,Edinburgh,Avon,Worker (A rating),Scale-up Worker
Barrowmead Packaging UK,Edinburgh,Avon,Worker (A (Premium)),Temporary Worker - Charity Worker
Everleigh Pharmacy (South West),Bristol,Cambridgeshire,Worker (A rating),Temporary Worker - Creative Worker
Keldwick Care Services Services,Reading,Avon,Worker (A rating),Skilled Worker
Duncastle Chemicals Holdings,Glasgow,,Worker (A (Premium)),Skilled Worker
Whitmarsh Veterinary Group,Sheffield,West Yorkshire,Worker (A rating),Temporary Worker - Creative Worker
Ironvale Networks UK,Birmingham,Cambridgeshire,Worker (B rating),Skilled Worker
Kirkbride Packaging Holdings,Reading,Greater London,Worker (B rating),Skilled Worker
Langmoor Healthcare International,Edinburgh,Avon,Worker (B rating),Skilled Worker
Langmoor Haulage,Birmingham,Avon,Worker (A rating),Global Business Mobility - Senior or Specialist Worker
Ulverston Security Holdings,Cambridge,Avon,Worker (A rating),Skilled Worker
Ulverston Pharmacy UK,Oxford,Greater London,Worker (A rating),Skilled Worker
Foxbourne Veterinary Ltd,Reading,West Yorkshire,Worker (B rating),Temporary Worker - Creative Worker
Lyneham Energy,Bristol,Avon,Worker (B rating),Skilled Worker
Newlyn Building UK,Reading,Greater London,Worker (B rating),Skilled Worker
Prioryfield Building UK,Cambridge,Cambridgeshire,Worker (A rating),Skilled Worker
Ilminster Agriculture,Cambridge,,Worker (A rating),Skilled Worker
Everleigh Foods Ltd,Cambridge,West Yorkshire,Worker (A rating),Skilled Worker
Granthorpe Agriculture Holdings,Glasgow,,Worker (A rating),Skilled Worker
Calderstone Print (North),London,Avon,Worker (A rating),Skilled Worker
Oswaldby Catering (North),Birmingham,Avon,Worker (A rating),Skilled Worker
Mortlake Insurance (North),Glasgow,Greater London,Worker (A (SME+)),Skilled Worker
Yealand Textiles International,Sheffield,,Worker (A rating),Skilled Worker
Ingoldsby Nurseries (South West),Sheffield,Avon,Worker (A (Premium)),Skilled Worker
Ilminster Property Services,Cardiff,,Worker (A rating),Skilled Worker
Jedburgh Marine UK,Oxford,,Worker (A (Premium)),Skilled Worker
Ilminster Print Group,Leeds,Avon,Worker (B rating),Skilled Worker
Whitmarsh Property Ltd,Bristol,West Yorkshire,Worker (A rating),Skilled Worker
Rushmere Retail Holdings,Birmingham,West Yorkshire,Worker (A rating),Skilled Worker
Verewood Nurseries (South West),Cambridge,West Yorkshire,Worker (B rating),Skilled Worker
Ulverston Print (North),Sheffield,Avon,Worker (B rating),Skilled Worker
Fairbourne Textiles Partners,London,West Yorkshire,Worker (A rating),Skilled Worker
Eldersley Dental Practice International,Sheffield,Greater London,Worker (A (SME+)),Skilled Worker
Duncastle Textiles UK,Oxford,Avon,Worker (A rating),Skilled Worker
Lyneham Building Holdings,Glasgow,Cambridgeshire,Worker (A rating),Skilled Worker
Duncastle Agriculture (South West),Cambridge,,Worker (A rating),Skilled Worker
Gatcombe Veterinary Partners,Glasgow,West Yorkshire,Worker (A rating),Skilled Worker
Tealby Recycling Group,Manchester,Avon,Worker (A (Premium)),Skilled Worker
Prioryfield Property Ltd,Oxford,,Worker (A rating),Skilled Worker
Prioryfield Nurseries (North),Bristol,West Yorkshire,Worker (A rating),Skilled Worker
Ilminster Energy (South West),Manchester,Avon,Worker (B rating),Skilled Worker
Underhill Software,Glasgow,Avon,Worker (A (SME+)),Skilled Worker
Fairbourne Retail Partners,Birmingham,Cambridgeshire,Worker (A rating),Scale-up Worker
Keldwick Building Group,Cardiff,Cambridgeshire,Worker (A (SME+)),Scale-up Worker
Verewood Catering (South West),Leeds,Avon,Worker (A rating),Skilled Worker
Lyneham Nurseries Holdings,Cardiff,Cambridgeshire,Worker (B rating),Skilled Worker
Fenwick Labs,Leeds,West Yorkshire,Worker (A rating),Skilled Worker
Langmoor Foods UK,Cambridge,West Yorkshire,Worker (B rating),Skilled Worker
Keldwick Property Group,Glasgow,,Worker (A rating),Skilled Worker
Tealby Haulage,Edinburgh,Cambridgeshire,Worker (A (SME+)),Skilled Worker
Lyneham Building (South West),Glasgow,Greater London,Worker (A (Premium)),Skilled Worker
Mortlake Retail (South West),Glasgow,,Worker (A (SME+)),Skilled Worker
Granthorpe Dental Practice UK,Glasgow,,Worker (A rating),Skilled Worker
Keldwick Insurance Services,Birmingham,Cambridgeshire,Worker (A (SME+)),Global Business Mobility - Senior or Specialist Worker
Duncastle Catering International,Leeds,Cambridgeshire,Worker (A rating),Skilled Worker
Cranmore Print Services,Manchester,Greater London,Worker (A rating),Skilled Worker
Aberfoyle Motors Ltd,Oxford,Greater London,Worker (A (Premium)),Global Business Mobility - Senior or Specialist Worker
Kirkbride Chemicals Group,Cardiff,Greater London,Worker (B rating),Global Business Mobility - Senior or Specialist Worker
Lyneham Chemicals (South West),London,West Yorkshire,Worker (A rating),Skilled Worker
Ingoldsby Agriculture (South West),Oxford,Cambridgeshire,Worker (A (SME+)),Skilled Worker
Hensingham Haulage UK,Cardiff,Avon,Worker (B rating),Skilled Worker
Ilminster Chemicals Ltd,Glasgow,West Yorkshire,Worker (A (Premium)),Skilled Worker
Lyneham Nurseries Group,Cardiff,Avon,Worker (A (SME+)),Skilled Worker
Dunsfold Agriculture Holdings,London,,Worker (B rating),Scale-up Worker
Prioryfield Textiles Services,Oxford,Greater London,Worker (A (SME+)),Skilled Worker
Ulverston Recycling (North),Oxford,Greater London,Worker (A (Premium)),Skilled Worker
Hensingham Haulage,Cardiff,Greater London,Worker (B rating),Global Business Mobility - Senior or Specialist Worker
Cranmore Chemicals UK,London,Greater London,Worker (A rating),Skilled Worker
Rushmere Dental Practice Partners,Manchester,Greater London,Worker (A rating),Skilled Worker
Keldwick Recycling UK,Edinburgh,,Worker (A rating),Skilled Worker
Ulverston Retail,Leeds,West Yorkshire,Worker (A rating),Skilled Worker
Duncastle Energy (South West),Oxford,,Worker (A (Premium)),Skilled Worker
Eldersley Print,Cambridge,West Yorkshire,Worker (A (Premium)),Skilled Worker
Granthorpe Veterinary Partners,Cambridge,Cambridgeshire,Worker (B rating),Skilled Worker
Keldwick Haulage (North),Manchester,Cambridgeshire,Worker (B rating),Skilled Worker
Bickleigh Energy International,Glasgow,Avon,Worker (A (Premium)),Skilled Worker
Ingoldsby Care Services (South West),Manchester,,Worker (A rating),Skilled Worker
Hollowmere Healthcare UK,London,West Yorkshire,Worker (A rating),Skilled Worker
Ulverston Pharmacy Services,Manchester,Greater London,Worker (A (Premium)),Scale-up Worker
Tealby Recycling Services,Leeds,,Worker (A rating),Skilled Worker
Newlyn Nurseries,Birmingham,Greater London,Worker (B rating),Skilled Worker
Cranmore Print (North),Edinburgh,Greater London,Worker (A rating),Temporary Worker - Charity Worker
Tealby Veterinary UK,Oxford,Avon,Worker (A (Premium)),Skilled Worker
Whitmarsh Logistics Holdings,Manchester,West Yorkshire,Worker (A (SME+)),Skilled Worker
Dunsfold Care Services (North),Manchester,West Yorkshire,Worker (A (Premium)),Skilled Worker
Stanbrook Energy,Bristol,,Worker (A (Premium)),Temporary Worker - Charity Worker
Calderstone Foods,Cardiff,,Worker (A rating),Skilled Worker
Yealand Packaging International,Sheffield,Greater London,Worker (A rating),Skilled Worker
Grindlow Automation,Edinburgh,Avon,Worker (B rating),Skilled Worker
Ingoldsby Catering Ltd,Cambridge,West Yorkshire,Worker (A (SME+)),Skilled Worker
Yealand Care Services Partners,Birmingham,,Worker (A (SME+)),Skilled Worker
Bickleigh Pharmacy,Reading,Cambridgeshire,Worker (B rating),Skilled Worker
Keldwick Insurance (South West),Cardiff,Cambridgeshire,Worker (A rating),Skilled Worker
Kirkbride Logistics International,Cambridge,,Worker (A rating),Scale-up Worker
Oswaldby Energy International,Sheffield,Cambridgeshire,Worker (A rating),Skilled Worker
Newlyn Haulage Holdings,Cambridge,West Yorkshire,Worker (A rating),Temporary Worker - Creative Worker
Ulverston Marine (South West),London,Avon,Worker (A rating),Scale-up Worker
Eldersley Dental Practice UK,Birmingham,Cambridgeshire,Worker (A rating),Skilled Worker
Duncastle Logistics (North),Reading,West Yorkshire,Worker (A rating),Global Business Mobility - Senior or Specialist Worker
Eldersley Insurance,Cardiff,West Yorkshire,Worker (A rating),Skilled Worker
Everleigh Foods UK,Sheffield,Cambridgeshire,Worker (A rating),Skilled Worker
Langmoor Insurance Group,Glasgow,Cambridgeshire,Worker (A (SME+)),Skilled Worker
Barrowmead Agriculture Services,Cardiff,,Worker (B rating),Skilled Worker
Hollowmere Packaging Partners,Reading,West Yorkshire,Worker (B rating),Skilled Worker
Dunsfold Haulage Services,London,Avon,Worker (A (SME+)),Skilled Worker
Langmoor Care Services International,Oxford,,Worker (B rating),Skilled Worker
Everleigh Insurance Group,Bristol,Avon,Worker (A rating),Skilled Worker
Lyneham Print International,Bristol,West Yorkshire,Worker (A rating),Skilled Worker
Tealby Veterinary (North),Cambridge,West Yorkshire,Worker (A rating),Skilled Worker
Prioryfield Catering Group,London,Greater London,Worker (A (SME+)),Skilled Worker
Yealand Property Holdings,Cambridge,Greater London,Worker (A (Premium)),Skilled Worker
Hensingham Property UK,Birmingham,Avon,Worker (A (Premium)),Skilled Worker
Dunsfold Chemicals UK,Oxford,Greater London,Worker (A (SME+)),Skilled Worker
Foxbourne Logistics International,London,Avon,Worker (A rating),Skilled Worker
Whitmarsh Property (North),Reading,West Yorkshire,Worker (A (Premium)),Skilled Worker
Barrowmead Packaging Holdings,London,West Yorkshire,Worker (A (SME+)),Skilled Worker
Hollowmere Haulage Holdings,Oxford,Cambridgeshire,Worker (A rating),Skilled Worker
Hensingham Haulage Partners,Edinburgh,Cambridgeshire,Worker (B rating),Skilled Worker
Aberfoyle Healthcare Services,Cardiff,Cambridgeshire,Worker (A rating),Skilled Worker
Rushmere Chemicals Holdings,Cardiff,West Yorkshire,Worker (A (Premium)),Skilled Worker
Cranmore Energy Services,Sheffield,Cambridgeshire,Worker (A (SME+)),Skilled Worker
Dunsfold Print (South West),Leeds,Cambridgeshire,Worker (A rating),Skilled Worker
Ravenswood Dynamics,Manchester,Avon,Worker (A rating),Skilled Worker
Lyneham Veterinary UK,Sheffield,Avon,Worker (A rating),Skilled Worker
Calderstone Foods (North),Bristol,,Worker (A (SME+)),Skilled Worker
Everleigh Veterinary (North),Edinburgh,Greater London,Worker (A rating),Skilled Worker
Mortlake Veterinary (North),Reading,Greater London,Worker (A (Premium)),Skilled Worker
Mortlake Energy (South West),Leeds,Greater London,Worker (A rating),Skilled Worker
Ulverston Motors (South West),Leeds,West Yorkshire,Worker (A (Premium)),Skilled Worker
Eldersley Care Services UK,Cambridge,,Worker (A rating),Skilled Worker
Ulverston Foods,Manchester,West Yorkshire,Worker (B rating),Skilled Worker
Yealand Motors Holdings,Reading,Avon,Worker (A rating),Skilled Worker
Verewood Packaging International,Glasgow,West Yorkshire,Worker (A rating),Skilled Worker
Newlyn Care Services Partners,Reading,,Worker (B rating),Skilled Worker
Kirkbride Insurance Holdings,Edinburgh,West Yorkshire,Worker (A rating),Skilled Worker
Fairbourne Logistics,Manchester,West Yorkshire,Worker (B rating),Skilled Worker
Kirkbride Veterinary,Manchester,West Yorkshire,Worker (A rating),Skilled Worker
Ingoldsby Veterinary,Birmingham,Avon,Worker (B rating),Skilled Worker
Langmoor Insurance International,Birmingham,Cambridgeshire,Worker (A (SME+)),Skilled Worker
Bickleigh Textiles International,Reading,Cambridgeshire,Worker (A (Premium)),Skilled Worker
Duncastle Catering Group,Sheffield,Greater London,Worker (A rating),Skilled Worker
Cranmore Textiles (South West),London,Cambridgeshire,Worker (A (Premium)),Skilled Worker
Rushmere Catering Holdings,Cambridge,Greater London,Worker (A (SME+)),Skilled Worker
Yealand Motors International,Glasgow,Greater London,Worker (A rating),Skilled Worker
Ashcombe Compute,Sheffield,West Yorkshire,Worker (A rating),Skilled Worker
Verewood Print Partners,Birmingham,Cambridgeshire,Worker (A rating),Skilled Worker
Ingoldsby Catering (North),London,Greater London,Worker (A rating),Skilled Worker
Verewood Chemicals Holdings,Birmingham,Greater London,Worker (A rating),Global Business Mobility - Senior or Specialist Worker
Hensingham Healthcare Holdings,Leeds,West Yorkshire,Worker (A rating),Skilled Worker
Oswaldby Foods International,Reading,West Yorkshire,Worker (A (Premium)),Scale-up Worker
Tealby Marine UK,Leeds,,Worker (A rating),Skilled Worker
Langmoor Security Partners,Edinburgh,West Yorkshire,Worker (A rating),Skilled Worker
Quenby Retail (South West),Reading,,Worker (A (Premium)),Skilled Worker
Aberfoyle Agriculture,Reading,Greater London,Worker (A rating),Skilled Worker
Ravenswood Capital Partners,Sheffield,,Worker (A rating),Skilled Worker
Oswaldby Catering,Cambridge,Avon,Worker (A rating),Skilled Worker
Duncastle Logistics Holdings,Glasgow,West Yorkshire,Worker (A rating),Skilled Worker
Mortlake Motors Group,Glasgow,Cambridgeshire,Worker (A rating),Skilled Worker
Granthorpe Agriculture (North),Reading,West Yorkshire,Worker (A rating),Skilled Worker
Verewood Healthcare Ltd,Oxford,,Worker (A rating),Temporary Worker - Charity Worker
Verewood Print Ltd,Cambridge,Greater London,Worker (A rating),Skilled Worker
Granthorpe Marine Holdings,Bristol,Greater London,Worker (A rating),Skilled Worker
Gatcombe Nurseries Ltd,Cambridge,Avon,Worker (A (Premium)),Skilled Worker
Langmoor Property Partners,London,West Yorkshire,Worker (A (SME+)),Skilled Worker
Yealand Catering,Glasgow,Cambridgeshire,Worker (A rating),Skilled Worker
Cranmore Security UK,Manchester,Cambridgeshire,Worker (A rating),Skilled Worker
Cranmore Packaging,Glasgow,Avon,Worker (A rating),Skilled Worker
Kirkbride Catering Services,Edinburgh,Cambridgeshire,Worker (A (SME+)),Skilled Worker
Hollowmere Recycling (North),Edinburgh,Cambridgeshire,Worker (A (SME+)),Skilled Worker
Yealand Security Group,Glasgow,Greater London,Worker (A (SME+)),Skilled Worker
Gatcombe Textiles International,Sheffield,West Yorkshire,Worker (B rating),Scale-up Worker
Verewood Marine UK,Edinburgh,Avon,Worker (A (SME+)),Global Business Mobility - Senior or Specialist Worker
Jedburgh Nurseries Ltd,Reading,Avon,Worker (A (Premium)),Skilled Worker
Foxbourne Building International,Manchester,Cambridgeshire,Worker (A rating),Skilled Worker
Hollowmere Textiles Ltd,London,,Worker (A (Premium)),Skilled Worker
Rushmere Nurseries Services,Cambridge,Cambridgeshire,Worker (A rating),Skilled Worker
Cranmore Haulage Holdings,Glasgow,Greater London,Worker (A (SME+)),Skilled Worker
Barrowmead Healthcare Ltd,Manchester,Greater London,Worker (A (SME+)),Skilled Worker
Foxbourne Recycling (South West),Manchester,Avon,Worker (A (SME+)),Skilled Worker
Calderstone Energy (North),Leeds,Avon,Worker (B rating),Temporary Worker - Creative Worker
Stanbrook Logistics Partners,Leeds,Cambridgeshire,Worker (A (SME+)),Skilled Worker
Rushmere Energy Group,Edinburgh,West Yorkshire,Worker (A rating),Skilled Worker
Rushmere Insurance Partners,Oxford,Greater London,Worker (A (SME+)),Skilled Worker
Duncastle Packaging Services,Edinburgh,West Yorkshire,Worker (A (Premium)),Skilled Worker
Everleigh Property Holdings,Bristol,,Worker (A rating),Skilled Worker
Eldersley Print Holdings,Oxford,Cambridgeshire,Worker (A (Premium)),Temporary Worker - Charity Worker
Newlyn Foods Holdings,Oxford,Avon,Worker (A rating),Skilled Worker
Ilminster Veterinary Services,Sheffield,Avon,Worker (A (Premium)),Skilled Worker
Prioryfield Recycling Holdings,Glasgow,Avon,Worker (B rating),Skilled Worker
Whitmarsh Catering Partners,Leeds,West Yorkshire,Worker (A (SME+)),Skilled Worker
Gatcombe Recycling (North),Manchester,West Yorkshire,Worker (B rating),Skilled Worker
Westmere Recruitment,Leeds,,Worker (A (Premium)),Skilled Worker
Aberfoyle Marine International,Edinburgh,Cambridgeshire,Worker (A rating),Skilled Worker
Newlyn Motors (North),Oxford,Avon,Worker (B rating),Skilled Worker
Bickleigh Motors UK,Bristol,Cambridgeshire,Worker (A (SME+)),Skilled Worker
Quenby Print Holdings,London,Cambridgeshire,Worker (A rating),Skilled Worker
Duncastle Security International,Glasgow,Greater London,Worker (B rating),Skilled Worker
Ulverston Catering Ltd,Reading,Avon,Worker (A rating),Skilled Worker
Quenby Catering (North),Oxford,West Yorkshire,Worker (B rating),Skilled Worker
Hensingham Building Services,Manchester,Cambridgeshire,Worker (A rating),Skilled Worker
Quenby Print Group,Sheffield,,Worker (A rating),Skilled Worker
Ulverston Dental Practice UK,Glasgow,Cambridgeshire,Worker (A rating),Skilled Worker
Fairbourne Healthcare Holdings,Birmingham,,Worker (A (Premium)),Skilled Worker
Granthorpe Foods International,Edinburgh,,Worker (A rating),Skilled Worker
Whitmarsh Care Services Group,Manchester,,Worker (A rating),Skilled Worker
Lyneham Motors (South West),Edinburgh,Cambridgeshire,Worker (A rating),Skilled Worker
Gatcombe Healthcare,Leeds,West Yorkshire,Worker (A (Premium)),Skilled Worker
Calderstone Nurseries (North),Oxford,Greater London,Worker (B rating),Skilled Worker
Granthorpe Catering International,Manchester,Avon,Worker (A rating),Skilled Worker
Jedburgh Energy Holdings,Birmingham,Greater London,Worker (A rating),Skilled Worker
Ulverston Nurseries UK,Birmingham,Greater London,Worker (A rating),Skilled Worker
Aberfoyle Haulage Group,Glasgow,Cambridgeshire,Worker (B rating),Skilled Worker
Stanbrook Motors,Birmingham,West Yorkshire,Worker (A (SME+)),Global Business Mobility - Senior or Specialist Worker
Rushmere Veterinary (South West),Sheffield,West Yorkshire,Worker (A (Premium)),Skilled Worker
Everleigh Care Services (North),Manchester,,Worker (B rating),Skilled Worker
Everleigh Security Services,London,Greater London,Worker (B rating),Skilled Worker
Tealby Property Partners,London,Greater London,Worker (A rating),Skilled Worker
Keldwick Property Holdings,Sheffield,Avon,Worker (B rating),Skilled Worker
Jedburgh Logistics UK,Manchester,Avon,Worker (A (SME+)),Skilled Worker
Oswaldby Print (North),Sheffield,Cambridgeshire,Worker (A rating),Skilled Worker
Rushmere Haulage (South West),Reading,Cambridgeshire,Worker (A (Premium)),Skilled Worker
Yealand Property,Sheffield,Cambridgeshire,Worker (A rating),Skilled Worker
Dunsfold Agriculture Ltd,Cambridge,,Worker (B rating),Global Business Mobility - Senior or Specialist Worker
Barrowmead Agriculture (South West),Oxford,Cambridgeshire,Worker (A rating),Skilled Worker
Bickleigh Veterinary Group,Manchester,Avon,Worker (A (Premium)),Skilled Worker
Rushmere Print International,Leeds,Greater London,Worker (A (Premium)),Skilled Worker
Tealby Agriculture (North),Cardiff,West Yorkshire,Worker (B rating),Temporary Worker - Creative Worker
Yealand Building Holdings,Cardiff,Avon,Worker (A rating),Skilled Worker
Ulverston Insurance (North),Glasgow,Cambridgeshire,Worker (A rating),Skilled Worker
Oswaldby Security Partners,Edinburgh,Greater London,Worker (A (SME+)),Skilled Worker
Everleigh Nurseries,Cardiff,Greater London,Worker (A (SME+)),Skilled Worker
Newlyn Agriculture (South West),London,Cambridgeshire,Worker (A rating),Temporary Worker - Charity Worker
Barrowmead Motors Holdings,Bristol,Cambridgeshire,Worker (A rating),Skilled Worker
Yealand Retail Partners,Bristol,Cambridgeshire,Worker (A rating),Temporary Worker - Charity Worker
Cranmore Haulage Ltd,Leeds,West Yorkshire,Worker (A (Premium)),Skilled Worker
Hollowmere Logistics Group,Manchester,Avon,Worker (B rating),Skilled Worker
Quenby Packaging Partners,Edinburgh,,Worker (A rating),Skilled Worker
Jedburgh Haulage Partners,Sheffield,Greater London,Worker (A (Premium)),Temporary Worker - Creative Worker
Newlyn Retail Group,Manchester,West Yorkshire,Worker (A rating),Temporary Worker - Creative Worker
Netherby Intelligence,Bristol,Cambridgeshire,Worker (A rating),Skilled Worker
Dunsfold Catering Ltd,Glasgow,Greater London,Worker (A (SME+)),Temporary Worker - Creative Worker
Quenby Marine Partners,Reading,Greater London,Worker (A (SME+)),Skilled Worker
Bickleigh Motors,Sheffield,West Yorkshire,Worker (A rating),Temporary Worker - Creative Worker
Hensingham Building,Sheffield,Cambridgeshire,Worker (A rating),Skilled Worker
Newlyn Marine Partners,Sheffield,West Yorkshire,Worker (A rating),Skilled Worker
Ingoldsby Retail Group,Glasgow,Greater London,Worker (A rating),Skilled Worker
Granthorpe Building International,Reading,West Yorkshire,Worker (B rating),Skilled Worker
Ulverston Marine,Oxford,West Yorkshire,Worker (B rating),Global Business Mobility - Senior or Specialist Worker
Rushmere Haulage Group,Edinburgh,Avon,Worker (A rating),Skilled Worker
Duncastle Property Holdings,Manchester,,Worker (A rating),Skilled Worker
Granthorpe Logistics,Sheffield,Cambridgeshire,Worker (A (SME+)),Skilled Worker
Ingoldsby Recycling Partners,Birmingham,West Yorkshire,Worker (A (SME+)),Global Business Mobility - Senior or Specialist Worker
Hollowmere Pharmacy Holdings,Edinburgh,Greater London,Worker (A rating),Skilled Worker
Bickleigh Print (North),Edinburgh,Cambridgeshire,Worker (A rating),Skilled Worker
Prioryfield Care Services Holdings,Manchester,West Yorkshire,Worker (A (SME+)),Skilled Worker
Ilminster Healthcare Holdings,Oxford,West Yorkshire,Worker (A rating),Skilled Worker
Ilminster Energy Services,London,Avon,Worker (A (Premium)),Temporary Worker - Charity Worker
Jedburgh Property Holdings,Manchester,Greater London,Worker (A rating),Skilled Worker
Verewood Veterinary Partners,Birmingham,Greater London,Worker (A rating),Scale-up Worker
Ingoldsby Agriculture International,Leeds,Avon,Worker (A (SME+)),Skilled Worker
Aberfoyle Care Services Partners,Birmingham,Greater London,Worker (A (SME+)),Temporary Worker - Charity Worker
Keldwick Recycling Group,Manchester,Greater London,Worker (A rating),Skilled Worker
Gatcombe Agriculture International,Reading,Avon,Worker (A (SME+)),Skilled Worker
Lyneham Security Holdings,Manchester,Greater London,Worker (A (Premium)),Skilled Worker
Prioryfield Retail (North),Glasgow,Cambridgeshire,Worker (B rating),Skilled Worker
Aberfoyle Print Services,Glasgow,West Yorkshire,Worker (A rating),Skilled Worker
Lyneham Insurance International,Reading,West Yorkshire,Worker (A rating),Skilled Worker
Aberfoyle Pharmacy (North),Glasgow,,Worker (B rating),Skilled Worker
Ingoldsby Property Services,Edinburgh,West Yorkshire,Worker (A rating),Global Business Mobility - Senior or Specialist Worker
Yealand Retail International,Oxford,West Yorkshire,Worker (A (SME+)),Skilled Worker
Newlyn Retail Ltd,London,,Worker (A (Premium)),Skilled Worker
Jedburgh Property,London,,Worker (A rating),Skilled Worker
Newlyn Packaging Holdings,Birmingham,Greater London,Worker (A rating),Skilled Worker
Dunsfold Energy UK,Manchester,West Yorkshire,Worker (A (Premium)),Skilled Worker
Whitmarsh Print (North),Manchester,Cambridgeshire,Worker (A (SME+)),Skilled Worker
Calderstone Haulage Ltd,Oxford,,Worker (A (SME+)),Skilled Worker
Calderstone Nurseries UK,Manchester,Cambridgeshire,Worker (A (Premium)),Skilled Worker
Fairbourne Nurseries Partners,Edinburgh,West Yorkshire,Worker (A (SME+)),Skilled Worker
Mortlake Dental Practice,Reading,Greater London,Worker (B rating),Skilled Worker
Tealby Dental Practice Group,Glasgow,,Worker (B rating),Skilled Worker
Whitmarsh Recycling,Cardiff,Cambridgeshire,Worker (A rating),Skilled Worker
Mortlake Property,Edinburgh,Avon,Worker (A rating),Global Business Mobility - Senior or Specialist Worker
Barrowmead Chemicals UK,Manchester,,Worker (B rating),Scale-up Worker
Lyneham Chemicals Ltd,Cardiff,Greater London,Worker (A rating),Skilled Worker
Hensingham Dental Practice International,Reading,West Yorkshire,Worker (A rating),Temporary Worker - Charity Worker
Duncastle Retail,Cambridge,Greater London,Worker (A rating),Global Business Mobility - Senior or Specialist Worker
Tealby Security Partners,Glasgow,Cambridgeshire,Worker (A (SME+)),Global Business Mobility - Senior or Specialist Worker
Langmoor Nurseries UK,Reading,Avon,Worker (A rating),Skilled Worker
Gatcombe Security (North),Cambridge,West Yorkshire,Worker (A (Premium)),Skilled Worker
Keldwick Insurance International,Glasgow,Greater London,Worker (A rating),Skilled Worker
Ingoldsby Nurseries Services,Manchester,,Worker (A rating),Skilled Worker
Eldersley Packaging (North),Glasgow,Greater London,Worker (A rating),Skilled Worker
Oswaldby Nurseries Services,Glasgow,Avon,Worker (A rating),Skilled Worker
Ilminster Insurance Ltd,Bristol,Greater London,Worker (A rating),Skilled Worker
Newlyn Insurance Holdings,Leeds,,Worker (A rating),Skilled Worker
Dunsfold Logistics Group,Leeds,West Yorkshire,Worker (A rating),Skilled Worker
Kirkbride Catering International,Manchester,Greater London,Worker (A rating),Skilled Worker
Yealand Catering Partners,Sheffield,Avon,Worker (A (Premium)),Skilled Worker
Gatcombe Pharmacy (South West),London,Greater London,Worker (B rating),Skilled Worker
Aberfoyle Catering (North),Bristol,West Yorkshire,Worker (A rating),Scale-up Worker
Quenby Insurance,Reading,West Yorkshire,Worker (A rating),Skilled Worker
Hensingham Agriculture Ltd,London,Cambridgeshire,Worker (B rating),Scale-up Worker
Quenby Catering Holdings,Oxford,West Yorkshire,Worker (A (Premium)),Skilled Worker
Yealand Marine,Birmingham,Cambridgeshire,Worker (A (SME+)),Global Business Mobility - Senior or Specialist Worker
Aberfoyle Care Services Services,Leeds,Greater London,Worker (A rating),Skilled Worker
Eldersley Motors UK,Cardiff,Avon,Worker (A rating),Skilled Worker
Yealand Veterinary Partners,Leeds,Cambridgeshire,Worker (A (Premium)),Skilled Worker
Tealby Healthcare,Reading,Greater London,Worker (A rating),Skilled Worker
Lyneham Property International,Reading,Greater London,Worker (A (SME+)),Skilled Worker
Aberfoyle Veterinary International,Birmingham,Greater London,Worker (A rating),Skilled Worker
Underhill Instruments,London,,Worker (A (Premium)),Skilled Worker
Stanbrook Catering Services,Oxford,,Worker (A rating),Scale-up Worker
Stanbrook Motors Services,Sheffield,Greater London,Worker (A rating),Skilled Worker
Newlyn Dental Practice International,Manchester,Greater London,Worker (A (Premium)),Skilled Worker
Aberfoyle Packaging Holdings,Glasgow,Cambridgeshire,Worker (A rating),Skilled Worker
Gatcombe Haulage Holdings,Birmingham,Avon,Worker (B rating),Global Business Mobility - Senior or Specialist Worker
Bickleigh Chemicals Partners,Reading,Greater London,Worker (A rating),Skilled Worker
Aberfoyle Dental Practice (North),London,Avon,Worker (A (Premium)),Skilled Worker
Quenby Veterinary (South West),Oxford,West Yorkshire,Worker (A rating),Skilled Worker
Dunsfold Chemicals (South West),Birmingham,Cambridgeshire,Worker (B rating),Skilled Worker
Prioryfield Haulage Holdings,London,Avon,Worker (A (Premium)),Skilled Worker
Tealby Haulage UK,Edinburgh,West Yorkshire,Worker (A rating),Skilled Worker
Eldersley Security,Birmingham,,Worker (A (SME+)),Scale-up Worker
Rushmere Motors (North),Glasgow,Avon,Worker (A (Premium)),Scale-up Worker
Lyneham Energy Services,Edinburgh,Cambridgeshire,Worker (B rating),Skilled Worker
Tealby Retail International,Oxford,Greater London,Worker (A rating),Skilled Worker
Verewood Chemicals Group,Manchester,Avon,Worker (A (Premium)),Global Business Mobility - Senior or Specialist Worker
Prioryfield Healthcare UK,Glasgow,,Worker (A rating),Skilled Worker
Kirkbride Foods UK,Cardiff,Cambridgeshire,Worker (A (Premium)),Skilled Worker
Keldwick Recycling Services,Edinburgh,,Worker (A (SME+)),Global Business Mobility - Senior or Specialist Worker
Verewood Marine Group,Manchester,Cambridgeshire,Worker (B rating),Skilled Worker
Aberfoyle Packaging International,Leeds,,Worker (A (SME+)),Skilled Worker
Quenby Catering,Cambridge,West Yorkshire,Worker (A rating),Skilled Worker
Prioryfield Foods,Edinburgh,Greater London,Worker (A rating),Global Business Mobility - Senior or Specialist Worker
Gatcombe Property Group,Glasgow,,Worker (A (SME+)),Skilled Worker
Tealby Property International,Birmingham,,Worker (A (Premium)),Skilled Worker
Calderstone Marine,Reading,West Yorkshire,Worker (A (Premium)),Skilled Worker
Langmoor Retail Partners,Sheffield,West Yorkshire,Worker (A rating),Scale-up Worker
Hollowmere Textiles (North),Oxford,Avon,Worker (A rating),Skilled Worker
Gatcombe Care Services (North),Edinburgh,,Worker (A rating),Skilled Worker
Tealby Marine (North),London,West Yorkshire,Worker (A rating),Skilled Worker
Granthorpe Catering UK,Leeds,Cambridgeshire,Worker (A rating),Skilled Worker
Langmoor Property Services,Oxford,Cambridgeshire,Worker (A rating),Skilled Worker
Ingoldsby Healthcare Group,Cambridge,Greater London,Worker (A (Premium)),Skilled Worker
Dovetail Analytics,Bristol,Greater London,Worker (A rating),Skilled Worker
Jedburgh Security Partners,Cambridge,,Worker (A rating),Skilled Worker
Whitmarsh Energy (South West),Glasgow,West Yorkshire,Worker (A rating),Skilled Worker
Hensingham Veterinary,Leeds,Cambridgeshire,Worker (A rating),Skilled Worker
Fairbourne Haulage,Edinburgh,Greater London,Worker (A rating),Skilled Worker
Fairbourne Logistics Ltd,Reading,,Worker (A rating),Temporary Worker - Creative Worker
Gatcombe Security UK,London,West Yorkshire,Worker (B rating),Skilled Worker
Calderstone Print,Birmingham,West Yorkshire,Worker (A rating),Skilled Worker
Eldersley Marine,Bristol,West Yorkshire,Worker (A (Premium)),Skilled Worker
Ilminster Packaging (North),Cambridge,Avon,Worker (A (SME+)),Skilled Worker
Barrowmead Retail,London,Greater London,Worker (A rating),Skilled Worker
Ravenswood Technologies,Birmingham,,Worker (A rating),Skilled Worker
Foxbourne Retail (South West),Edinburgh,West Yorkshire,Worker (A rating),Temporary Worker - Creative Worker
Jedburgh Textiles (North),Manchester,West Yorkshire,Worker (A rating),Skilled Worker
Ulverston Retail International,London,West Yorkshire,Worker (B rating),Skilled Worker
Kirkbride Insurance (North),Leeds,West Yorkshire,Worker (A rating),Skilled Worker
Hensingham Building International,Glasgow,Cambridgeshire,Worker (A rating),Temporary Worker - Charity Worker
Granthorpe Catering Services,Oxford,Cambridgeshire,Worker (B rating),Global Business Mobility - Senior or Specialist Worker
Oswaldby Catering Ltd,Bristol,Avon,Worker (B rating),Temporary Worker - Charity Worker
Hensingham Marine Holdings,Cardiff,West Yorkshire,Worker (A rating),Temporary Worker - Charity Worker
Lyneham Nurseries International,London,Cambridgeshire,Worker (B rating),Skilled Worker
Cranmore Print UK,Cambridge,Cambridgeshire,Worker (A rating),Temporary Worker - Creative Worker
Stanbrook Print Ltd,Glasgow,Greater London,Worker (A rating),Skilled Worker
Prioryfield Energy,Reading,,Worker (A rating),Skilled Worker
Ilminster Veterinary (South West),Reading,Avon,Worker (A (Premium)),Temporary Worker - Creative Worker
Whitmarsh Retail Group,Bristol,Cambridgeshire,Worker (A rating),Scale-up Worker
Oswaldby Motors International,Glasgow,Avon,Worker (A rating),Global Business Mobility - Senior or Specialist Worker
Tealby Recycling Ltd,Reading,Avon,Worker (B rating),Skilled Worker
Everleigh Retail Ltd,Manchester,,Worker (B rating),Skilled Worker
Granthorpe Retail Group,Leeds,,Worker (A (SME+)),Skilled Worker
Whitmarsh Property International,London,Cambridgeshire,Worker (A rating),Skilled Worker
Granthorpe Security,Leeds,,Worker (B rating),Skilled Worker
Lyneham Logistics Ltd,Reading,Greater London,Worker (B rating),Skilled Worker
Keldwick Motors Ltd,London,,Worker (A rating),Skilled Worker
Ingoldsby Marine,Oxford,,Worker (B rating),Skilled Worker
Yealand Retail Holdings,Cambridge,Greater London,Worker (A (Premium)),Skilled Worker
Aberfoyle Retail Holdings,Oxford,,Worker (A (SME+)),Skilled Worker
Mortlake Catering Group,Reading,West Yorkshire,Worker (A (Premium)),Temporary Worker - Creative Worker
Fairbourne Recycling (North),Cambridge,Cambridgeshire,Worker (A rating),Skilled Worker
Langmoor Energy UK,Glasgow,,Worker (A rating),Skilled Worker
Dunsfold Logistics,Edinburgh,Greater London,Worker (A rating),Temporary Worker - Creative Worker
Granthorpe Agriculture Partners,Sheffield,West Yorkshire,Worker (B rating),Skilled Worker
Langmoor Chemicals Group,Leeds,Cambridgeshire,Worker (A (SME+)),Temporary Worker - Creative Worker
Ilminster Textiles UK,Birmingham,,Worker (B rating),Skilled Worker
Lyneham Dental Practice (South West),Cambridge,Avon,Worker (A rating),Skilled Worker
Ilminster Motors (South West),London,,Worker (B rating),Temporary Worker - Creative Worker
Rushmere Print Ltd,Reading,Greater London,Worker (A rating),Skilled Worker
Tealby Care Services International,Reading,Avon,Worker (A rating),Skilled Worker
Larkspur Compute,Reading,West Yorkshire,Worker (A rating),Skilled Worker
Granthorpe Textiles UK,Bristol,West Yorkshire,Worker (A rating),Skilled Worker
Oswaldby Logistics Holdings,London,Cambridgeshire,Worker (A rating),Skilled Worker
Duncastle Pharmacy (South West),Reading,Avon,Worker (A rating),Scale-up Worker
Newlyn Nurseries Holdings,Bristol,,Worker (A rating),Skilled Worker
Bickleigh Energy Holdings,Reading,Avon,Worker (A (Premium)),Skilled Worker
Keldwick Motors (North),Cardiff,Cambridgeshire,Worker (A (SME+)),Skilled Worker
Granthorpe Recycling (South West),Manchester,,Worker (A (Premium)),Skilled Worker
Gatcombe Dental Practice,London,Cambridgeshire,Worker (B rating),Skilled Worker
Newlyn Security Ltd,Edinburgh,Greater London,Worker (A (Premium)),Scale-up Worker
Stanbrook Pharmacy Services,Oxford,Cambridgeshire,Worker (A rating),Skilled Worker
Langmoor Agriculture Group,Oxford,Avon,Worker (B rating),Skilled Worker
Kirkbride Chemicals UK,Birmingham,Cambridgeshire,Worker (A (SME+)),Skilled Worker
Yealand Haulage UK,Edinburgh,,Worker (A rating),Skilled Worker
Bickleigh Haulage Partners,Sheffield,,Worker (A rating),Skilled Worker
Aberfoyle Insurance International,Sheffield,Greater London,Worker (A (SME+)),Skilled Worker
Dunsfold Dental Practice Group,Reading,Cambridgeshire,Worker (A rating),Global Business Mobility - Senior or Specialist Worker
Eldersley Healthcare (North),Oxford,Avon,Worker (A rating),Skilled Worker
Verewood Energy Services,Oxford,Cambridgeshire,Worker (A rating),Temporary Worker - Charity Worker
Oswaldby Packaging,Sheffield,Greater London,Worker (A (SME+)),Skilled Worker
Ilminster Textiles (South West),Edinburgh,Cambridgeshire,Worker (A (Premium)),Temporary Worker - Charity Worker
Jedburgh Logistics,Manchester,Greater London,Worker (B rating),Temporary Worker - Charity Worker
Granthorpe Textiles (South West),Glasgow,,Worker (B rating),Skilled Worker
Dunsfold Security UK,London,Greater London,Worker (B rating),Skilled Worker
Cranmore Logistics International,Edinburgh,Cambridgeshire,Worker (A (SME+)),Skilled Worker
Ilminster Insurance (South West),Sheffield,Cambridgeshire,Worker (A (SME+)),Skilled Worker
Prioryfield Nurseries (South West),Oxford,Avon,Worker (A rating),Skilled Worker
Duncastle Veterinary International,Bristol,,Worker (A (SME+)),Skilled Worker
Hollowmere Foods Partners,Reading,Avon,Worker (A (Premium)),Skilled Worker
Duncastle Insurance (North),Oxford,Avon,Worker (A rating),Global Business Mobility - Senior or Specialist Worker
Mortlake Foods Partners,Reading,Avon,Worker (A rating),Temporary Worker - Charity Worker
Bickleigh Care Services,Bristol,Greater London,Worker (A rating),Skilled Worker
Calderstone Dental Practice,Oxford,Avon,Worker (A rating),Skilled Worker
Calderstone Insurance Partners,London,Greater London,Worker (A rating),Skilled Worker
Jedburgh Print Ltd,Birmingham,West Yorkshire,Worker (A rating),Skilled Worker
Foxbourne Building Holdings,Birmingham,,Worker (A (SME+)),Skilled Worker
Newlyn Care Services,Cardiff,Avon,Worker (A rating),Skilled Worker
Barrowmead Foods UK,Oxford,West Yorkshire,Worker (A (Premium)),Temporary Worker - Charity Worker
Langmoor Property UK,Edinburgh,Avon,Worker (A rating),Skilled Worker
Duncastle Foods,Cardiff,Avon,Worker (B rating),Skilled Worker
Mortlake Motors Partners,Oxford,Avon,Worker (B rating),Skilled Worker
Jedburgh Nurseries Holdings,Cambridge,,Worker (A (Premium)),Global Business Mobility - Senior or Specialist Worker
Bickleigh Insurance International,Oxford,West Yorkshire,Worker (A rating),Skilled Worker
Langmoor Pharmacy International,Bristol,Greater London,Worker (A rating),Skilled Worker
Calderstone Packaging (South West),Cambridge,Avon,Worker (A rating),Skilled Worker
Yealand Care Services Group,Edinburgh,Greater London,Worker (A rating),Skilled Worker
Ingoldsby Energy Services,Sheffield,Avon,Worker (A (Premium)),Skilled Worker
Everleigh Veterinary International,Edinburgh,Greater London,Worker (A (SME+)),Temporary Worker - Creative Worker
Prioryfield Recycling International,Birmingham,Avon,Worker (A rating),Temporary Worker - Creative Worker
Prioryfield Retail (South West),Cambridge,Greater London,Worker (A (Premium)),Skilled Worker
Barrowmead Chemicals Services,Birmingham,West Yorkshire,Worker (A (SME+)),Skilled Worker
Oswaldby Veterinary (South West),Birmingham,West Yorkshire,Worker (A rating),Skilled Worker
Ilminster Marine Ltd,London,Avon,Worker (A (SME+)),Skilled Worker
Jedburgh Foods,Reading,,Worker (A (Premium)),Skilled Worker
Yealand Property (North),Manchester,Greater London,Worker (A (SME+)),Global Business Mobility - Senior or Specialist Worker
Lyneham Property Services,Cambridge,Cambridgeshire,Worker (A (Premium)),Skilled Worker
Kirkbride Packaging Partners,Edinburgh,West Yorkshire,Worker (A rating),Skilled Worker
Jedburgh Textiles,Manchester,West Yorkshire,Worker (A rating),Skilled Worker
Barrowmead Property Holdings,Leeds,Cambridgeshire,Worker (A rating),Temporary Worker - Charity Worker
Cranmore Retail (South West),Birmingham,West Yorkshire,Worker (A rating),Skilled Worker
Aberfoyle Motors Group,Oxford,,Worker (B rating),Skilled Worker
Lyneham Agriculture (North),Reading,Greater London,Worker (A rating),Skilled Worker
Eldersley Chemicals (North),Cambridge,West Yorkshire,Worker (B rating),Scale-up Worker
Quenby Marine Group,Birmingham,Avon,Worker (B rating),Temporary Worker - Charity Worker
Foxbourne Security,Cardiff,Cambridgeshire,Worker (A (Premium)),Skilled Worker
Yealand Foods (South West),Sheffield,Cambridgeshire,Worker (A (SME+)),Skilled Worker
Hensingham Catering Ltd,Edinburgh,West Yorkshire,Worker (B rating),Skilled Worker
Ilminster Print Services,Oxford,,Worker (B rating),Skilled Worker
Ingoldsby Security (South West),Cambridge,,Worker (A rating),Skilled Worker
Prioryfield Property (South West),Cardiff,West Yorkshire,Worker (A rating),Skilled Worker
Stanbrook Building,Reading,,Worker (A (SME+)),Skilled Worker
Bickleigh Motors Partners,Oxford,,Worker (A (SME+)),Skilled Worker
Hollowmere Logistics (South West),Bristol,Avon,Worker (A rating),Skilled Worker
Tealby Logistics,Sheffield,Greater London,Worker (A (Premium)),Scale-up Worker
Quenby Security,Oxford,Greater London,Worker (A rating),Temporary Worker - Creative Worker
Langmoor Nurseries Group,Oxford,Cambridgeshire,Worker (A rating),Skilled Worker
Ilminster Dental Practice,Manchester,West Yorkshire,Worker (A rating),Temporary Worker - Charity Worker
Granthorpe Packaging Partners,Sheffield,West Yorkshire,Worker (B rating),Skilled Worker
Hensingham Care Services Services,Oxford,Avon,Worker (A (Premium)),Skilled Worker
Duncastle Security UK,Bristol,Cambridgeshire,Worker (A rating),Skilled Worker
Rushmere Security Partners,Manchester,Greater London,Worker (A (Premium)),Global Business Mobility - Senior or Specialist Worker
Newlyn Insurance Ltd,Reading,Cambridgeshire,Worker (A rating),Skilled Worker
Ingoldsby Security UK,Oxford,,Worker (B rating),Scale-up Worker
Kirkbride Energy,Sheffield,Avon,Worker (A (SME+)),Skilled Worker
Prioryfield Agriculture Group,Edinburgh,,Worker (A rating),Skilled Worker
Yealand Textiles,London,Cambridgeshire,Worker (A rating),Global Business Mobility - Senior or Specialist Worker
Mortlake Veterinary Services,Sheffield,,Worker (A (SME+)),Skilled Worker
Barrowmead Nurseries UK,Cardiff,Greater London,Worker (A rating),Skilled Worker
Stanbrook Building Services,Leeds,Avon,Worker (B rating),Skilled Worker
Everleigh Dental Practice (South West),Edinburgh,Greater London,Worker (A (Premium)),Skilled Worker
Duncastle Healthcare (North),London,,Worker (A rating),Scale-up Worker
Gatcombe Marine,Bristol,West Yorkshire,Worker (A rating),Skilled Worker
Aberfoyle Packaging,Glasgow,Greater London,Worker (A rating),Skilled Worker
Whitmarsh Textiles,Glasgow,,Worker (B rating),Skilled Worker
Kirkbride Textiles Holdings,Sheffield,West Yorkshire,Worker (A (Premium)),Skilled Worker
Prioryfield Catering Ltd,Cardiff,West Yorkshire,Worker (A (SME+)),Global Business Mobility - Senior or Specialist Worker
Aberfoyle Building Holdings,Edinburgh,West Yorkshire,Worker (A rating),Scale-up Worker
Eldersley Building (South West),Oxford,Greater London,Worker (A (Premium)),Skilled Worker
Harrowfield Holdings Ltd T/A Cobalt Dynamics,Manchester,Greater London,Worker (A (Premium)),Skilled Worker
Whitmarsh Veterinary Ltd,Reading,Avon,Worker (A rating),Skilled Worker
Keldwick Packaging (North),Oxford,Cambridgeshire,Worker (A rating),Temporary Worker - Creative Worker
Granthorpe Marine Ltd,Birmingham,Cambridgeshire,Worker (B rating),Scale-up Worker
Ulverston Print Ltd,Bristol,Avon,Worker (A rating),Skilled Worker
Lyneham Nurseries Services,Glasgow,Avon,Worker (A rating),Skilled Worker
Oswaldby Dental Practice,Leeds,,Worker (A rating),Skilled Worker
Stanbrook Care Services International,Reading,Avon,Worker (A rating),Skilled Worker
Eldersley Healthcare Ltd,Cambridge,Avon,Worker (A rating),Skilled Worker
Kirkbride Haulage UK,Sheffield,,Worker (A (SME+)),Skilled Worker
Langmoor Healthcare Group,Sheffield,West Yorkshire,Worker (B rating),Skilled Worker
Ingoldsby Foods Ltd,Cambridge,Greater London,Worker (B rating),Skilled Worker
Ilminster Print Ltd,Reading,,Worker (A (SME+)),Skilled Worker
Mortlake Textiles Holdings,Glasgow,West Yorkshire,Worker (A (Premium)),Skilled Worker
Stanbrook Building International,Birmingham,West Yorkshire,Worker (A rating),Skilled Worker
Oswaldby Retail Ltd,Sheffield,,Worker (A rating),Skilled Worker
Hensingham Foods (South West),Oxford,Avon,Worker (B rating),Skilled Worker
Eastgate Resourcing,Leeds,Cambridgeshire,Worker (A rating),Skilled Worker
Fairhaven Intelligence,Edinburgh,Greater London,Worker (A (Premium)),Skilled Worker
Quenby Energy UK,Cambridge,,Worker (A rating),Temporary Worker - Creative Worker
Ulverston Motors Holdings,Cambridge,Cambridgeshire,Worker (A rating),Skilled Worker
Gatcombe Marine Holdings,Cardiff,,Worker (B rating),Skilled Worker
Langmoor Chemicals (North),Oxford,Cambridgeshire,Worker (A (Premium)),Skilled Worker
Cranmore Agriculture,Glasgow,West Yorkshire,Worker (B rating),Global Business Mobility - Senior or Specialist Worker
Duncastle Property (North),Edinburgh,West Yorkshire,Worker (A (SME+)),Skilled Worker
Ilminster Motors Group,Reading,Greater London,Worker (A rating),Skilled Worker
Barrowmead Foods,Edinburgh,Avon,Worker (B rating),Scale-up Worker
Fairbourne Textiles Holdings,Birmingham,,Worker (A rating),Skilled Worker
Ingoldsby Insurance Group,Glasgow,Greater London,Worker (B rating),Global Business Mobility - Senior or Specialist Worker
Ulverston Dental Practice,Cardiff,Avon,Worker (A rating),Skilled Worker
Oakhurst Platforms,Oxford,Avon,Worker (A rating),Skilled Worker
Eldersley Chemicals Partners,Cambridge,Cambridgeshire,Worker (A (Premium)),Skilled Worker
Newlyn Building Partners,Glasgow,Greater London,Worker (A rating),Skilled Worker
Stanbrook Dental Practice,Cambridge,West Yorkshire,Worker (A rating),Global Business Mobility - Senior or Specialist Worker
Jedburgh Agriculture International,Manchester,Avon,Worker (A rating),Skilled Worker
Aberfoyle Packaging (North),London,Cambridgeshire,Worker (A rating),Temporary Worker - Creative Worker
Aberfoyle Chemicals (North),Oxford,Greater London,Worker (B rating),Skilled Worker
Ulverston Retail Partners,Edinburgh,West Yorkshire,Worker (A rating),Skilled Worker
Whitmarsh Packaging (South West),Cardiff,Avon,Worker (A rating),Skilled Worker
Hensingham Property,Manchester,Greater London,Worker (A rating),Skilled Worker
Stanbrook Security Services,Manchester,West Yorkshire,Worker (A rating),Skilled Worker
Ulverston Logistics UK,Reading,Cambridgeshire,Worker (B rating),Global Business Mobility - Senior or Specialist Worker
Kirkbride Building Services,Bristol,Avon,Worker (A (SME+)),Skilled Worker
Calderstone Packaging Group,Cardiff,Avon,Worker (A rating),Skilled Worker
Gatcombe Dental Practice (North),Reading,Greater London,Worker (A rating),Scale-up Worker
Dunsfold Motors Services,Leeds,Greater London,Worker (A rating),Skilled Worker
Quenby Healthcare Holdings,Bristol,Cambridgeshire,Worker (A rating),Scale-up Worker
Langmoor Chemicals Ltd,Birmingham,Avon,Worker (A rating),Skilled Worker
Tealby Packaging UK,Edinburgh,Cambridgeshire,Worker (A rating),Skilled Worker
Hollowmere Marine (South West),Sheffield,West Yorkshire,Worker (A (Premium)),Skilled Worker
Keldwick Security Partners,Sheffield,Avon,Worker (A rating),Skilled Worker
Whitmarsh Packaging UK,Manchester,Greater London,Worker (A rating),Skilled Worker
Jedburgh Packaging UK,Oxford,,Worker (A rating),Skilled Worker
Ulverston Packaging Holdings,Birmingham,Greater London,Worker (A rating),Skilled Worker
Rushmere Nurseries Group,Oxford,,Worker (A rating),Skilled Worker
Tealby Building,Birmingham,Cambridgeshire,Worker (A (SME+)),Skilled Worker
Langmoor Veterinary,Birmingham,West Yorkshire,Worker (B rating),Skilled Worker
Jedburgh Marine Group,Reading,,Worker (A rating),Skilled Worker
Everleigh Haulage (North),London,West Yorkshire,Worker (A (Premium)),Skilled Worker
Gatcombe Property Partners,Reading,Greater London,Worker (A (SME+)),Skilled Worker
Barrowmead Logistics UK,Cardiff,Greater London,Worker (A rating),Global Business Mobility - Senior or Specialist Worker
Kirkbride Building Ltd,Oxford,Greater London,Worker (A (Premium)),Scale-up Worker
Cobalt Intelligence,Sheffield,,Worker (A rating),Skilled Worker
Foxbourne Marine Holdings,Cardiff,,Worker (B rating),Skilled Worker
Ulverston Textiles Holdings,Leeds,Greater London,Worker (B rating),Skilled Worker
Prioryfield Marine International,London,Avon,Worker (A (Premium)),Skilled Worker
Oswaldby Logistics (South West),Cardiff,Greater London,Worker (A rating),Skilled Worker
Aberfoyle Foods (South West),Cambridge,Greater London,Worker (A (Premium)),Skilled Worker
Eldersley Healthcare,Cardiff,,Worker (B rating),Skilled Worker
Granthorpe Property,Edinburgh,Avon,Worker (A rating),Skilled Worker
Eldersley Building Ltd,Glasgow,Avon,Worker (A rating),Skilled Worker
Fairbourne Motors (South West),Cardiff,Cambridgeshire,Worker (A rating),Scale-up Worker
Rushmere Haulage UK,Birmingham,West Yorkshire,Worker (A rating),Temporary Worker - Charity Worker
Langmoor Motors Group,London,West Yorkshire,Worker (B rating),Temporary Worker - Charity Worker
Whitmarsh Security International,Leeds,,Worker (A (SME+)),Temporary Worker - Creative Worker
Prioryfield Building (North),London,Avon,Worker (A rating),Skilled Worker
Gatcombe Property Services,Sheffield,,Worker (A (Premium)),Scale-up Worker
Langmoor Insurance,Cambridge,Greater London,Worker (A rating),Skilled Worker
Jedburgh Haulage UK,Glasgow,Cambridgeshire,Worker (A rating),Skilled Worker
Yealand Retail (North),Manchester,West Yorkshire,Worker (A (Premium)),Skilled Worker
Gatcombe Building International,Leeds,Greater London,Worker (A rating),Skilled Worker
Aberfoyle Veterinary Group,London,,Worker (A rating),Skilled Worker
Cranmore Retail Services,London,West Yorkshire,Worker (A (SME+)),Skilled Worker
Calderstone Chemicals,Birmingham,West Yorkshire,Worker (B rating),Skilled Worker
Eldersley Agriculture,Cambridge,Cambridgeshire,Worker (A (Premium)),Skilled Worker
Rushmere Foods (South West),Manchester,West Yorkshire,Worker (B rating),Temporary Worker - Charity Worker
Quenby Nurseries Holdings,Reading,Greater London,Worker (A rating),Temporary Worker - Creative Worker
Quenby Healthcare,Cardiff,Avon,Worker (A (SME+)),Skilled Worker
Jedburgh Insurance Services,Bristol,Greater London,Worker (A rating),Temporary Worker - Charity Worker
Ilminster Energy,Edinburgh,West Yorkshire,Worker (B rating),Skilled Worker
Verewood Building International,Cardiff,West Yorkshire,Worker (B rating),Temporary Worker - Creative Worker
Yealand Catering Holdings,Reading,,Worker (A rating),Skilled Worker
Elmgate Automation,London,Greater London,Worker (A rating),Skilled Worker
Verewood Textiles Partners,Cambridge,Cambridgeshire,Worker (B rating),Skilled Worker
Fairbourne Marine Holdings,Leeds,Greater London,Worker (A rating),Skilled Worker
Verewood Agriculture Services,Bristol,Avon,Worker (A (Premium)),Skilled Worker
Yealand Chemicals,Manchester,,Worker (A (Premium)),Skilled Worker
Stanbrook Building Holdings,London,Cambridgeshire,Worker (A (Premium)),Skilled Worker
Lyneham Dental Practice,London,,Worker (B rating),Skilled Worker
Duncastle Building UK,Cardiff,Avon,Worker (A (Premium)),Skilled Worker
Lyneham Nurseries Ltd,Manchester,West Yorkshire,Worker (A (Premium)),Skilled Worker
Hollowmere Security Services,Edinburgh,Avon,Worker (A rating),Skilled Worker
Cranmore Chemicals,Leeds,Greater London,Worker (B rating),Skilled Worker
Yealand Agriculture,Reading,Cambridgeshire,Worker (B rating),Skilled Worker
Whitmarsh Pharmacy (North),Cardiff,,Worker (A (SME+)),Skilled Worker
Whitmarsh Security (South West),Manchester,Greater London,Worker (B rating),Skilled Worker
Eldersley Recycling (North),London,West Yorkshire,Worker (A rating),Skilled Worker
Oswaldby Nurseries International,Oxford,Greater London,Worker (A rating),Temporary Worker - Creative Worker
Granthorpe Building Holdings,Sheffield,Cambridgeshire,Worker (B rating),Skilled Worker
Fairbourne Energy,Sheffield,Cambridgeshire,Worker (A (Premium)),Skilled Worker
Langmoor Textiles,Glasgow,,Worker (A rating),Temporary Worker - Charity Worker
Kirkbride Insurance International,Edinburgh,Greater London,Worker (A rating),Skilled Worker
Langmoor Print,Reading,Avon,Worker (A rating),Scale-up Worker
Hensingham Motors International,Sheffield,Avon,Worker (A (SME+)),Skilled Worker
Prioryfield Retail International,Leeds,Greater London,Worker (A rating),Skilled Worker
Oswaldby Pharmacy International,Reading,Avon,Worker (A rating),Skilled Worker
Jedburgh Textiles Partners,Manchester,Greater London,Worker (A (Premium)),Skilled Worker
Oswaldby Insurance UK,London,,Worker (A rating),Skilled Worker
Oswaldby Building,Glasgow,Cambridgeshire,Worker (B rating),Skilled Worker
Ulverston Catering Holdings,Cambridge,Avon,Worker (B rating),Skilled Worker
Jedburgh Packaging International,Cardiff,West Yorkshire,Worker (A (SME+)),Skilled Worker
Harrowfield Software,Reading,Greater London,Worker (A rating),Skilled Worker
Barrowmead Textiles (South West),Bristol,West Yorkshire,Worker (A (Premium)),Skilled Worker
Ulverston Veterinary Holdings,Oxford,Cambridgeshire,Worker (B rating),Global Business Mobility - Senior or Specialist Worker
Silverbeck Networks UK,Sheffield,West Yorkshire,Worker (A (SME+)),Skilled Worker
Ingoldsby Recycling (North),Sheffield,Greater London,Worker (B rating),Skilled Worker
Barrowmead Recycling Partners,Bristol,Greater London,Worker (A rating),Skilled Worker
Newlyn Energy Services,Leeds,Avon,Worker (A (SME+)),Skilled Worker
Lyneham Catering Ltd,Cambridge,West Yorkshire,Worker (A rating),Skilled Worker
Whitmarsh Retail,Oxford,,Worker (A (SME+)),Skilled Worker
Dovetail Technologies,Glasgow,Avon,Worker (A rating),Skilled Worker
Calderstone Catering Group,Sheffield,Avon,Worker (A (Premium)),Skilled Worker
Foxbourne Care Services UK,Oxford,Avon,Worker (A (SME+)),Skilled Worker
Stanbrook Nurseries Partners,Reading,West Yorkshire,Worker (A rating),Skilled Worker
Fairhaven Talent,Glasgow,Avon,Worker (A rating),Skilled Worker
Prioryfield Veterinary Partners,Manchester,Greater London,Worker (A (SME+)),Skilled Worker
Eldersley Retail UK,Reading,West Yorkshire,Worker (A rating),Skilled Worker
Calderstone Nurseries Ltd,Manchester,Greater London,Worker (B rating),Skilled Worker
Newlyn Packaging UK,Manchester,Greater London,Worker (A rating),Global Business Mobility - Senior or Specialist Worker
Verewood Veterinary (North),Reading,West Yorkshire,Worker (A (Premium)),Skilled Worker
Hensingham Dental Practice Group,Cardiff,Cambridgeshire,Worker (A rating),Skilled Worker
Stanbrook Veterinary (North),Cardiff,,Worker (B rating),Temporary Worker - Creative Worker
Cranmore Veterinary Holdings,Bristol,Greater London,Worker (B rating),Temporary Worker - Charity Worker
Everleigh Marine Partners,Oxford,Greater London,Worker (A rating),Scale-up Worker
Newlyn Care Services UK,Oxford,Avon,Worker (A (SME+)),Skilled Worker
Dunsfold Agriculture,Reading,West Yorkshire,Worker (A rating),Skilled Worker
Prioryfield Chemicals Services,Birmingham,West Yorkshire,Worker (A rating),Skilled Worker
Duncastle Insurance (South West),Manchester,Cambridgeshire,Worker (A rating),Skilled Worker
Keldwick Recycling Partners,Oxford,Greater London,Worker (A (SME+)),Scale-up Worker
Keldwick Property Ltd,Edinburgh,,Worker (A rating),Skilled Worker
Newlyn Catering UK,Cardiff,Cambridgeshire,Worker (A (SME+)),Skilled Worker
Calderstone Motors (South West),Sheffield,Avon,Worker (A (Premium)),Temporary Worker - Charity Worker
Cranmore Security Holdings,Sheffield,Avon,Worker (A (SME+)),Skilled Worker
Jedburgh Nurseries,Manchester,Cambridgeshire,Worker (A (Premium)),Skilled Worker
Ilminster Textiles Ltd,Glasgow,Cambridgeshire,Worker (A rating),Skilled Worker
Cranmore Textiles Ltd,Cambridge,Cambridgeshire,Worker (A rating),Skilled Worker
Hollowmere Catering UK,Bristol,West Yorkshire,Worker (A rating),Skilled Worker
Langmoor Security Group,London,Avon,Worker (A rating),Skilled Worker
Dunsfold Nurseries UK,Birmingham,Greater London,Worker (B rating),Skilled Worker
Dunsfold Haulage Group,Birmingham,West Yorkshire,Worker (B rating),Skilled Worker
Hensingham Logistics (North),Reading,West Yorkshire,Worker (A rating),Skilled Worker
Lyneham Property (South West),Oxford,Cambridgeshire,Worker (A rating),Skilled Worker
Highmoor Networks,Oxford,Cambridgeshire,Worker (A rating),Skilled Worker
Hollowmere Packaging UK,Edinburgh,Greater London,Worker (A rating),Skilled Worker
Hensingham Chemicals Ltd,Cambridge,,Worker (A rating),Skilled Worker
Prioryfield Retail UK,Sheffield,,Worker (A rating),Skilled Worker
Hensingham Dental Practice Holdings,Birmingham,Cambridgeshire,Worker (B rating),Skilled Worker
Jedburgh Healthcare Ltd,Reading,Greater London,Worker (A rating),Temporary Worker - Creative Worker
Dunsfold Recycling (North),Bristol,Avon,Worker (A rating),Scale-up Worker
Granthorpe Chemicals Holdings,Leeds,Avon,Worker (A rating),Skilled Worker
Kirkbride Textiles Group,Oxford,,Worker (A (SME+)),Global Business Mobility - Senior or Specialist Worker
Prioryfield Recycling Ltd,Bristol,West Yorkshire,Worker (B rating),Skilled Worker
Aberfoyle Dental Practice Partners,Cardiff,,Worker (A (SME+)),Skilled Worker
Keldwick Recycling International,Glasgow,Cambridgeshire,Worker (A rating),Skilled Worker
Whitmarsh Haulage UK,Manchester,Greater London,Worker (A (SME+)),Skilled Worker
Prioryfield Dental Practice Group,London,Greater London,Worker (A rating),Skilled Worker
Ingoldsby Motors International,Edinburgh,,Worker (A rating),Skilled Worker
Hollowmere Logistics Ltd,Glasgow,,Worker (A (Premium)),Skilled Worker
Mortlake Logistics,Reading,Greater London,Worker (A (Premium)),Skilled Worker
Langmoor Pharmacy,Bristol,,Worker (A rating),Skilled Worker
Dunsfold Care Services UK,Glasgow,Cambridgeshire,Worker (A rating),Skilled Worker
Fairbourne Dental Practice (South West),Edinburgh,West Yorkshire,Worker (A rating),Skilled Worker
Ulverston Security (South West),Leeds,West Yorkshire,Worker (A rating),Skilled Worker
Oswaldby Catering Holdings,Manchester,Avon,Worker (A (Premium)),Skilled Worker
Tealby Nurseries Ltd,London,,Worker (A rating),Skilled Worker
Granthorpe Dental Practice (North),Cambridge,Avon,Worker (A rating),Skilled Worker
Jedburgh Property UK,Edinburgh,,Worker (A (SME+)),Scale-up Worker
Foxbourne Motors (South West),Edinburgh,Avon,Worker (B rating),Temporary Worker - Creative Worker
Quenby Pharmacy Holdings,Oxford,Avon,Worker (A rating),Temporary Worker - Charity Worker
Jedburgh Foods International,Manchester,Avon,Worker (B rating),Skilled Worker
Kirkbride Dental Practice Partners,Manchester,Cambridgeshire,Worker (A (SME+)),Skilled Worker
Hollowmere Veterinary (North),Oxford,Avon,Worker (A (Premium)),Skilled Worker
Keldwick Energy Holdings,Glasgow,Cambridgeshire,Worker (A rating),Skilled Worker
Prioryfield Nurseries Holdings,Cambridge,Avon,Worker (A rating),Skilled Worker
Lyneham Recycling Partners,Oxford,Avon,Worker (B rating),Skilled Worker
Hensingham Energy Group,Leeds,Cambridgeshire,Worker (A rating),Skilled Worker
Whitmarsh Recycling Holdings,Cardiff,Avon,Worker (A rating),Global Business Mobility - Senior or Specialist Worker
Tealby Insurance,Sheffield,Greater London,Worker (A rating),Skilled Worker
Tealby Marine Group,Leeds,Cambridgeshire,Worker (A rating),Skilled Worker
Rushmere Insurance Holdings,Manchester,Cambridgeshire,Worker (A rating),Skilled Worker
Newlyn Foods Services,Glasgow,,Worker (A (Premium)),Skilled Worker
Oswaldby Marine,Cambridge,Avon,Worker (A (Premium)),Skilled Worker
Oswaldby Foods,Oxford,,Worker (A rating),Skilled Worker
Foxbourne Chemicals Ltd,Glasgow,Avon,Worker (B rating),Global Business Mobility - Senior or Specialist Worker
Ilminster Logistics UK,Cardiff,Cambridgeshire,Worker (A (Premium)),Skilled Worker
Ingoldsby Haulage International,Cardiff,Greater London,Worker (A rating),Skilled Worker
Duncastle Textiles International,Manchester,Avon,Worker (A (Premium)),Scale-up Worker
Duncastle Print Holdings,Edinburgh,Greater London,Worker (A (Premium)),Skilled Worker
Eldersley Haulage International,Oxford,Avon,Worker (A rating),Skilled Worker
Lyneham Healthcare (South West),London,Cambridgeshire,Worker (A rating),Scale-up Worker
Aberfoyle Packaging Group,Leeds,,Worker (A (Premium)),Skilled Worker
Duncastle Foods Ltd,Leeds,Cambridgeshire,Worker (A rating),Skilled Worker
Dunsfold Insurance (South West),Cambridge,Cambridgeshire,Worker (A rating),Skilled Worker
Oswaldby Catering International,Reading,Avon,Worker (A rating),Skilled Worker
Oswaldby Property (South West),Cambridge,Avon,Worker (A rating),Skilled Worker
Foxbourne Print International,Reading,West Yorkshire,Worker (A (SME+)),Skilled Worker
Mortlake Energy International,London,Avon,Worker (A rating),Skilled Worker
Granthorpe Haulage International,Cardiff,Greater London,Worker (A rating),Skilled Worker
Eldersley Pharmacy Holdings,Oxford,West Yorkshire,Worker (A rating),Temporary Worker - Charity Worker
Yealand Print International,Birmingham,Cambridgeshire,Worker (A rating),Skilled Worker
Hensingham Property Holdings,Glasgow,West Yorkshire,Worker (A rating),Skilled Worker
Mortlake Energy (North),Cambridge,Avon,Worker (A (SME+)),Skilled Worker
Jedburgh Packaging (South West),London,West Yorkshire,Worker (A rating),Skilled Worker
Tealby Nurseries (South West),Reading,Greater London,Worker (A rating),Skilled Worker
Barrowmead Nurseries (South West),Leeds,Avon,Worker (A rating),Temporary Worker - Charity Worker
Mortlake Care Services,Glasgow,,Worker (A rating),Skilled Worker
Eldersley Print Partners,Cambridge,Cambridgeshire,Worker (A (SME+)),Global Business Mobility - Senior or Specialist Worker
Ingoldsby Marine (North),Oxford,West Yorkshire,Worker (A rating),Skilled Worker
Quenby Healthcare Partners,Bristol,Greater London,Worker (A rating),Skilled Worker
Newlyn Haulage Services,Manchester,Cambridgeshire,Worker (A (SME+)),Skilled Worker
Eldersley Dental Practice,Birmingham,Avon,Worker (A rating),Skilled Worker
Foxbourne Agriculture (North),Manchester,,Worker (A (SME+)),Skilled Worker
Tealby Haulage Holdings,Cardiff,Greater London,Worker (A (Premium)),Skilled Worker
Barrowmead Security,Leeds,Greater London,Worker (B rating),Global Business Mobility - Senior or Specialist Worker
Hensingham Catering International,Oxford,Cambridgeshire,Worker (B rating),Skilled Worker
Oswaldby Packaging Partners,Reading,Greater London,Worker (A rating),Skilled Worker
Jedburgh Foods Ltd,Glasgow,Greater London,Worker (A rating),Skilled Worker
Calderstone Insurance (South West),Bristol,Avon,Worker (A (SME+)),Skilled Worker
Ilminster Marine (North),Manchester,West Yorkshire,Worker (A rating),Temporary Worker - Charity Worker
Stanbrook Agriculture,Reading,Greater London,Worker (A (Premium)),Global Business Mobility - Senior or Specialist Worker
Hollowmere Motors (South West),Reading,West Yorkshire,Worker (A (SME+)),Skilled Worker
Calderstone Chemicals UK,London,,Worker (B rating),Scale-up Worker
Hensingham Care Services (South West),Glasgow,West Yorkshire,Worker (A rating),Temporary Worker - Charity Worker
Tealby Energy Group,Manchester,West Yorkshire,Worker (A (Premium)),Skilled Worker
Ilminster Pharmacy,Birmingham,Greater London,Worker (A rating),Skilled Worker
Calderstone Catering,Leeds,,Worker (A (Premium)),Skilled Worker
Mortlake Chemicals (South West),Cambridge,Greater London,Worker (A rating),Skilled Worker
Oswaldby Packaging Group,Bristol,Greater London,Worker (A (Premium)),Skilled Worker
Lyneham Retail UK,Birmingham,Avon,Worker (A (SME+)),Skilled Worker
Mortlake Pharmacy (South West),Cardiff,Greater London,Worker (A (SME+)),Skilled Worker
Jedburgh Security (North),Oxford,West Yorkshire,Worker (A (Premium)),Skilled Worker
Lyneham Recycling Holdings,Manchester,Greater London,Worker (A rating),Skilled Worker
Barrowmead Building Services,Sheffield,Cambridgeshire,Worker (A rating),Skilled Worker
Newlyn Care Services Services,Bristol,West Yorkshire,Worker (B rating),Skilled Worker
Fairbourne Chemicals Partners,Manchester,Greater London,Worker (A rating),Skilled Worker
Ingoldsby Retail,Manchester,West Yorkshire,Worker (A rating),Temporary Worker - Creative Worker
Hollowmere Recycling,Sheffield,Greater London,Worker (A rating),Skilled Worker
Prioryfield Marine (South West),Birmingham,West Yorkshire,Worker (A (SME+)),Skilled Worker
Keldwick Pharmacy Services,Oxford,Avon,Worker (A (SME+)),Skilled Worker
Langmoor Recycling (South West),Edinburgh,Greater London,Worker (B rating),Skilled Worker
Fairbourne Care Services Holdings,Bristol,West Yorkshire,Worker (A (Premium)),Skilled Worker
Oswaldby Energy Ltd,Bristol,West Yorkshire,Worker (A (Premium)),Temporary Worker - Creative Worker
Kirkbride Packaging Services,Sheffield,,Worker (A (Premium)),Skilled Worker
Yealand Packaging (North),Sheffield,Greater London,Worker (A rating),Skilled Worker
Yealand Agriculture Holdings,Oxford,West Yorkshire,Worker (A (SME+)),Skilled Worker
Fairbourne Logistics (North),Bristol,Avon,Worker (A (SME+)),Skilled Worker
Granthorpe Packaging Services,Glasgow,Avon,Worker (A (SME+)),Temporary Worker - Charity Worker
Rushmere Security Group,Edinburgh,,Worker (A rating),Skilled Worker
Verewood Haulage International,Sheffield,,Worker (A (Premium)),Scale-up Worker
Rushmere Energy Services,Glasgow,Cambridgeshire,Worker (A rating),Skilled Worker
Dunsfold Agriculture International,London,,Worker (A (SME+)),Skilled Worker
Foxbourne Healthcare International,Birmingham,Greater London,Worker (A rating),Skilled Worker
Verewood Haulage Holdings,Manchester,Greater London,Worker (B rating),Global Business Mobility - Senior or Specialist Worker
Calderstone Motors Partners,Oxford,Greater London,Worker (A (SME+)),Temporary Worker - Charity Worker
Yarrow Charitable Trust,Manchester,Cambridgeshire,Worker (A (Premium)),Skilled Worker
Ingoldsby Insurance (South West),Birmingham,Avon,Worker (A rating),Skilled Worker
Kirkbride Property,Oxford,Avon,Worker (A rating),Skilled Worker
Gatcombe Energy Services,Sheffield,,Worker (B rating),Skilled Worker
Aberfoyle Property Group,Edinburgh,,Worker (A (SME+)),Temporary Worker - Creative Worker
Langmoor Dental Practice Services,Reading,Avon,Worker (B rating),Skilled Worker
Jedburgh Recycling International,Cardiff,West Yorkshire,Worker (A (SME+)),Skilled Worker
Ilminster Insurance International,Oxford,,Worker (A (SME+)),Skilled Worker
Lyneham Building International,Cambridge,Cambridgeshire,Worker (A rating),Skilled Worker
Granthorpe Logistics (South West),Edinburgh,Greater London,Worker (A rating),Skilled Worker
Quenby Packaging Services,Cambridge,West Yorkshire,Worker (A rating),Temporary Worker - Charity Worker
Hensingham Packaging Group,Reading,Cambridgeshire,Worker (A (SME+)),Skilled Worker
Ingoldsby Security (North),Cardiff,Greater London,Worker (A rating),Skilled Worker
Aberfoyle Healthcare Holdings,London,Cambridgeshire,Worker (B rating),Skilled Worker
Yealand Insurance,Bristol,Avon,Worker (A (SME+)),Skilled Worker
Rushmere Insurance Group,Leeds,,Worker (A (Premium)),Skilled Worker
Prioryfield Packaging Group,Cambridge,Greater London,Worker (A rating),Skilled Worker
Rushmere Marine Holdings,Edinburgh,Greater London,Worker (A rating),Skilled Worker
Kirkbride Property Group,Birmingham,Cambridgeshire,Worker (A (SME+)),Global Business Mobility - Senior or Specialist Worker
Duncastle Care Services Services,Bristol,Greater London,Worker (A rating),Skilled Worker
Calderstone Energy (South West),Reading,Avon,Worker (B rating),Skilled Worker
Yarrow Capital Partners,Sheffield,West Yorkshire,Worker (A rating),Skilled Worker
Eldersley Packaging,Sheffield,Cambridgeshire,Worker (A rating),Skilled Worker
Granthorpe Property (South West),Sheffield,West Yorkshire,Worker (A (SME+)),Skilled Worker
Dunsfold Insurance Group,Glasgow,Greater London,Worker (A rating),Skilled Worker
Whitmarsh Veterinary Services,Manchester,West Yorkshire,Worker (B rating),Skilled Worker
Whitmarsh Healthcare Group,Edinburgh,West Yorkshire,Worker (B rating),Skilled Worker
Mortlake Recycling Partners,Glasgow,Greater London,Worker (A (Premium)),Skilled Worker
Oakhurst Instruments,Birmingham,Cambridgeshire,Worker (B rating),Skilled Worker
Hollowmere Nurseries (South West),Birmingham,Cambridgeshire,Worker (A (SME+)),Skilled Worker
Newlyn Marine Group,Sheffield,Greater London,Worker (A rating),Skilled Worker
Hollowmere Property Group,Cambridge,West Yorkshire,Worker (B rating),Skilled Worker
Whitmarsh Haulage,Edinburgh,West Yorkshire,Worker (A (Premium)),Temporary Worker - Charity Worker
Everleigh Motors Holdings,Manchester,,Worker (A rating),Skilled Worker
Barrowmead Property Ltd,Sheffield,Greater London,Worker (A rating),Skilled Worker
Kirkbride Care Services (South West),Reading,Avon,Worker (A rating),Scale-up Worker
Fairbourne Dental Practice,Bristol,Greater London,Worker (B rating),Skilled Worker
Elmgate Holdings Ltd T/A Elmgate Intelligence,Sheffield,Avon,Worker (A rating),Skilled Worker
Barrowmead Foods Group,Sheffield,Avon,Worker (A rating),Skilled Worker
Mortlake Agriculture Group,Oxford,West Yorkshire,Worker (B rating),Skilled Worker
Dunsfold Agriculture UK,Sheffield,,Worker (A (Premium)),Skilled Worker
Prioryfield Security,Bristol,,Worker (A rating),Temporary Worker - Creative Worker
Bickleigh Print,Bristol,West Yorkshire,Worker (A rating),Skilled Worker
Tealby Logistics Partners,Cardiff,Cambridgeshire,Worker (A (Premium)),Skilled Worker
Prioryfield Print Group,Birmingham,,Worker (B rating),Skilled Worker
Ulverston Building Partners,Manchester,,Worker (A rating),Scale-up Worker
Cranmore Pharmacy Services,Bristol,Greater London,Worker (B rating),Global Business Mobility - Senior or Specialist Worker
Rushmere Logistics Ltd,Cardiff,West Yorkshire,Worker (A rating),Temporary Worker - Creative Worker
Eldersley Pharmacy Services,Manchester,Greater London,Worker (B rating),Skilled Worker
Granthorpe Haulage Group,Sheffield,Avon,Worker (A (SME+)),Skilled Worker
Hollowmere Care Services Holdings,Glasgow,Cambridgeshire,Worker (A rating),Skilled Worker
Whitmarsh Insurance (South West),Bristol,Greater London,Worker (A rating),Global Business Mobility - Senior or Specialist Worker
Northwind Robotics,Leeds,Cambridgeshire,Worker (A rating),Skilled Worker
Hensingham Nurseries,Bristol,Greater London,Worker (A rating),Skilled Worker
Tealby Motors Partners,Birmingham,Greater London,Worker (A rating),Skilled Worker
Newlyn Agriculture,Cambridge,Cambridgeshire,Worker (A rating),Skilled Worker
Everleigh Energy (South West),Manchester,Greater London,Worker (A (Premium)),Skilled Worker
Everleigh Motors,Cambridge,,Worker (A (SME+)),Skilled Worker
Newlyn Logistics UK,Birmingham,Greater London,Worker (A rating),Skilled Worker
Everleigh Catering (South West),Cambridge,Greater London,Worker (A rating),Skilled Worker
Barrowmead Catering Holdings,Cambridge,West Yorkshire,Worker (A rating),Skilled Worker
Dunsfold Foods,Manchester,,Worker (A (Premium)),Skilled Worker
Aberfoyle Textiles Holdings,Leeds,,Worker (B rating),Skilled Worker
Gatcombe Recycling International,Reading,Cambridgeshire,Worker (B rating),Skilled Worker
Cranmore Agriculture (North),London,,Worker (A (SME+)),Skilled Worker
Hensingham Recycling Holdings,Birmingham,Cambridgeshire,Worker (A (SME+)),Skilled Worker
Stanbrook Insurance,Reading,Cambridgeshire,Worker (A (SME+)),Skilled Worker
Duncastle Logistics,London,,Worker (A (Premium)),Skilled Worker
Gatcombe Haulage Group,Sheffield,Greater London,Worker (A rating),Skilled Worker
Oswaldby Property International,Cambridge,Cambridgeshire,Worker (A rating),Skilled Worker
Eldersley Catering (South West),London,West Yorkshire,Worker (A (Premium)),Skilled Worker
Tealby Insurance (North),Manchester,Avon,Worker (A (Premium)),Skilled Worker
Mortlake Recycling (South West),Edinburgh,West Yorkshire,Worker (A (SME+)),Skilled Worker
Foxbourne Nurseries Holdings,Leeds,Cambridgeshire,Worker (A (Premium)),Skilled Worker
Kirkbride Pharmacy (South West),Leeds,Cambridgeshire,Worker (B rating),Skilled Worker
Whitmarsh Dental Practice,Birmingham,Greater London,Worker (A rating),Skilled Worker
Cranmore Haulage,London,Cambridgeshire,Worker (A (SME+)),Skilled Worker
Bramble Compute,Cardiff,Avon,Worker (B rating),Skilled Worker
Ingoldsby Textiles Group,Glasgow,Greater London,Worker (A rating),Skilled Worker
Kirkbride Energy Services,Birmingham,Avon,Worker (A rating),Skilled Worker
Granthorpe Retail,Cambridge,Cambridgeshire,Worker (A rating),Skilled Worker
Eldersley Haulage Services,Bristol,Greater London,Worker (A (Premium)),Skilled Worker
Stanbrook Insurance UK,Cambridge,,Worker (A (Premium)),Skilled Worker
Hollowmere Building International,Glasgow,,Worker (B rating),Skilled Worker
Ilminster Retail (South West),Reading,,Worker (A (SME+)),Skilled Worker
Whitmarsh Security Partners,Leeds,Avon,Worker (A (SME+)),Skilled Worker
Fairbourne Pharmacy,Edinburgh,Greater London,Worker (B rating),Skilled Worker
Ingoldsby Building Group,London,Cambridgeshire,Worker (A (SME+)),Skilled Worker
Everleigh Veterinary Services,Glasgow,West Yorkshire,Worker (A (SME+)),Skilled Worker
Foxbourne Pharmacy Holdings,Leeds,Cambridgeshire,Worker (A (Premium)),Skilled Worker
Langmoor Veterinary International,Reading,Cambridgeshire,Worker (B rating),Skilled Worker
Gatcombe Packaging UK,Edinburgh,West Yorkshire,Worker (A (Premium)),Global Business Mobility - Senior or Specialist Worker
Dunsfold Agriculture (South West),Glasgow,Cambridgeshire,Worker (A rating),Skilled Worker
Dunsfold Catering International,Cardiff,Greater London,Worker (B rating),Temporary Worker - Charity Worker
Barrowmead Foods (North),Edinburgh,Greater London,Worker (A (SME+)),Skilled Worker
Barrowmead Agriculture Group,Reading,Greater London,Worker (A (SME+)),Skilled Worker
Oswaldby Chemicals UK,Sheffield,Greater London,Worker (A rating),Temporary Worker - Creative Worker
Ingoldsby Security Partners,Cardiff,West Yorkshire,Worker (B rating),Skilled Worker
Oswaldby Foods Group,London,,Worker (A rating),Skilled Worker
Prioryfield Chemicals (South West),Cambridge,West Yorkshire,Worker (B rating),Skilled Worker
Stanbrook Haulage,Sheffield,,Worker (A rating),Skilled Worker
Fairbourne Haulage Group,Reading,,Worker (A rating),Scale-up Worker
Aberfoyle Haulage Services,Glasgow,Cambridgeshire,Worker (A rating),Skilled Worker
Brackenridge Software UK,London,Avon,Worker (A rating),Skilled Worker
Granthorpe Pharmacy Partners,Oxford,,Worker (A rating),Skilled Worker
Hensingham Haulage (North),Glasgow,West Yorkshire,Worker (A rating),Skilled Worker
Ulverston Energy Services,Bristol,Greater London,Worker (A rating),Skilled Worker
Gatcombe Catering Partners,Cardiff,West Yorkshire,Worker (A rating),Skilled Worker
Granthorpe Retail (South West),Leeds,Avon,Worker (A (Premium)),Skilled Worker
Stanbrook Insurance International,Cardiff,Avon,Worker (A (SME+)),Skilled Worker
Prioryfield Dental Practice (North),Cardiff,Avon,Worker (A rating),Skilled Worker
Everleigh Energy UK,Birmingham,West Yorkshire,Worker (A rating),Skilled Worker
Quenby Property Partners,Sheffield,Cambridgeshire,Worker (A rating),Skilled Worker
Ilminster Chemicals International,Reading,Avon,Worker (A rating),Global Business Mobility - Senior or Specialist Worker
Fairbourne Catering Group,Reading,West Yorkshire,Worker (A rating),Skilled Worker
Aberfoyle Veterinary,Reading,,Worker (B rating),Skilled Worker
Ulverston Packaging (North),Bristol,,Worker (B rating),Skilled Worker
Stanbrook Agriculture Ltd,Leeds,Avon,Worker (A rating),Skilled Worker
Langmoor Healthcare (North),Birmingham,Greater London,Worker (A rating),Skilled Worker
Ulverston Foods Partners,London,Greater London,Worker (A rating),Skilled Worker
Fairbourne Insurance Partners,Oxford,Avon,Worker (A rating),Skilled Worker
Kirkbride Catering Partners,Manchester,Avon,Worker (A rating),Skilled Worker
Barrowmead Nurseries Holdings,Sheffield,West Yorkshire,Worker (B rating),Skilled Worker
Fairbourne Print,Sheffield,Avon,Worker (A rating),Skilled Worker
Aberfoyle Dental Practice UK,Cambridge,Greater London,Worker (A rating),Skilled Worker
Ilminster Building (North),Reading,Greater London,Worker (A rating),Skilled Worker
Everleigh Chemicals,Leeds,West Yorkshire,Worker (B rating),Skilled Worker
Foxbourne Building Group,Edinburgh,West Yorkshire,Worker (A rating),Skilled Worker
Tealby Foods Partners,Sheffield,Cambridgeshire,Worker (A rating),Skilled Worker
Westmere Holdings Ltd T/A Glassmoor Talent,Oxford,,Worker (A rating),Skilled Worker
Hollowmere Chemicals International,Edinburgh,,Worker (A rating),Skilled Worker
Everleigh Catering Ltd,Reading,West Yorkshire,Worker (A (Premium)),Global Business Mobility - Senior or Specialist Worker
Quenby Recycling (South West),Glasgow,Avon,Worker (A rating),Skilled Worker
Duncastle Haulage Ltd,Sheffield,,Worker (B rating),Skilled Worker
Newlyn Building Services,London,Cambridgeshire,Worker (A rating),Skilled Worker
Drakewell Capital Partners,Glasgow,Cambridgeshire,Worker (A rating),Skilled Worker
Tealby Haulage (South West),Glasgow,Greater London,Worker (B rating),Temporary Worker - Charity Worker
Calderstone Care Services Holdings,Reading,,Worker (A (SME+)),Skilled Worker
Ingoldsby Haulage Holdings,Oxford,Greater London,Worker (A rating),Scale-up Worker
Quenby Foods Ltd,Edinburgh,,Worker (A rating),Skilled Worker
Verewood Nurseries Holdings,Cambridge,Avon,Worker (A rating),Skilled Worker
Duncastle Energy Ltd,Edinburgh,Greater London,Worker (A rating),Skilled Worker
Calderstone Security Partners,London,Cambridgeshire,Worker (A (SME+)),Skilled Worker
Mortlake Chemicals Ltd,Bristol,West Yorkshire,Worker (A rating),Skilled Worker
Cranmore Care Services Partners,Manchester,Avon,Worker (A rating),Skilled Worker
Tealby Retail Partners,Cambridge,Cambridgeshire,Worker (A (Premium)),Temporary Worker - Creative Worker
Rushmere Retail International,Oxford,Avon,Worker (A (SME+)),Skilled Worker
Lyneham Pharmacy Holdings,Manchester,Greater London,Worker (A (Premium)),Temporary Worker - Creative Worker
Fairbourne Veterinary Holdings,Oxford,,Worker (A rating),Skilled Worker
Duncastle Agriculture,London,West Yorkshire,Worker (A rating),Skilled Worker
Calderstone Chemicals (South West),Sheffield,Avon,Worker (A rating),Skilled Worker
Quenby Retail Holdings,Birmingham,Cambridgeshire,Worker (A rating),Skilled Worker
Mortlake Nurseries,Glasgow,Greater London,Worker (A rating),Scale-up Worker
Ilminster Haulage,London,Greater London,Worker (A (SME+)),Skilled Worker
Quenby Motors,Cardiff,Cambridgeshire,Worker (A (Premium)),Skilled Worker
Hollowmere Haulage (South West),Bristol,Avon,Worker (A rating),Skilled Worker
Cranmore Building Services,Leeds,Greater London,Worker (A (Premium)),Skilled Worker
Lyneham Property Holdings,Manchester,West Yorkshire,Worker (A rating),Skilled Worker
Gatcombe Security,Cambridge,,Worker (A (SME+)),Temporary Worker - Charity Worker
Fairbourne Logistics International,Bristol,,Worker (A rating),Skilled Worker
Prioryfield Textiles (South West),Sheffield,,Worker (A rating),Skilled Worker
Prioryfield Packaging Services,Bristol,,Worker (A (SME+)),Skilled Worker
Gatcombe Packaging Services,Cambridge,Avon,Worker (A rating),Skilled Worker
Eldersley Security (North),Sheffield,,Worker (A (SME+)),Skilled Worker
Barrowmead Veterinary Group,Sheffield,West Yorkshire,Worker (A (Premium)),Skilled Worker
Stanbrook Pharmacy UK,Bristol,Avon,Worker (A (SME+)),Temporary Worker - Creative Worker
Langmoor Care Services (North),London,West Yorkshire,Worker (A rating),Global Business Mobility - Senior or Specialist Worker
Bickleigh Insurance Services,Glasgow,West Yorkshire,Worker (A rating),Skilled Worker
Langmoor Nurseries Services,Reading,,Worker (A (Premium)),Scale-up Worker
Fairbourne Packaging Ltd,Reading,Avon,Worker (A rating),Global Business Mobility - Senior or Specialist Worker
Dunsfold Chemicals Partners,Bristol,Greater London,Worker (A rating),Skilled Worker
Cobalt Staffing,Birmingham,Greater London,Worker (A (Premium)),Skilled Worker
Granthorpe Recycling,Edinburgh,Greater London,Worker (A (SME+)),Skilled Worker
Drakewell Charitable Trust,London,West Yorkshire,Worker (A rating),Skilled Worker
Calderstone Catering Services,Birmingham,Greater London,Worker (A (Premium)),Temporary Worker - Charity Worker
Quenby Logistics Services,Cambridge,Avon,Worker (A (Premium)),Temporary Worker - Creative Worker
Mortlake Retail UK,Glasgow,,Worker (A rating),Temporary Worker - Charity Worker
Inglewood Logic UK,Sheffield,Avon,Worker (A rating),Skilled Worker
Ilminster Haulage Group,Reading,Avon,Worker (A (SME+)),Temporary Worker - Creative Worker
Foxbourne Recycling,London,,Worker (A (SME+)),Skilled Worker
Calderstone Print (South West),Bristol,Greater London,Worker (B rating),Global Business Mobility - Senior or Specialist Worker
Gatcombe Energy Holdings,Birmingham,Greater London,Worker (B rating),Skilled Worker
Everleigh Recycling Holdings,Cambridge,Avon,Worker (A rating),Skilled Worker
Barrowmead Veterinary,Bristol,Greater London,Worker (B rating),Skilled Worker
Langmoor Dental Practice (North),Reading,Cambridgeshire,Worker (A rating),Skilled Worker
Ilminster Marine Holdings,Glasgow,West Yorkshire,Worker (B rating),Skilled Worker
Aberfoyle Security Holdings,Bristol,Cambridgeshire,Worker (A (SME+)),Skilled Worker
Stanbrook Energy UK,Oxford,West Yorkshire,Worker (A (SME+)),Skilled Worker
Oswaldby Motors Partners,Sheffield,,Worker (A rating),Global Business Mobility - Senior or Specialist Worker
Hensingham Pharmacy Holdings,Cardiff,Greater London,Worker (A rating),Skilled Worker
Tealby Building Holdings,Manchester,,Worker (A (Premium)),Skilled Worker
Duncastle Recycling,Glasgow,Avon,Worker (A rating),Skilled Worker
Ilminster Building (South West),Edinburgh,Avon,Worker (A rating),Skilled Worker
Kirkbride Insurance,Sheffield,West Yorkshire,Worker (A rating),Skilled Worker
Eastgate Dynamics,Sheffield,West Yorkshire,Worker (A (Premium)),Skilled Worker
Kirkbride Agriculture,Glasgow,Cambridgeshire,Worker (B rating),Scale-up Worker
Oswaldby Agriculture Services,Glasgow,Avon,Worker (A (SME+)),Skilled Worker
Ingoldsby Print,Edinburgh,Avon,Worker (A rating),Scale-up Worker
Duncastle Property Partners,Bristol,West Yorkshire,Worker (A rating),Skilled Worker
Prioryfield Retail Group,Oxford,Cambridgeshire,Worker (A rating),Temporary Worker - Charity Worker
Prioryfield Nurseries International,Bristol,Cambridgeshire,Worker (B rating),Skilled Worker
Granthorpe Insurance Services,Bristol,Avon,Worker (B rating),Skilled Worker
Newlyn Pharmacy UK,Edinburgh,Cambridgeshire,Worker (B rating),Skilled Worker
Eldersley Foods Partners,London,West Yorkshire,Worker (B rating),Skilled Worker
Kirkbride Agriculture Ltd,Birmingham,Greater London,Worker (B rating),Skilled Worker
Whitmarsh Foods Services,Cardiff,West Yorkshire,Worker (A rating),Skilled Worker
Quenby Retail Services,Sheffield,Greater London,Worker (A rating),Skilled Worker
Hollowmere Haulage (North),Sheffield,Greater London,Worker (A rating),Skilled Worker
Calderstone Recycling International,Cardiff,Avon,Worker (B rating),Skilled Worker
Quenby Chemicals Partners,Oxford,West Yorkshire,Worker (A rating),Skilled Worker
Everleigh Care Services Ltd,Reading,Greater London,Worker (A (Premium)),Skilled Worker
Ingoldsby Property UK,Reading,West Yorkshire,Worker (A rating),Skilled Worker
Kirkbride Nurseries Ltd,London,West Yorkshire,Worker (A rating),Skilled Worker
Newlyn Print,Cambridge,Cambridgeshire,Worker (A rating),Temporary Worker - Creative Worker
Coldharbour Analytics,Manchester,Cambridgeshire,Worker (A rating),Skilled Worker
Dunsfold Building,Birmingham,,Worker (B rating),Skilled Worker
Jedburgh Foods Services,Cardiff,,Worker (A rating),Skilled Worker
Prioryfield Motors (North),Edinburgh,Avon,Worker (A (SME+)),Skilled Worker
Yealand Healthcare,Reading,Cambridgeshire,Worker (A rating),Skilled Worker
Gatcombe Foods Ltd,Manchester,Avon,Worker (B rating),Skilled Worker
Hensingham Security Ltd,Reading,Avon,Worker (A rating),Skilled Worker
Stanbrook Print Services,Bristol,Greater London,Worker (A rating),Skilled Worker
Ashcombe Systems UK,Cambridge,Greater London,Worker (A (Premium)),Skilled Worker
Keldwick Motors Services,Edinburgh,,Worker (A (Premium)),Skilled Worker
Dunsfold Energy,Bristol,Avon,Worker (A (SME+)),Skilled Worker
Cranmore Property (South West),Glasgow,,Worker (A rating),Skilled Worker
Eldersley Recycling Group,Manchester,West Yorkshire,Worker (A (Premium)),Skilled Worker
Eldersley Care Services Services,Sheffield,Cambridgeshire,Worker (B rating),Skilled Worker
Verewood Energy Holdings,Bristol,Cambridgeshire,Worker (B rating),Skilled Worker
Stanbrook Motors (South West),Sheffield,West Yorkshire,Worker (A rating),Skilled Worker
Keldwick Motors (South West),Leeds,Avon,Worker (B rating),Skilled Worker
Tealby Dental Practice,Leeds,Avon,Worker (A rating),Skilled Worker
Keldwick Care Services Holdings,Edinburgh,West Yorkshire,Worker (B rating),Skilled Worker
Hollowmere Print (South West),Oxford,Greater London,Worker (B rating),Skilled Worker
Foxbourne Marine UK,Birmingham,Avon,Worker (A (SME+)),Temporary Worker - Charity Worker
Tealby Catering (South West),Cardiff,Greater London,Worker (B rating),Skilled Worker
Mortlake Energy,Birmingham,Avon,Worker (A rating),Skilled Worker
Ilminster Foods Group,Birmingham,,Worker (B rating),Skilled Worker
Oswaldby Energy (South West),Cambridge,West Yorkshire,Worker (A rating),Skilled Worker
Bickleigh Catering (South West),Cardiff,Avon,Worker (A (Premium)),Skilled Worker
Duncastle Energy Partners,Manchester,Greater London,Worker (A rating),Skilled Worker
Duncastle Retail Services,Oxford,Cambridgeshire,Worker (A rating),Skilled Worker
Whitmarsh Foods (South West),Manchester,Greater London,Worker (A (Premium)),Skilled Worker
Gatcombe Energy (South West),Bristol,West Yorkshire,Worker (A rating),Skilled Worker
Ilminster Security Ltd,Manchester,Greater London,Worker (A rating),Skilled Worker
Oswaldby Agriculture,Oxford,Avon,Worker (B rating),Skilled Worker
Rushmere Recycling Partners,Cambridge,Avon,Worker (B rating),Skilled Worker
Ulverston Retail Group,Leeds,Greater London,Worker (A (Premium)),Skilled Worker
Langmoor Marine,Glasgow,West Yorkshire,Worker (A rating),Global Business Mobility - Senior or Specialist Worker
Bramble Analytics,Leeds,Cambridgeshire,Worker (A rating),Skilled Worker
Granthorpe Care Services,Reading,Cambridgeshire,Worker (B rating),Skilled Worker
Rushmere Dental Practice UK,Birmingham,,Worker (A (Premium)),Skilled Worker
Eldersley Haulage Partners,Oxford,Cambridgeshire,Worker (B rating),Skilled Worker
Foxbourne Property (North),Manchester,,Worker (A (Premium)),Skilled Worker
Yealand Nurseries Partners,Reading,Cambridgeshire,Worker (B rating),Temporary Worker - Creative Worker
Tealby Nurseries,Oxford,West Yorkshire,Worker (A (Premium)),Skilled Worker
Jedburgh Recycling Services,Bristol,Greater London,Worker (A rating),Skilled Worker
Lyneham Haulage (South West),Reading,Avon,Worker (A (SME+)),Skilled Worker
Rushmere Agriculture (South West),Cambridge,,Worker (A rating),Skilled Worker
Ilminster Building Ltd,Birmingham,Cambridgeshire,Worker (A rating),Skilled Worker
Langmoor Building Services,Manchester,,Worker (A rating),Skilled Worker
Mortlake Agriculture,London,West Yorkshire,Worker (A (Premium)),Skilled Worker
Rushmere Property Group,Glasgow,,Worker (A rating),Skilled Worker
Mortlake Veterinary,Edinburgh,Greater London,Worker (A rating),Skilled Worker
Thornbury Data,Manchester,Greater London,Worker (A rating),Skilled Worker
Ilminster Care Services UK,Reading,West Yorkshire,Worker (B rating),Skilled Worker
Cranmore Packaging UK,Reading,Greater London,Worker (A rating),Skilled Worker
Bickleigh Energy,London,Cambridgeshire,Worker (B rating),Skilled Worker
Rushmere Catering,Bristol,,Worker (A (SME+)),Skilled Worker
Calderstone Veterinary Holdings,Bristol,Greater London,Worker (A (SME+)),Skilled Worker
Everleigh Property UK,London,West Yorkshire,Worker (B rating),Skilled Worker
Granthorpe Nurseries Services,Edinburgh,Avon,Worker (A rating),Skilled Worker
Kirkbride Security (North),Bristol,Cambridgeshire,Worker (A (Premium)),Skilled Worker
Barrowmead Property Partners,Edinburgh,Avon,Worker (A (Premium)),Skilled Worker
Silverbeck Software,Oxford,,Worker (A rating),Skilled Worker
Whitmarsh Dental Practice (South West),Leeds,West Yorkshire,Worker (A rating),Skilled Worker
Cranmore Insurance Ltd,Leeds,Cambridgeshire,Worker (A (SME+)),Skilled Worker
Hensingham Pharmacy Ltd,Bristol,Cambridgeshire,Worker (A rating),Global Business Mobility - Senior or Specialist Worker
Lyneham Motors International,Cardiff,,Worker (A rating),Skilled Worker
Lyneham Haulage International,Manchester,West Yorkshire,Worker (A (SME+)),Temporary Worker - Creative Worker
Ingoldsby Packaging UK,Edinburgh,Cambridgeshire,Worker (B rating),Skilled Worker
Ulverston Agriculture Holdings,Edinburgh,Greater London,Worker (A (SME+)),Scale-up Worker
Stanbrook Healthcare Services,Glasgow,,Worker (A (SME+)),Global Business Mobility - Senior or Specialist Worker
Calderstone Retail Services,Glasgow,,Worker (A (Premium)),Skilled Worker
Duncastle Nurseries,Sheffield,,Worker (A rating),Skilled Worker
Ingoldsby Retail UK,Oxford,,Worker (A rating),Skilled Worker
Eldersley Nurseries Group,Edinburgh,Greater London,Worker (A (Premium)),Temporary Worker - Charity Worker
Eldersley Retail Services,London,Greater London,Worker (B rating),Scale-up Worker
Fairbourne Motors (North),Cardiff,Avon,Worker (A (Premium)),Skilled Worker
Oswaldby Property Group,London,,Worker (A rating),Skilled Worker
Bickleigh Logistics Services,Manchester,Avon,Worker (A rating),Temporary Worker - Creative Worker
Barrowmead Healthcare Services,Glasgow,,Worker (B rating),Skilled Worker
Keldwick Marine (North),Sheffield,,Worker (A (SME+)),Global Business Mobility - Senior or Specialist Worker
Granthorpe Healthcare UK,London,Avon,Worker (A rating),Skilled Worker
Langmoor Motors Services,Oxford,Greater London,Worker (B rating),Skilled Worker
Aberfoyle Pharmacy,London,Avon,Worker (A (Premium)),Skilled Worker
Langmoor Haulage Partners,Glasgow,Cambridgeshire,Worker (A rating),Skilled Worker
Duncastle Catering (South West),Leeds,Cambridgeshire,Worker (A (SME+)),Skilled Worker
Dunsfold Logistics UK,Leeds,,Worker (A (SME+)),Temporary Worker - Creative Worker
Duncastle Veterinary Ltd,Glasgow,Cambridgeshire,Worker (A (SME+)),Skilled Worker
Aberfoyle Print International,Reading,West Yorkshire,Worker (A (SME+)),Scale-up Worker
Dunsfold Catering (North),Birmingham,Greater London,Worker (A (SME+)),Skilled Worker
Everleigh Healthcare Holdings,London,West Yorkshire,Worker (A rating),Skilled Worker
Ingoldsby Security Ltd,Edinburgh,Greater London,Worker (A (SME+)),Skilled Worker
Rushmere Logistics Group,London,Avon,Worker (A rating),Skilled Worker
Barrowmead Packaging International,Cardiff,Cambridgeshire,Worker (A (SME+)),Skilled Worker
Newlyn Marine,London,,Worker (B rating),Skilled Worker
Eastgate Intelligence,London,,Worker (A rating),Skilled Worker
Foxbourne Textiles Partners,Birmingham,West Yorkshire,Worker (A rating),Skilled Worker
Ingoldsby Motors Holdings,Bristol,Cambridgeshire,Worker (A rating),Skilled Worker
Kirkbride Haulage Group,Leeds,Greater London,Worker (A (SME+)),Skilled Worker
Granthorpe Chemicals Services,London,Avon,Worker (A (Premium)),Skilled Worker
Tealby Care Services (South West),Cambridge,Cambridgeshire,Worker (B rating),Skilled Worker
Calderstone Dental Practice (South West),Birmingham,,Worker (A (SME+)),Skilled Worker
Duncastle Nurseries UK,Sheffield,Greater London,Worker (A rating),Temporary Worker - Creative Worker
Oswaldby Healthcare (South West),London,Greater London,Worker (A rating),Skilled Worker
Calderstone Packaging Partners,Cambridge,West Yorkshire,Worker (A (Premium)),Skilled Worker
Stanbrook Marine Holdings,London,West Yorkshire,Worker (A rating),Skilled Worker
Rushmere Chemicals Partners,Birmingham,Greater London,Worker (A (Premium)),Skilled Worker
Gatcombe Packaging Holdings,Cardiff,Avon,Worker (A rating),Skilled Worker
Prioryfield Packaging Ltd,London,Avon,Worker (A rating),Skilled Worker
Oswaldby Haulage Services,Leeds,Avon,Worker (A rating),Skilled Worker
Quenby Motors Services,Glasgow,,Worker (A (Premium)),Skilled Worker
Ulverston Catering Partners,Edinburgh,Greater London,Worker (A rating),Skilled Worker
Verewood Marine Ltd,Oxford,,Worker (A rating),Skilled Worker
Mortlake Building UK,Manchester,,Worker (A (Premium)),Skilled Worker
Oswaldby Retail,Manchester,Cambridgeshire,Worker (A rating),Skilled Worker
Bickleigh Building Holdings,Cardiff,West Yorkshire,Worker (A (SME+)),Skilled Worker
Kirkbride Logistics (South West),Reading,Cambridgeshire,Worker (A (Premium)),Skilled Worker
Fairbourne Insurance UK,Sheffield,,Worker (A (SME+)),Skilled Worker
Everleigh Recycling (South West),Oxford,Greater London,Worker (A rating),Skilled Worker
Granthorpe Healthcare,Glasgow,West Yorkshire,Worker (A (Premium)),Skilled Worker
Langmoor Building UK,Oxford,Avon,Worker (A (SME+)),Skilled Worker
Newlyn Building,Edinburgh,,Worker (A rating),Skilled Worker
Underhill Platforms,Bristol,Cambridgeshire,Worker (A (SME+)),Skilled Worker
Foxbourne Packaging (North),Manchester,Greater London,Worker (A (Premium)),Global Business Mobility - Senior or Specialist Worker
Ravenswood Staffing,Oxford,Avon,Worker (B rating),Skilled Worker
Lyneham Nurseries,Glasgow,West Yorkshire,Worker (A (SME+)),Global Business Mobility - Senior or Specialist Worker
Ulverston Textiles Partners,Bristol,,Worker (A rating),Skilled Worker
Prioryfield Veterinary Holdings,Oxford,Greater London,Worker (B rating),Skilled Worker
Mortlake Marine,Manchester,,Worker (A rating),Skilled Worker
Hensingham Motors Partners,Reading,Cambridgeshire,Worker (A rating),Global Business Mobility - Senior or Specialist Worker
Hensingham Security (South West),Sheffield,Greater London,Worker (A rating),Temporary Worker - Charity Worker
Eldersley Foods Ltd,Manchester,Avon,Worker (A (Premium)),Skilled Worker
Jedburgh Chemicals International,London,West Yorkshire,Worker (A (SME+)),Skilled Worker
Langmoor Print Services,Glasgow,Greater London,Worker (A (SME+)),Skilled Worker
Tealby Security International,Glasgow,Cambridgeshire,Worker (A rating),Temporary Worker - Charity Worker
Langmoor Pharmacy Holdings,Edinburgh,Avon,Worker (A rating),Skilled Worker
Mortlake Insurance Partners,Cardiff,Cambridgeshire,Worker (A rating),Skilled Worker
Quenby Retail Group,Manchester,Avon,Worker (A (SME+)),Scale-up Worker
Langmoor Motors Partners,Cambridge,Avon,Worker (B rating),Skilled Worker
Cranmore Veterinary (South West),Birmingham,West Yorkshire,Worker (A rating),Skilled Worker
Cranmore Marine Ltd,London,Cambridgeshire,Worker (A (SME+)),Global Business Mobility - Senior or Specialist Worker
Barrowmead Textiles,Cardiff,Avon,Worker (A rating),Skilled Worker
Verewood Logistics (North),Leeds,Avon,Worker (A rating),Skilled Worker
Fairbourne Chemicals,Manchester,,Worker (B rating),Skilled Worker
Newlyn Recycling Group,Glasgow,Greater London,Worker (A rating),Temporary Worker - Charity Worker
Keldwick Dental Practice International,Leeds,,Worker (A (Premium)),Skilled Worker
Gatcombe Energy International,Oxford,Cambridgeshire,Worker (A (SME+)),Skilled Worker
Duncastle Energy UK,Bristol,Avon,Worker (A (Premium)),Skilled Worker
Langmoor Retail (North),Cambridge,Greater London,Worker (B rating),Skilled Worker
Yealand Building Ltd,Oxford,Avon,Worker (A (SME+)),Scale-up Worker
Aberfoyle Recycling UK,Reading,Cambridgeshire,Worker (A (Premium)),Temporary Worker - Charity Worker
Keldwick Pharmacy,Cardiff,Greater London,Worker (A rating),Skilled Worker
Rushmere Property Ltd,Sheffield,Greater London,Worker (A (SME+)),Scale-up Worker
Ulverston Foods Ltd,Reading,,Worker (A (Premium)),Skilled Worker
Quenby Building International,Edinburgh,West Yorkshire,Worker (B rating),Temporary Worker - Charity Worker
Kirkbride Catering UK,Edinburgh,Greater London,Worker (A (Premium)),Skilled Worker
Hensingham Veterinary UK,Birmingham,West Yorkshire,Worker (B rating),Skilled Worker
Tealby Catering Services,Bristol,,Worker (A (Premium)),Temporary Worker - Creative Worker
Barrowmead Energy (South West),Cardiff,,Worker (B rating),Skilled Worker
Bickleigh Insurance (South West),Manchester,Avon,Worker (A (Premium)),Skilled Worker
Everleigh Retail International,Leeds,Cambridgeshire,Worker (A rating),Skilled Worker
Tealby Insurance Partners,Glasgow,Cambridgeshire,Worker (A rating),Skilled Worker
Dunsfold Textiles,Glasgow,Greater London,Worker (A (SME+)),Skilled Worker
Quenby Agriculture International,Glasgow,West Yorkshire,Worker (A rating),Skilled Worker
Hensingham Energy Partners,Leeds,Cambridgeshire,Worker (A rating),Skilled Worker
Calderstone Energy Services,Cambridge,West Yorkshire,Worker (A rating),Skilled Worker
Lyneham Textiles Partners,Oxford,Cambridgeshire,Worker (B rating),Skilled Worker
Lyneham Logistics (South West),Oxford,Cambridgeshire,Worker (A (SME+)),Skilled Worker
Hollowmere Energy Group,Reading,Avon,Worker (A rating),Skilled Worker
Verewood Retail International,Sheffield,Greater London,Worker (A (SME+)),Skilled Worker
Barrowmead Dental Practice (North),London,Cambridgeshire,Worker (A rating),Temporary Worker - Charity Worker
Bickleigh Packaging UK,Birmingham,Cambridgeshire,Worker (B rating),Temporary Worker - Charity Worker
Dunsfold Care Services Holdings,Bristol,,Worker (A (SME+)),Skilled Worker
Verewood Haulage (North),Edinburgh,Greater London,Worker (A (SME+)),Skilled Worker
Oswaldby Chemicals Ltd,Sheffield,West Yorkshire,Worker (B rating),Skilled Worker
Foxbourne Textiles (South West),Oxford,,Worker (A rating),Global Business Mobility - Senior or Specialist Worker
Rushmere Building Ltd,Edinburgh,,Worker (A (SME+)),Skilled Worker
Rushmere Recycling (South West),Manchester,Cambridgeshire,Worker (A rating),Skilled Worker
Hensingham Agriculture (South West),Birmingham,Cambridgeshire,Worker (A rating),Skilled Worker
Fairbourne Haulage Ltd,Edinburgh,Avon,Worker (A rating),Temporary Worker - Creative Worker
Mortlake Insurance UK,London,Avon,Worker (B rating),Temporary Worker - Charity Worker
Ulverston Building UK,Glasgow,,Worker (A (Premium)),Skilled Worker
Oswaldby Haulage Partners,Bristol,Greater London,Worker (A rating),Skilled Worker
Silverbeck Compute,Sheffield,West Yorkshire,Worker (B rating),Skilled Worker
Lyneham Logistics Partners,Cambridge,Greater London,Worker (A (Premium)),Skilled Worker
Hensingham Print,Cardiff,Avon,Worker (A rating),Skilled Worker
Calderstone Energy Ltd,Oxford,,Worker (A rating),Skilled Worker
Whitmarsh Haulage (North),Sheffield,Cambridgeshire,Worker (A rating),Skilled Worker
Aberfoyle Recycling Partners,Reading,Greater London,Worker (A rating),Skilled Worker
Meridian Recruitment,Cardiff,Cambridgeshire,Worker (A (Premium)),Skilled Worker
Everleigh Marine Ltd,Glasgow,Avon,Worker (B rating),Skilled Worker
Ingoldsby Property (South West),Cambridge,Cambridgeshire,Worker (A rating),Skilled Worker
Verewood Recycling Services,Reading,West Yorkshire,Worker (A (Premium)),Skilled Worker
Ilminster Healthcare UK,Cambridge,Greater London,Worker (A rating),Skilled Worker
Aberfoyle Foods Ltd,Reading,West Yorkshire,Worker (A rating),Skilled Worker
Foxbourne Chemicals International,Reading,Cambridgeshire,Worker (A rating),Skilled Worker
Jedburgh Print Group,Bristol,Cambridgeshire,Worker (A rating),Skilled Worker
Newlyn Veterinary Services,Cambridge,Greater London,Worker (A rating),Scale-up Worker
Calderstone Healthcare (South West),Manchester,West Yorkshire,Worker (A rating),Skilled Worker
Barrowmead Building (South West),Manchester,Greater London,Worker (A (Premium)),Skilled Worker
Gatcombe Textiles Ltd,Birmingham,West Yorkshire,Worker (A rating),Skilled Worker
Stanbrook Haulage Group,Leeds,,Worker (A rating),Scale-up Worker
Whitmarsh Energy Partners,London,Avon,Worker (A rating),Skilled Worker
Lyneham Packaging (South West),London,Avon,Worker (A rating),Skilled Worker
Yealand Chemicals (North),Glasgow,,Worker (A rating),Skilled Worker
Stanbrook Textiles (South West),Manchester,Greater London,Worker (A (Premium)),Skilled Worker
Cranmore Pharmacy Ltd,Cardiff,Greater London,Worker (A (SME+)),Skilled Worker
Eldersley Pharmacy Group,Manchester,Avon,Worker (A (SME+)),Skilled Worker
Dunsfold Nurseries,Bristol,Cambridgeshire,Worker (A rating),Temporary Worker - Creative Worker
Lyneham Catering (South West),Edinburgh,Greater London,Worker (B rating),Skilled Worker
Langmoor Pharmacy Services,Cambridge,,Worker (A rating),Temporary Worker - Charity Worker
Duncastle Nurseries Holdings,Sheffield,Cambridgeshire,Worker (A (Premium)),Global Business Mobility - Senior or Specialist Worker
Whitmarsh Pharmacy Holdings,Birmingham,,Worker (A (Premium)),Skilled Worker
Calderstone Energy Partners,Edinburgh,West Yorkshire,Worker (A (SME+)),Skilled Worker
Langmoor Nurseries (North),London,,Worker (A rating),Skilled Worker
Fairbourne Agriculture Group,Edinburgh,Avon,Worker (B rating),Skilled Worker
Ingoldsby Chemicals Partners,Leeds,,Worker (B rating),Skilled Worker
Whitmarsh Healthcare Ltd,Reading,West Yorkshire,Worker (A (Premium)),Skilled Worker
Cindermere Technologies,Reading,Avon,Worker (A rating),Skilled Worker
Kirkbride Print Holdings,London,Cambridgeshire,Worker (A (SME+)),Skilled Worker
Dunsfold Security (North),Reading,Greater London,Worker (A (SME+)),Skilled Worker
Stanbrook Chemicals Group,Sheffield,Greater London,Worker (A rating),Skilled Worker
Highmoor Technologies UK,Bristol,Greater London,Worker (A rating),Skilled Worker
Eldersley Print Ltd,London,Avon,Worker (B rating),Skilled Worker
Keldwick Print,Bristol,West Yorkshire,Worker (A rating),Scale-up Worker
Calderstone Packaging International,Birmingham,,Worker (A rating),Skilled Worker
Hensingham Agriculture,Bristol,Cambridgeshire,Worker (A rating),Skilled Worker
Yealand Motors (North),Reading,,Worker (A (Premium)),Skilled Worker
Hollowmere Security (South West),Oxford,Greater London,Worker (A rating),Temporary Worker - Creative Worker
Verewood Marine Holdings,Manchester,West Yorkshire,Worker (A (Premium)),Skilled Worker
Jedburgh Care Services International,Oxford,West Yorkshire,Worker (B rating),Skilled Worker
Calderstone Logistics UK,Oxford,West Yorkshire,Worker (A rating),Skilled Worker
Aberfoyle Nurseries Services,Cambridge,Cambridgeshire,Worker (A (SME+)),Skilled Worker
Duncastle Healthcare Group,Cambridge,Greater London,Worker (A rating),Scale-up Worker
Barrowmead Marine International,Edinburgh,Cambridgeshire,Worker (A rating),Skilled Worker
Fairbourne Print Holdings,Manchester,Cambridgeshire,Worker (A (SME+)),Skilled Worker
Stanbrook Energy (South West),Cambridge,Cambridgeshire,Worker (A rating),Skilled Worker
Hensingham Dental Practice (South West),Cambridge,Greater London,Worker (A rating),Skilled Worker
Langmoor Print Partners,Sheffield,West Yorkshire,Worker (A rating),Skilled Worker
Lowfield Digital,Oxford,West Yorkshire,Worker (A (Premium)),Skilled Worker
Barrowmead Motors (North),Manchester,West Yorkshire,Worker (A (Premium)),Skilled Worker
Foxbourne Chemicals,Sheffield,,Worker (A (SME+)),Skilled Worker
Jedburgh Care Services UK,Reading,Greater London,Worker (A rating),Global Business Mobility - Senior or Specialist Worker
Tealby Marine International,Birmingham,Greater London,Worker (A rating),Skilled Worker
Jedburgh Foods (South West),Sheffield,Avon,Worker (A rating),Skilled Worker
Hensingham Retail Holdings,Cambridge,Avon,Worker (A (Premium)),Skilled Worker
Stanbrook Nurseries UK,London,,Worker (A rating),Skilled Worker
Prioryfield Motors,London,Avon,Worker (A (SME+)),Skilled Worker
Ilminster Catering Holdings,Birmingham,West Yorkshire,Worker (A (Premium)),Skilled Worker
Quenby Retail Ltd,Glasgow,Avon,Worker (A (Premium)),Skilled Worker
Bickleigh Nurseries Ltd,Oxford,,Worker (A rating),Skilled Worker
Duncastle Building (South West),Reading,Cambridgeshire,Worker (A rating),Temporary Worker - Creative Worker
Stanbrook Property UK,Leeds,West Yorkshire,Worker (A rating),Skilled Worker
Newlyn Building Holdings,Edinburgh,,Worker (A rating),Skilled Worker
Whitmarsh Nurseries International,Cardiff,West Yorkshire,Worker (A rating),Skilled Worker
Fairbourne Nurseries International,Manchester,,Worker (B rating),Temporary Worker - Charity Worker
Langmoor Pharmacy Group,Oxford,West Yorkshire,Worker (B rating),Skilled Worker
Gatcombe Print (South West),Bristol,Greater London,Worker (B rating),Skilled Worker
Stanbrook Nurseries International,Birmingham,,Worker (A (Premium)),Skilled Worker
Bickleigh Security Services,Manchester,,Worker (A rating),Temporary Worker - Creative Worker
Langmoor Insurance (North),Leeds,Cambridgeshire,Worker (A rating),Skilled Worker
Gatcombe Packaging Group,Oxford,Avon,Worker (A rating),Skilled Worker
Kirkbride Energy Holdings,Cambridge,Avon,Worker (A rating),Skilled Worker
Bickleigh Pharmacy Ltd,Oxford,Cambridgeshire,Worker (B rating),Skilled Worker
Verewood Catering Group,Manchester,,Worker (A rating),Global Business Mobility - Senior or Specialist Worker
Lyneham Agriculture (South West),Glasgow,,Worker (A (SME+)),Skilled Worker
Yealand Security,Edinburgh,,Worker (B rating),Skilled Worker
Eldersley Care Services Holdings,Leeds,Greater London,Worker (A rating),Skilled Worker
Bickleigh Security Partners,Leeds,Avon,Worker (A (Premium)),Skilled Worker
Jedburgh Agriculture Partners,Bristol,,Worker (A rating),Skilled Worker
Lyneham Print Services,Bristol,,Worker (A (Premium)),Skilled Worker
Oswaldby Dental Practice Holdings,Cardiff,,Worker (B rating),Skilled Worker
Barrowmead Veterinary (North),Manchester,West Yorkshire,Worker (A rating),Skilled Worker
Dunsfold Dental Practice International,London,Greater London,Worker (A rating),Global Business Mobility - Senior or Specialist Worker
Jedburgh Veterinary International,Leeds,,Worker (A rating),Skilled Worker
Hensingham Retail UK,Manchester,West Yorkshire,Worker (A (Premium)),Skilled Worker
Calderstone Motors International,Edinburgh,Cambridgeshire,Worker (B rating),Skilled Worker
Calderstone Energy,Oxford,Avon,Worker (A rating),Skilled Worker
Stanbrook Energy Group,Leeds,Greater London,Worker (A (Premium)),Skilled Worker
Calderstone Building UK,Sheffield,,Worker (A (Premium)),Skilled Worker
Stanbrook Catering Group,Birmingham,,Worker (A (Premium)),Temporary Worker - Creative Worker
Newlyn Recycling (South West),Cardiff,West Yorkshire,Worker (A rating),Skilled Worker
Barrowmead Veterinary UK,Leeds,Greater London,Worker (B rating),Temporary Worker - Creative Worker
Cranmore Security,Manchester,Greater London,Worker (A rating),Skilled Worker
Hollowmere Textiles Group,Oxford,,Worker (A rating),Temporary Worker - Charity Worker
Yealand Packaging Ltd,London,,Worker (A rating),Skilled Worker
Granthorpe Textiles Holdings,Cardiff,Avon,Worker (A rating),Skilled Worker
Langmoor Textiles (North),Birmingham,West Yorkshire,Worker (A rating),Skilled Worker
Cranmore Textiles (North),London,Cambridgeshire,Worker (A rating),Skilled Worker
Dunsfold Marine (South West),Cambridge,West Yorkshire,Worker (A rating),Skilled Worker
Verewood Dental Practice (South West),Edinburgh,Cambridgeshire,Worker (A (Premium)),Skilled Worker
Calderstone Logistics Ltd,Manchester,Cambridgeshire,Worker (A (SME+)),Skilled Worker
Verewood Building Ltd,Birmingham,Avon,Worker (A (Premium)),Skilled Worker
Everleigh Care Services Partners,Edinburgh,West Yorkshire,Worker (A rating),Skilled Worker
Ingoldsby Motors,Cambridge,,Worker (A (Premium)),Skilled Worker
Whitmarsh Print Partners,Cambridge,Cambridgeshire,Worker (A rating),Skilled Worker
Granthorpe Packaging Holdings,Reading,Greater London,Worker (B rating),Skilled Worker
Aldercroft Capital Partners,Birmingham,West Yorkshire,Worker (A rating),Skilled Worker
Ilminster Insurance Services,Oxford,Cambridgeshire,Worker (A (Premium)),Temporary Worker - Charity Worker
Gatcombe Haulage Services,Cambridge,West Yorkshire,Worker (A rating),Temporary Worker - Charity Worker
Kirkbride Recycling Ltd,Leeds,Cambridgeshire,Worker (A (SME+)),Skilled Worker
Verewood Haulage UK,London,Greater London,Worker (B rating),Skilled Worker
Barrowmead Care Services Holdings,Sheffield,Avon,Worker (A rating),Skilled Worker
Oswaldby Haulage (South West),Bristol,Avon,Worker (A (Premium)),Skilled Worker
Newlyn Textiles (North),Bristol,,Worker (A rating),Skilled Worker
Granthorpe Haulage Ltd,Manchester,,Worker (A rating),Scale-up Worker
Hollowmere Healthcare Partners,Manchester,Greater London,Worker (A (Premium)),Skilled Worker
Newlyn Dental Practice UK,Manchester,,Worker (A (SME+)),Scale-up Worker
Hensingham Insurance (North),Cardiff,,Worker (A (Premium)),Skilled Worker
Whitmarsh Packaging,Cambridge,Avon,Worker (A rating),Skilled Worker
Dunmore Compute,Edinburgh,Cambridgeshire,Worker (A (Premium)),Skilled Worker
Quenby Chemicals (North),Oxford,,Worker (A rating),Skilled Worker
Prioryfield Motors Partners,Cardiff,,Worker (A rating),Skilled Worker
Foxbourne Energy Partners,Bristol,Avon,Worker (A (SME+)),Skilled Worker
Gatcombe Recycling,Birmingham,,Worker (B rating),Skilled Worker
Mortlake Dental Practice (South West),Cardiff,Avon,Worker (A rating),Skilled Worker
Kirkbride Logistics,Birmingham,,Worker (A (Premium)),Skilled Worker
Everleigh Motors (South West),Birmingham,Greater London,Worker (B rating),Skilled Worker
Prioryfield Building Ltd,Birmingham,Cambridgeshire,Worker (A (SME+)),Skilled Worker
Prioryfield Textiles UK,Birmingham,Greater London,Worker (A rating),Skilled Worker
Calderstone Catering International,Sheffield,Greater London,Worker (A rating),Skilled Worker
Ulverston Dental Practice (South West),Glasgow,,Worker (B rating),Temporary Worker - Charity Worker
Whitmarsh Chemicals (North),Edinburgh,Avon,Worker (A rating),Skilled Worker
Kirkbride Building (South West),Manchester,West Yorkshire,Worker (B rating),Skilled Worker
Calderstone Property Services,Bristol,Greater London,Worker (A rating),Skilled Worker
Newlyn Insurance,London,Greater London,Worker (B rating),Skilled Worker
Keldwick Catering UK,Edinburgh,West Yorkshire,Worker (B rating),Skilled Worker
Verewood Pharmacy International,Birmingham,,Worker (A rating),Skilled Worker
Keldwick Agriculture Ltd,London,Greater London,Worker (A rating),Skilled Worker
Quenby Care Services (North),Edinburgh,,Worker (A rating),Skilled Worker
Hollowmere Recycling (South West),Birmingham,,Worker (A rating),Skilled Worker
Everleigh Catering,Leeds,Avon,Worker (A (SME+)),Temporary Worker - Creative Worker
Aberfoyle Packaging Services,Oxford,Avon,Worker (A rating),Skilled Worker
Everleigh Healthcare International,Reading,West Yorkshire,Worker (A (SME+)),Skilled Worker
Cranmore Pharmacy Holdings,Birmingham,,Worker (B rating),Skilled Worker
Keldwick Marine Partners,Manchester,Cambridgeshire,Worker (A rating),Temporary Worker - Charity Worker
Granthorpe Building,Birmingham,,Worker (A (Premium)),Skilled Worker
Mortlake Nurseries Group,Bristol,Greater London,Worker (A rating),Temporary Worker - Charity Worker
Kirkbride Packaging Group,Cardiff,Greater London,Worker (B rating),Skilled Worker
Aberfoyle Foods UK,Edinburgh,Avon,Worker (B rating),Temporary Worker - Creative Worker
Barrowmead Packaging,Birmingham,West Yorkshire,Worker (A (Premium)),Skilled Worker
Tealby Pharmacy Group,Manchester,Cambridgeshire,Worker (A (SME+)),Skilled Worker
Newlyn Retail,Oxford,Greater London,Worker (B rating),Scale-up Worker
Yealand Packaging UK,Manchester,Avon,Worker (A (SME+)),Skilled Worker
Whitmarsh Nurseries Services,Birmingham,,Worker (A rating),Skilled Worker
Calderstone Insurance UK,Bristol,Greater London,Worker (A rating),Skilled Worker
Aberfoyle Recycling,Manchester,West Yorkshire,Worker (A rating),Skilled Worker
Verewood Security Group,Reading,Avon,Worker (B rating),Skilled Worker
Tealby Chemicals Partners,Sheffield,West Yorkshire,Worker (A rating),Temporary Worker - Creative Worker
Cranmore Nurseries Group,Edinburgh,,Worker (A rating),Skilled Worker
Silverbeck Charitable Trust,Birmingham,Avon,Worker (A (Premium)),Skilled Worker
Cranmore Haulage UK,Glasgow,,Worker (B rating),Global Business Mobility - Senior or Specialist Worker
Whitmarsh Print Group,Edinburgh,Greater London,Worker (A rating),Temporary Worker - Creative Worker
Quenby Catering International,Sheffield,Avon,Worker (A rating),Skilled Worker
Everleigh Motors UK,Cardiff,Greater London,Worker (A rating),Skilled Worker
Quenby Dental Practice (North),Reading,Greater London,Worker (A rating),Skilled Worker
Gatcombe Textiles,London,Cambridgeshire,Worker (B rating),Temporary Worker - Creative Worker
Verewood Nurseries UK,Leeds,Cambridgeshire,Worker (A (Premium)),Skilled Worker
Tealby Energy,Reading,Cambridgeshire,Worker (B rating),Skilled Worker
Fairbourne Energy Services,Cambridge,,Worker (A rating),Skilled Worker
Quillon Systems,London,Greater London,Worker (A (SME+)),Skilled Worker
Lyneham Retail,London,Cambridgeshire,Worker (B rating),Skilled Worker
Verewood Recycling,Manchester,Cambridgeshire,Worker (B rating),Temporary Worker - Creative Worker
Newlyn Logistics Holdings,Glasgow,Greater London,Worker (A (SME+)),Skilled Worker
Rushmere Retail (North),Manchester,Cambridgeshire,Worker (A (SME+)),Skilled Worker
Ingoldsby Logistics Ltd,Leeds,Cambridgeshire,Worker (B rating),Skilled Worker
Grindlow Networks,Glasgow,Avon,Worker (B rating),Skilled Worker
Dunsfold Healthcare UK,Cardiff,West Yorkshire,Worker (B rating),Temporary Worker - Charity Worker
Gatcombe Foods International,Oxford,,Worker (A (SME+)),Temporary Worker - Creative Worker
Tealby Security,Glasgow,Greater London,Worker (A rating),Skilled Worker
Everleigh Motors (North),Edinburgh,,Worker (A rating),Temporary Worker - Charity Worker
Foxbourne Property UK,Cardiff,Cambridgeshire,Worker (A rating),Temporary Worker - Charity Worker
Keldwick Retail,Sheffield,Cambridgeshire,Worker (A (Premium)),Skilled Worker
Kirkbride Logistics Group,Edinburgh,Avon,Worker (B rating),Skilled Worker
Lyneham Pharmacy,Edinburgh,Avon,Worker (A rating),Skilled Worker
Granthorpe Nurseries,Reading,West Yorkshire,Worker (A rating),Skilled Worker
Mortlake Energy Partners,Birmingham,Avon,Worker (A (Premium)),Skilled Worker
Rushmere Agriculture Ltd,Birmingham,West Yorkshire,Worker (A (Premium)),Skilled Worker
Duncastle Logistics Group,Glasgow,Cambridgeshire,Worker (A rating),Skilled Worker
Hollowmere Logistics Holdings,Oxford,Greater London,Worker (B rating),Skilled Worker
Lyneham Haulage UK,Glasgow,Avon,Worker (A rating),Skilled Worker
Hensingham Care Services (North),Sheffield,Cambridgeshire,Worker (A rating),Temporary Worker - Charity Worker
Cranmore Building Ltd,Cardiff,Avon,Worker (A (SME+)),Scale-up Worker
Tealby Energy Holdings,Birmingham,Greater London,Worker (A rating),Skilled Worker
Hensingham Dental Practice,Leeds,,Worker (A rating),Skilled Worker
Duncastle Packaging (South West),Leeds,Cambridgeshire,Worker (A rating),Skilled Worker
Dunsfold Catering UK,Reading,Avon,Worker (B rating),Skilled Worker
Stanbrook Building (South West),Birmingham,,Worker (B rating),Skilled Worker
Keldwick Property Services,Leeds,West Yorkshire,Worker (A (SME+)),Skilled Worker
Drakewell Intelligence,Glasgow,Cambridgeshire,Worker (A (Premium)),Skilled Worker
Whitmarsh Catering (South West),Cardiff,Cambridgeshire,Worker (A (Premium)),Skilled Worker
Aldercroft Dynamics,Oxford,Greater London,Worker (A rating),Skilled Worker
Quenby Security (North),Glasgow,,Worker (B rating),Skilled Worker
Hensingham Security Group,Sheffield,Avon,Worker (A rating),Temporary Worker - Creative Worker
Whitmarsh Foods UK,Edinburgh,Avon,Worker (A (Premium)),Scale-up Worker
Ilminster Marine International,Cardiff,Avon,Worker (A rating),Skilled Worker
Kirkbride Building,Birmingham,Cambridgeshire,Worker (A rating),Skilled Worker
Foxbourne Haulage UK,Cardiff,,Worker (B rating),Skilled Worker
Rushmere Marine Partners,Bristol,West Yorkshire,Worker (A rating),Temporary Worker - Charity Worker
Oswaldby Insurance Partners,Cambridge,Avon,Worker (A rating),Global Business Mobility - Senior or Specialist Worker
Ulverston Logistics Group,Sheffield,,Worker (A (Premium)),Skilled Worker
Eldersley Energy Ltd,Cambridge,,Worker (A (Premium)),Skilled Worker
Lyneham Healthcare,Reading,,Worker (A rating),Temporary Worker - Creative Worker
Verewood Property (North),Sheffield,Greater London,Worker (A rating),Skilled Worker
Barrowmead Recycling Services,Oxford,Avon,Worker (A rating),Skilled Worker
Aberfoyle Recycling Holdings,Leeds,Greater London,Worker (A rating),Skilled Worker
Bickleigh Nurseries Holdings,Oxford,Greater London,Worker (A (Premium)),Skilled Worker
Lyneham Recycling Group,Edinburgh,West Yorkshire,Worker (A rating),Temporary Worker - Creative Worker
Bickleigh Logistics UK,Reading,West Yorkshire,Worker (A rating),Skilled Worker
Quenby Building,Cardiff,,Worker (A rating),Skilled Worker
Verewood Care Services UK,Bristol,Cambridgeshire,Worker (A (Premium)),Skilled Worker
Keldwick Dental Practice Group,Manchester,West Yorkshire,Worker (A rating),Skilled Worker
Jedburgh Insurance International,Birmingham,West Yorkshire,Worker (A (Premium)),Skilled Worker
Quenby Packaging International,Oxford,West Yorkshire,Worker (A rating),Skilled Worker
Foxbourne Logistics Holdings,Leeds,Avon,Worker (B rating),Skilled Worker
Eldersley Packaging Group,Birmingham,Avon,Worker (A (Premium)),Skilled Worker
Gatcombe Veterinary,London,Cambridgeshire,Worker (A rating),Skilled Worker
Everleigh Foods Holdings,Sheffield,West Yorkshire,Worker (B rating),Skilled Worker
Mortlake Foods Services,Cambridge,Cambridgeshire,Worker (B rating),Skilled Worker
Duncastle Logistics Services,Birmingham,Cambridgeshire,Worker (A (SME+)),Skilled Worker
Keldwick Marine Holdings,Reading,,Worker (B rating),Skilled Worker
Ilminster Pharmacy Group,Glasgow,Cambridgeshire,Worker (A (SME+)),Skilled Worker
Stanbrook Building UK,Manchester,Greater London,Worker (B rating),Skilled Worker
Barrowmead Veterinary (South West),Oxford,,Worker (A rating),Skilled Worker
Mortlake Healthcare Partners,Manchester,Greater London,Worker (A rating),Skilled Worker
Keldwick Recycling,Leeds,Greater London,Worker (B rating),Skilled Worker
Oswaldby Insurance International,Manchester,Greater London,Worker (A rating),Skilled Worker
Duncastle Insurance Holdings,Sheffield,,Worker (A (SME+)),Global Business Mobility - Senior or Specialist Worker
Yealand Pharmacy,Birmingham,Avon,Worker (B rating),Skilled Worker
Netherby Charitable Trust,Leeds,West Yorkshire,Worker (A rating),Skilled Worker
Kirkbride Catering Holdings,Glasgow,Cambridgeshire,Worker (A rating),Skilled Worker
Stanbrook Chemicals UK,Leeds,Avon,Worker (A rating),Skilled Worker
Barrowmead Foods Partners,Sheffield,Greater London,Worker (B rating),Skilled Worker
Hollowmere Retail Group,Glasgow,Avon,Worker (A (SME+)),Skilled Worker
Verewood Insurance,Reading,Avon,Worker (A (Premium)),Skilled Worker
Whitmarsh Foods,Cardiff,West Yorkshire,Worker (A (Premium)),Skilled Worker
Hollowmere Agriculture Holdings,Birmingham,Cambridgeshire,Worker (B rating),Skilled Worker
Eldersley Recycling Partners,Leeds,Avon,Worker (A rating),Temporary Worker - Creative Worker
Bickleigh Retail Partners,Manchester,West Yorkshire,Worker (A rating),Scale-up Worker
Quenby Packaging,Edinburgh,Cambridgeshire,Worker (A rating),Skilled Worker
Dunsfold Pharmacy Services,Sheffield,West Yorkshire,Worker (A rating),Skilled Worker
Fairbourne Property International,Manchester,Cambridgeshire,Worker (A rating),Skilled Worker
Ulverston Foods Holdings,Oxford,Greater London,Worker (B rating),Temporary Worker - Charity Worker
Quenby Retail (North),Manchester,,Worker (A (Premium)),Temporary Worker - Creative Worker
Oswaldby Logistics Partners,Birmingham,,Worker (A rating),Skilled Worker
Eldersley Healthcare Partners,Edinburgh,West Yorkshire,Worker (A rating),Skilled Worker
Hollowmere Print International,Oxford,West Yorkshire,Worker (A (Premium)),Skilled Worker
Duncastle Agriculture International,Cambridge,Greater London,Worker (A (Premium)),Skilled Worker
Stanbrook Recycling Partners,Cardiff,Avon,Worker (B rating),Skilled Worker
Mortlake Marine Group,Birmingham,Greater London,Worker (A (SME+)),Scale-up Worker
Dunsfold Healthcare (North),Cardiff,Avon,Worker (A rating),Global Business Mobility - Senior or Specialist Worker
Langmoor Building Holdings,Cambridge,West Yorkshire,Worker (A rating),Skilled Worker
Calderstone Building Group,Sheffield,Greater London,Worker (A (SME+)),Global Business Mobility - Senior or Specialist Worker
Fairbourne Catering International,Manchester,Avon,Worker (A rating),Skilled Worker
Prioryfield Pharmacy,Bristol,,Worker (A rating),Skilled Worker
Gatcombe Healthcare (South West),Cambridge,West Yorkshire,Worker (A (Premium)),Skilled Worker
Langmoor Building (South West),Cardiff,,Worker (B rating),Global Business Mobility - Senior or Specialist Worker
Verewood Security,Sheffield,Cambridgeshire,Worker (A (Premium)),Skilled Worker
Tealby Recycling UK,Bristol,Avon,Worker (A rating),Skilled Worker
Tealby Security UK,Birmingham,West Yorkshire,Worker (A rating),Skilled Worker
Calderstone Care Services,Cardiff,Avon,Worker (A (SME+)),Skilled Worker
Lyneham Logistics International,Glasgow,Greater London,Worker (A (SME+)),Skilled Worker
Hensingham Veterinary (North),Bristol,Greater London,Worker (A rating),Skilled Worker
Whitmarsh Packaging Group,Sheffield,,Worker (A (Premium)),Skilled Worker
Everleigh Healthcare (South West),Birmingham,Cambridgeshire,Worker (A rating),Global Business Mobility - Senior or Specialist Worker
Calderstone Motors Group,Sheffield,Cambridgeshire,Worker (A (Premium)),Skilled Worker
Mortlake Foods Group,Leeds,Greater London,Worker (A (SME+)),Skilled Worker
Stanbrook Veterinary Holdings,Manchester,Avon,Worker (A (SME+)),Skilled Worker
Ulverston Healthcare International,Edinburgh,,Worker (A rating),Skilled Worker
Oswaldby Nurseries,Bristol,Avon,Worker (A rating),Skilled Worker
Eldersley Building,Reading,Cambridgeshire,Worker (A (Premium)),Temporary Worker - Charity Worker
Hensingham Marine Group,Bristol,West Yorkshire,Worker (A (Premium)),Skilled Worker
Kirkbride Packaging (South West),London,Cambridgeshire,Worker (A rating),Skilled Worker
Hensingham Textiles Group,Edinburgh,West Yorkshire,Worker (A rating),Skilled Worker
Hensingham Healthcare,Leeds,Cambridgeshire,Worker (A rating),Skilled Worker
Ingoldsby Haulage,London,West Yorkshire,Worker (B rating),Temporary Worker - Charity Worker
Lyneham Foods Partners,Glasgow,Avon,Worker (A rating),Skilled Worker
Verewood Veterinary International,Cardiff,,Worker (A rating),Skilled Worker
Hollowmere Recycling Holdings,Edinburgh,Avon,Worker (B rating),Skilled Worker
Verewood Textiles Holdings,London,Greater London,Worker (A rating),Skilled Worker
Hollowmere Security UK,Reading,Avon,Worker (A (Premium)),Skilled Worker
Bickleigh Packaging,London,Greater London,Worker (A (Premium)),Global Business Mobility - Senior or Specialist Worker
Tealby Nurseries Holdings,Reading,Cambridgeshire,Worker (A (Premium)),Skilled Worker
Ingoldsby Dental Practice Services,Birmingham,Avon,Worker (A rating),Scale-up Worker
Quenby Logistics Group,Birmingham,Greater London,Worker (A rating),Skilled Worker
Whitmarsh Print Services,Edinburgh,West Yorkshire,Worker (A rating),Skilled Worker
Ingoldsby Print UK,Cambridge,Greater London,Worker (B rating),Skilled Worker
Hollowmere Healthcare,Oxford,Greater London,Worker (A rating),Skilled Worker
Granthorpe Print International,Bristol,West Yorkshire,Worker (A rating),Temporary Worker - Charity Worker
Aberfoyle Haulage International,Edinburgh,,Worker (B rating),Skilled Worker
Quenby Insurance Ltd,Manchester,Greater London,Worker (A rating),Skilled Worker
Cranmore Security (North),Oxford,Cambridgeshire,Worker (A (Premium)),Skilled Worker
Foxbourne Haulage Services,Reading,West Yorkshire,Worker (A (Premium)),Skilled Worker
Fairbourne Dental Practice Ltd,Manchester,,Worker (B rating),Global Business Mobility - Senior or Specialist Worker
Verewood Packaging Holdings,Birmingham,Cambridgeshire,Worker (A rating),Skilled Worker
Foxbourne Dental Practice UK,Reading,,Worker (A rating),Skilled Worker
Calderstone Foods Group,Birmingham,Cambridgeshire,Worker (B rating),Skilled Worker
Verewood Packaging UK,Reading,West Yorkshire,Worker (A rating),Skilled Worker
Ulverston Marine Partners,Cambridge,Avon,Worker (A (SME+)),Skilled Worker
Ingoldsby Dental Practice Group,Reading,Avon,Worker (A rating),Skilled Worker
Barrowmead Care Services Partners,Edinburgh,West Yorkshire,Worker (A (Premium)),Skilled Worker
Everleigh Print (South West),Sheffield,West Yorkshire,Worker (A (SME+)),Temporary Worker - Charity Worker
Ilminster Property (North),London,Cambridgeshire,Worker (B rating),Skilled Worker
Gatcombe Foods,Edinburgh,,Worker (A rating),Global Business Mobility - Senior or Specialist Worker
Aberfoyle Veterinary Services,Reading,Cambridgeshire,Worker (A rating),Skilled Worker
Aberfoyle Textiles UK,Cardiff,Avon,Worker (A rating),Skilled Worker
Jedburgh Building International,Manchester,Avon,Worker (A (SME+)),Skilled Worker
Whitmarsh Motors Partners,London,Avon,Worker (A rating),Skilled Worker
Jedburgh Security,Sheffield,West Yorkshire,Worker (A rating),Skilled Worker
Prioryfield Care Services Partners,Glasgow,Greater London,Worker (A (SME+)),Temporary Worker - Creative Worker
Stanbrook Catering,Leeds,,Worker (A (SME+)),Skilled Worker
Newlyn Marine International,Birmingham,,Worker (B rating),Skilled Worker
Verewood Packaging Services,Birmingham,,Worker (A (Premium)),Skilled Worker
Keldwick Veterinary,Manchester,Cambridgeshire,Worker (A (Premium)),Skilled Worker
Mortlake Textiles (North),Bristol,West Yorkshire,Worker (A (Premium)),Temporary Worker - Charity Worker
Ilminster Agriculture Ltd,Manchester,Greater London,Worker (A (Premium)),Skilled Worker
Duncastle Healthcare Ltd,Cardiff,Cambridgeshire,Worker (A (SME+)),Skilled Worker
Mortlake Retail Holdings,Reading,Greater London,Worker (A rating),Skilled Worker
Rushmere Building International,Bristol,Cambridgeshire,Worker (B rating),Skilled Worker
Aberfoyle Logistics,Cambridge,,Worker (A rating),Skilled Worker
Gatcombe Haulage (South West),Glasgow,Greater London,Worker (A (Premium)),Skilled Worker
Aberfoyle Security (South West),Edinburgh,Cambridgeshire,Worker (A (Premium)),Skilled Worker
Hensingham Chemicals,Cardiff,West Yorkshire,Worker (A rating),Skilled Worker
Gatcombe Chemicals,Cambridge,Greater London,Worker (A (Premium)),Skilled Worker
Ingoldsby Insurance Services,London,Avon,Worker (A (Premium)),Skilled Worker
Jedburgh Recycling (South West),Reading,,Worker (A rating),Skilled Worker
Ulverston Property Holdings,Bristol,Greater London,Worker (A (Premium)),Temporary Worker - Creative Worker
Ulverston Chemicals Partners,Glasgow,Cambridgeshire,Worker (B rating),Skilled Worker
Barrowmead Care Services Group,Sheffield,,Worker (B rating),Skilled Worker
Dunsfold Pharmacy International,London,,Worker (B rating),Scale-up Worker
Oswaldby Care Services Ltd,Cardiff,,Worker (A rating),Skilled Worker
Granthorpe Textiles International,Edinburgh,West Yorkshire,Worker (A rating),Skilled Worker
Keldwick Chemicals Group,Bristol,West Yorkshire,Worker (A rating),Skilled Worker
Ingoldsby Dental Practice International,Bristol,West Yorkshire,Worker (A rating),Skilled Worker
Kirkbride Insurance Services,Sheffield,Greater London,Worker (B rating),Temporary Worker - Charity Worker
Lyneham Recycling Ltd,Manchester,Greater London,Worker (A (Premium)),Skilled Worker
Elmgate Software,Sheffield,Greater London,Worker (A (Premium)),Skilled Worker
Jedburgh Recycling Partners,Oxford,West Yorkshire,Worker (A (SME+)),Skilled Worker
Hensingham Motors Services,Reading,Cambridgeshire,Worker (B rating),Skilled Worker
Kingsmead Instruments,Edinburgh,Avon,Worker (A (SME+)),Skilled Worker
Ulverston Logistics Partners,Sheffield,,Worker (A rating),Skilled Worker
Oswaldby Healthcare Group,Edinburgh,West Yorkshire,Worker (A rating),Skilled Worker
Whitmarsh Security Holdings,Oxford,Cambridgeshire,Worker (A rating),Skilled Worker
Oswaldby Haulage,Bristol,,Worker (B rating),Skilled Worker
Hollowmere Nurseries Holdings,Reading,Greater London,Worker (A (SME+)),Skilled Worker
Oswaldby Retail (South West),Oxford,Avon,Worker (A rating),Skilled Worker
Langmoor Textiles (South West),Sheffield,Cambridgeshire,Worker (A rating),Skilled Worker
Vantage Holdings Ltd T/A Pemberton Data,Oxford,Cambridgeshire,Worker (A (SME+)),Skilled Worker
Jedburgh Property Ltd,Oxford,Avon,Worker (A rating),Skilled Worker
Hollowmere Veterinary Services,Birmingham,,Worker (A (Premium)),Skilled Worker
Jedburgh Retail (North),Sheffield,,Worker (A rating),Skilled Worker
Eldersley Property (South West),Reading,Cambridgeshire,Worker (A (SME+)),Skilled Worker
Gatcombe Pharmacy Group,Cardiff,,Worker (A (SME+)),Skilled Worker
Foxbourne Nurseries,Cardiff,Cambridgeshire,Worker (B rating),Skilled Worker
Quenby Care Services Partners,Leeds,Cambridgeshire,Worker (A (SME+)),Skilled Worker
Yealand Healthcare International,Oxford,Avon,Worker (A (Premium)),Skilled Worker
Stanbrook Insurance (North),Birmingham,Greater London,Worker (A (SME+)),Skilled Worker
Prioryfield Building Partners,Bristol,,Worker (A rating),Skilled Worker
Ulverston Recycling Ltd,Oxford,Greater London,Worker (B rating),Skilled Worker
Mortlake Care Services Services,Oxford,Avon,Worker (A (Premium)),Skilled Worker
Rushmere Chemicals Group,Oxford,Greater London,Worker (A rating),Skilled Worker
Jedburgh Building (North),Bristol,Cambridgeshire,Worker (A rating),Skilled Worker
Fairbourne Property,Edinburgh,Cambridgeshire,Worker (A rating),Skilled Worker
Cranmore Chemicals (South West),Leeds,,Worker (A (Premium)),Skilled Worker
Foxbourne Foods International,Cardiff,Greater London,Worker (A (SME+)),Skilled Worker
Tealby Chemicals (North),Bristol,Avon,Worker (A rating),Skilled Worker
Hollowmere Chemicals UK,Cambridge,Avon,Worker (A rating),Skilled Worker
Eldersley Foods Group,Oxford,,Worker (A rating),Skilled Worker
Prioryfield Nurseries Ltd,Birmingham,Cambridgeshire,Worker (A rating),Skilled Worker
Mortlake Agriculture Holdings,Cambridge,West Yorkshire,Worker (A (Premium)),Skilled Worker
Coldharbour Systems,Reading,Avon,Worker (B rating),Skilled Worker
Keldwick Pharmacy Holdings,Leeds,,Worker (A (Premium)),Skilled Worker
Langmoor Chemicals UK,Birmingham,,Worker (A (Premium)),Skilled Worker
Mortlake Security Partners,Reading,West Yorkshire,Worker (A rating),Skilled Worker
Hensingham Healthcare Ltd,Sheffield,Cambridgeshire,Worker (A rating),Skilled Worker
Stanbrook Healthcare,Reading,Greater London,Worker (A (Premium)),Temporary Worker - Charity Worker
Quenby Logistics International,Leeds,Greater London,Worker (A (Premium)),Skilled Worker
Ingoldsby Dental Practice,Leeds,Avon,Worker (A rating),Skilled Worker
Calderstone Insurance (North),Cambridge,Greater London,Worker (A (SME+)),Skilled Worker
Duncastle Dental Practice Group,Manchester,Greater London,Worker (A rating),Skilled Worker
Duncastle Textiles (South West),Reading,Cambridgeshire,Worker (B rating),Skilled Worker
Eldersley Catering Holdings,Sheffield,Avon,Worker (A rating),Skilled Worker
Prioryfield Packaging (North),Oxford,Avon,Worker (A rating),Skilled Worker
Jedburgh Textiles (South West),London,Avon,Worker (A (SME+)),Temporary Worker - Charity Worker
Oswaldby Veterinary,Oxford,,Worker (A (Premium)),Skilled Worker
Verewood Motors (South West),Sheffield,,Worker (A rating),Global Business Mobility - Senior or Specialist Worker
Everleigh Healthcare Group,Sheffield,Greater London,Worker (B rating),Skilled Worker
Barrowmead Marine,Sheffield,Cambridgeshire,Worker (A rating),Skilled Worker
Tealby Building (North),Manchester,,Worker (B rating),Skilled Worker
Bickleigh Retail (North),London,Avon,Worker (B rating),Skilled Worker
Everleigh Building (North),Birmingham,Avon,Worker (A (SME+)),Skilled Worker
Rushmere Motors Partners,Oxford,,Worker (A rating),Skilled Worker
Larkspur Data,Glasgow,Greater London,Worker (A rating),Skilled Worker
Jedburgh Dental Practice Partners,Bristol,West Yorkshire,Worker (B rating),Skilled Worker
Foxbourne Motors (North),Manchester,,Worker (A rating),Skilled Worker
Bickleigh Catering (North),Sheffield,Avon,Worker (A rating),Skilled Worker
Rushmere Catering (South West),London,Greater London,Worker (A rating),Skilled Worker
Everleigh Marine (North),Glasgow,Avon,Worker (A rating),Skilled Worker
Bickleigh Foods Ltd,Reading,,Worker (A (SME+)),Skilled Worker
Aberfoyle Building,Manchester,Cambridgeshire,Worker (A rating),Skilled Worker
Aldercroft Recruitment,Glasgow,Cambridgeshire,Worker (A (SME+)),Skilled Worker
Bickleigh Care Services Services,London,Greater London,Worker (A rating),Skilled Worker
Granthorpe Marine,Cardiff,Greater London,Worker (B rating),Skilled Worker
Calderstone Veterinary Partners,Sheffield,Avon,Worker (B rating),Skilled Worker
Dunsfold Motors Partners,Oxford,,Worker (B rating),Skilled Worker
Quenby Security UK,Cambridge,Cambridgeshire,Worker (B rating),Skilled Worker
Fairbourne Print (North),Edinburgh,Greater London,Worker (B rating),Skilled Worker
Aberfoyle Marine Holdings,Sheffield,Greater London,Worker (A rating),Skilled Worker
Fairbourne Dental Practice UK,Reading,Cambridgeshire,Worker (B rating),Skilled Worker
Hollowmere Logistics Services,Cambridge,Greater London,Worker (A (Premium)),Skilled Worker
Tealby Building Services,Glasgow,West Yorkshire,Worker (A (SME+)),Skilled Worker
Underhill Logic,Sheffield,Cambridgeshire,Worker (A rating),Skilled Worker
Drakewell Holdings Ltd T/A Vantage Software,Bristol,Greater London,Worker (A (Premium)),Skilled Worker
Rushmere Security,Manchester,West Yorkshire,Worker (A rating),Skilled Worker
Rushmere Insurance International,Edinburgh,Cambridgeshire,Worker (A rating),Skilled Worker
Hensingham Chemicals Holdings,Leeds,Greater London,Worker (A (Premium)),Skilled Worker
Ilminster Nurseries,London,Cambridgeshire,Worker (A (SME+)),Skilled Worker
Hollowmere Care Services,Oxford,West Yorkshire,Worker (B rating),Skilled Worker
Ulverston Catering Group,Manchester,Cambridgeshire,Worker (A (Premium)),Skilled Worker
Jedburgh Retail Services,Sheffield,West Yorkshire,Worker (A rating),Skilled Worker
Tealby Recycling (North),Cardiff,,Worker (A rating),Skilled Worker
Fairbourne Insurance,Leeds,West Yorkshire,Worker (A rating),Temporary Worker - Creative Worker
Duncastle Motors (South West),Reading,Avon,Worker (B rating),Temporary Worker - Charity Worker
Eldersley Healthcare Services,Oxford,,Worker (A rating),Skilled Worker
Barrowmead Chemicals (North),Manchester,Cambridgeshire,Worker (A rating),Skilled Worker
Keldwick Logistics (South West),London,Greater London,Worker (A rating),Skilled Worker
Ilminster Energy Group,Cardiff,Greater London,Worker (A (Premium)),Temporary Worker - Creative Worker
Aberfoyle Print Ltd,Bristol,Cambridgeshire,Worker (A (Premium)),Skilled Worker
Tealby Retail,Cambridge,Cambridgeshire,Worker (A rating),Skilled Worker
Calderstone Healthcare Partners,Birmingham,Greater London,Worker (A rating),Temporary Worker - Charity Worker
Stanbrook Healthcare Group,Reading,,Worker (A rating),Scale-up Worker
Langmoor Textiles Holdings,Leeds,Avon,Worker (A rating),Skilled Worker
Duncastle Recycling Ltd,Reading,West Yorkshire,Worker (A (Premium)),Skilled Worker
Ulverston Haulage Ltd,Cambridge,West Yorkshire,Worker (A rating),Skilled Worker
Verewood Packaging,Edinburgh,Avon,Worker (A rating),Scale-up Worker
Barrowmead Recycling Group,Manchester,,Worker (A (SME+)),Skilled Worker
Everleigh Property Partners,Oxford,Cambridgeshire,Worker (A (Premium)),Skilled Worker
Oswaldby Building Partners,Edinburgh,Greater London,Worker (B rating),Skilled Worker
Foxbourne Catering,Leeds,Greater London,Worker (A rating),Skilled Worker
Calderstone Haulage UK,Oxford,Cambridgeshire,Worker (A rating),Skilled Worker
Dovetail Automation,Manchester,Avon,Worker (B rating),Skilled Worker
Lyneham Print Partners,Bristol,Avon,Worker (A rating),Skilled Worker
Foxbourne Recycling Holdings,Birmingham,Cambridgeshire,Worker (A (Premium)),Skilled Worker
Yealand Foods UK,Cambridge,,Worker (B rating),Skilled Worker
Lyneham Pharmacy Group,Edinburgh,West Yorkshire,Worker (A rating),Skilled Worker
Hensingham Motors,Reading,West Yorkshire,Worker (B rating),Global Business Mobility - Senior or Specialist Worker
Verewood Haulage,Glasgow,Greater London,Worker (B rating),Skilled Worker
Lyneham Textiles Services,Leeds,West Yorkshire,Worker (A rating),Skilled Worker
Bickleigh Marine Ltd,Manchester,West Yorkshire,Worker (A (SME+)),Global Business Mobility - Senior or Specialist Worker
Prioryfield Healthcare Ltd,Edinburgh,,Worker (A rating),Skilled Worker
Eldersley Insurance (South West),London,,Worker (B rating),Skilled Worker
Yealand Logistics Ltd,London,,Worker (B rating),Skilled Worker
Rushmere Packaging International,Manchester,Cambridgeshire,Worker (A rating),Skilled Worker
Lyneham Logistics,Edinburgh,,Worker (A (SME+)),Skilled Worker
Ingoldsby Dental Practice (South West),Oxford,Cambridgeshire,Worker (A (SME+)),Global Business Mobility - Senior or Specialist Worker
Ulverston Care Services,Reading,,Worker (A rating),Skilled Worker
Quenby Agriculture Group,Reading,,Worker (A (SME+)),Skilled Worker
Newlyn Logistics,Birmingham,Greater London,Worker (A rating),Skilled Worker
Yealand Foods Group,Reading,Avon,Worker (A rating),Skilled Worker
Hensingham Property Services,Bristol,Greater London,Worker (A rating),Skilled Worker
Aberfoyle Marine Ltd,Sheffield,Cambridgeshire,Worker (A (Premium)),Skilled Worker
Fairbourne Textiles,Cambridge,Cambridgeshire,Worker (B rating),Scale-up Worker
Jedburgh Print UK,Oxford,Avon,Worker (A (SME+)),Skilled Worker
Ilminster Agriculture (North),Reading,West Yorkshire,Worker (A (Premium)),Skilled Worker
Gatcombe Recycling Services,Cambridge,West Yorkshire,Worker (A (Premium)),Skilled Worker
Dunsfold Retail (North),Birmingham,West Yorkshire,Worker (A (SME+)),Skilled Worker
Duncastle Pharmacy Partners,Reading,West Yorkshire,Worker (A (SME+)),Temporary Worker - Charity Worker
Barrowmead Print Group,Edinburgh,Cambridgeshire,Worker (A rating),Skilled Worker
Gatcombe Pharmacy Ltd,Oxford,,Worker (A rating),Skilled Worker
Ingoldsby Logistics Partners,Manchester,Cambridgeshire,Worker (A rating),Skilled Worker
Gatcombe Nurseries Partners,Cambridge,Avon,Worker (A (Premium)),Skilled Worker
Quenby Retail,London,Avon,Worker (A rating),Skilled Worker
Dovetail Instruments,Bristol,Greater London,Worker (A (Premium)),Skilled Worker
Keldwick Logistics,Edinburgh,Greater London,Worker (A rating),Temporary Worker - Charity Worker
Granthorpe Building Services,Reading,West Yorkshire,Worker (A (SME+)),Skilled Worker
Brackenridge Dynamics UK,Edinburgh,Avon,Worker (A rating),Skilled Worker
Ulverston Care Services International,Bristol,,Worker (A (Premium)),Skilled Worker
Fairbourne Catering,Edinburgh,Cambridgeshire,Worker (B rating),Skilled Worker
Granthorpe Chemicals Partners,Cambridge,Cambridgeshire,Worker (A rating),Skilled Worker
Cranmore Recycling,Manchester,Avon,Worker (B rating),Skilled Worker
Eldersley Marine Ltd,Sheffield,West Yorkshire,Worker (B rating),Skilled Worker
Calderstone Retail,Sheffield,Greater London,Worker (B rating),Skilled Worker
Ulverston Motors UK,Leeds,Cambridgeshire,Worker (B rating),Global Business Mobility - Senior or Specialist Worker
Stanbrook Catering Ltd,Leeds,Cambridgeshire,Worker (A rating),Skilled Worker
Verewood Haulage Ltd,Sheffield,Avon,Worker (A rating),Skilled Worker
Cranmore Motors (North),Glasgow,Cambridgeshire,Worker (A (Premium)),Skilled Worker
Hollowmere Motors Services,Sheffield,West Yorkshire,Worker (B rating),Temporary Worker - Creative Worker
Fairbourne Agriculture Services,Bristol,West Yorkshire,Worker (B rating),Skilled Worker
Langmoor Building (North),Edinburgh,,Worker (A rating),Skilled Worker
Duncastle Catering,Oxford,,Worker (A rating),Skilled Worker
Mortlake Recycling (North),Bristol,,Worker (A (SME+)),Skilled Worker
Yealand Recycling Services,Sheffield,West Yorkshire,Worker (A rating),Skilled Worker
Cranmore Property UK,Birmingham,West Yorkshire,Worker (A rating),Temporary Worker - Creative Worker
Whitmarsh Motors Group,Sheffield,,Worker (A rating),Skilled Worker
Rushmere Veterinary,Glasgow,Avon,Worker (A (Premium)),Skilled Worker
Verewood Chemicals International,Bristol,,Worker (A (Premium)),Global Business Mobility - Senior or Specialist Worker
Tealby Property Services,Oxford,Greater London,Worker (A rating),Skilled Worker
Bickleigh Marine (North),Edinburgh,West Yorkshire,Worker (A rating),Skilled Worker
Stanbrook Security,London,,Worker (A rating),Skilled Worker
Lyneham Veterinary,Oxford,,Worker (A rating),Skilled Worker
Stanbrook Healthcare UK,Edinburgh,West Yorkshire,Worker (A (Premium)),Skilled Worker
Ulverston Building,Cambridge,West Yorkshire,Worker (A rating),Skilled Worker
Ilminster Packaging Group,Reading,Cambridgeshire,Worker (A rating),Skilled Worker
Langmoor Motors,Bristol,Greater London,Worker (A (SME+)),Skilled Worker
Duncastle Care Services,Edinburgh,West Yorkshire,Worker (A rating),Skilled Worker
Foxbourne Property Group,Birmingham,Greater London,Worker (B rating),Temporary Worker - Creative Worker
Ingoldsby Textiles Holdings,Birmingham,Cambridgeshire,Worker (A (Premium)),Temporary Worker - Charity Worker
Ingoldsby Textiles International,Cardiff,Cambridgeshire,Worker (A (SME+)),Skilled Worker
Lyneham Packaging Partners,Birmingham,Greater London,Worker (A (Premium)),Skilled Worker
Ilminster Nurseries Group,Glasgow,West Yorkshire,Worker (A rating),Skilled Worker
Prioryfield Logistics (North),Leeds,,Worker (A rating),Skilled Worker
Aberfoyle Veterinary Ltd,Reading,West Yorkshire,Worker (A rating),Skilled Worker
Aberfoyle Textiles International,Bristol,West Yorkshire,Worker (A rating),Skilled Worker
Oswaldby Recycling Ltd,Leeds,Cambridgeshire,Worker (A rating),Temporary Worker - Charity Worker
Barrowmead Dental Practice Holdings,Sheffield,Avon,Worker (A rating),Global Business Mobility - Senior or Specialist Worker
Kirkbride Catering Ltd,Cardiff,Greater London,Worker (B rating),Skilled Worker
Verewood Security International,Edinburgh,West Yorkshire,Worker (A rating),Skilled Worker
Cranmore Healthcare Ltd,Cardiff,Greater London,Worker (A rating),Skilled Worker
Yealand Print Services,Bristol,Cambridgeshire,Worker (B rating),Skilled Worker
Everleigh Insurance Holdings,Birmingham,Avon,Worker (B rating),Skilled Worker
Granthorpe Nurseries UK,Manchester,West Yorkshire,Worker (B rating),Skilled Worker
Verewood Marine Partners,Cardiff,Greater London,Worker (A (SME+)),Skilled Worker
Granthorpe Packaging International,Sheffield,Greater London,Worker (A rating),Skilled Worker
Stanbrook Veterinary (South West),Birmingham,,Worker (A rating),Skilled Worker
Ilminster Agriculture (South West),Leeds,,Worker (A (Premium)),Temporary Worker - Charity Worker
Granthorpe Insurance Group,Bristol,West Yorkshire,Worker (A rating),Skilled Worker
Hensingham Building (North),Cambridge,Greater London,Worker (A rating),Skilled Worker
Granthorpe Foods (South West),Sheffield,Greater London,Worker (A rating),Skilled Worker
Whitmarsh Building Group,Glasgow,West Yorkshire,Worker (A rating),Skilled Worker
Kingsmead Logic,Cardiff,Avon,Worker (B rating),Skilled Worker
Barrowmead Retail Partners,Reading,,Worker (A rating),Skilled Worker
Mortlake Veterinary Ltd,Leeds,West Yorkshire,Worker (A (SME+)),Skilled Worker
Langmoor Agriculture Partners,Cardiff,Cambridgeshire,Worker (A rating),Skilled Worker
Granthorpe Logistics (North),Sheffield,West Yorkshire,Worker (A rating),Skilled Worker
Stanbrook Chemicals Ltd,Cardiff,Avon,Worker (A (Premium)),Temporary Worker - Creative Worker
Aberfoyle Healthcare,Reading,Avon,Worker (A rating),Skilled Worker
Lyneham Pharmacy UK,Edinburgh,,Worker (A rating),Skilled Worker
Langmoor Logistics (North),Leeds,Cambridgeshire,Worker (A (Premium)),Skilled Worker
Ashcombe Labs,London,West Yorkshire,Worker (A rating),Skilled Worker
Newlyn Nurseries UK,Bristol,West Yorkshire,Worker (A rating),Temporary Worker - Charity Worker
Kirkbride Marine Partners,Bristol,Avon,Worker (A rating),Temporary Worker - Creative Worker
Dunsfold Textiles Holdings,Leeds,,Worker (A rating),Temporary Worker - Creative Worker
Foxbourne Nurseries Partners,Cardiff,West Yorkshire,Worker (A rating),Skilled Worker
Tealby Veterinary Ltd,Leeds,Cambridgeshire,Worker (B rating),Global Business Mobility - Senior or Specialist Worker
Langmoor Retail Services,Cardiff,Avon,Worker (B rating),Skilled Worker
Calderstone Logistics Group,Manchester,Avon,Worker (A (Premium)),Skilled Worker
Hollowmere Property International,Oxford,,Worker (A (SME+)),Skilled Worker
Calderstone Chemicals Services,Bristol,,Worker (A rating),Skilled Worker
Ilminster Property Holdings,Manchester,West Yorkshire,Worker (A rating),Skilled Worker
Mortlake Insurance,Sheffield,Greater London,Worker (A rating),Skilled Worker
Langmoor Logistics (South West),Glasgow,,Worker (A rating),Skilled Worker
Fairbourne Logistics (South West),Birmingham,Cambridgeshire,Worker (A (SME+)),Skilled Worker
Verewood Healthcare Group,Bristol,,Worker (A rating),Skilled Worker
Hollowmere Energy Holdings,Leeds,West Yorkshire,Worker (B rating),Skilled Worker
Granthorpe Veterinary Ltd,Cambridge,Greater London,Worker (A (Premium)),Skilled Worker
Whitmarsh Property,Sheffield,West Yorkshire,Worker (A rating),Skilled Worker
Fairbourne Logistics Services,Manchester,Avon,Worker (B rating),Skilled Worker
Prioryfield Catering Services,Reading,Avon,Worker (A rating),Skilled Worker
Kirkbride Building Holdings,Reading,Cambridgeshire,Worker (B rating),Skilled Worker
Duncastle Veterinary (South West),Manchester,West Yorkshire,Worker (A (SME+)),Skilled Worker
Fairbourne Textiles UK,Sheffield,Greater London,Worker (A rating),Skilled Worker
Aberfoyle Textiles,Leeds,West Yorkshire,Worker (B rating),Skilled Worker
Granthorpe Building Group,Glasgow,Avon,Worker (A rating),Skilled Worker
Ulverston Catering UK,Sheffield,Cambridgeshire,Worker (A rating),Skilled Worker
Aberfoyle Healthcare International,London,Avon,Worker (A (SME+)),Scale-up Worker
Bickleigh Catering Ltd,Oxford,Avon,Worker (A (Premium)),Skilled Worker
Cranmore Dental Practice,Bristol,Avon,Worker (A rating),Skilled Worker
Newlyn Security Partners,Leeds,West Yorkshire,Worker (B rating),Scale-up Worker
Langmoor Care Services Partners,London,Avon,Worker (A (SME+)),Skilled Worker
Gatcombe Textiles Services,Bristol,Cambridgeshire,Worker (B rating),Skilled Worker
Yealand Packaging,Bristol,West Yorkshire,Worker (A rating),Skilled Worker
Cranmore Nurseries,Cambridge,Cambridgeshire,Worker (A rating),Skilled Worker
Hensingham Marine UK,London,Cambridgeshire,Worker (A rating),Skilled Worker
Ilminster Catering Services,Leeds,Greater London,Worker (A (SME+)),Skilled Worker
Rushmere Care Services Ltd,Glasgow,Avon,Worker (A (SME+)),Skilled Worker
Ingoldsby Property Partners,Cardiff,Greater London,Worker (B rating),Skilled Worker
Hollowmere Veterinary Partners,Oxford,Cambridgeshire,Worker (A (Premium)),Skilled Worker
Verewood Veterinary Holdings,Manchester,Avon,Worker (A (Premium)),Skilled Worker
Yealand Foods Partners,Edinburgh,Greater London,Worker (A rating),Skilled Worker
Verewood Agriculture (South West),Bristol,,Worker (B rating),Skilled Worker
Whitmarsh Marine (South West),Bristol,Greater London,Worker (A rating),Skilled Worker
Calderstone Energy UK,Birmingham,,Worker (A (SME+)),Skilled Worker
Kirkbride Security Ltd,Edinburgh,Avon,Worker (A rating),Skilled Worker
Ravenswood Compute,Birmingham,Avon,Worker (B rating),Skilled Worker
Gatcombe Print,Cambridge,,Worker (A rating),Skilled Worker
Calderstone Marine Services,Cardiff,,Worker (A rating),Skilled Worker
Cranmore Foods,Bristol,Avon,Worker (A rating),Skilled Worker
Calderstone Security UK,London,,Worker (B rating),Skilled Worker
Keldwick Healthcare (South West),Reading,Greater London,Worker (A rating),Skilled Worker
Hensingham Marine Services,Bristol,Avon,Worker (A (SME+)),Scale-up Worker
Hensingham Nurseries Partners,Oxford,Greater London,Worker (A rating),Scale-up Worker
Quenby Marine Holdings,Edinburgh,,Worker (A (Premium)),Skilled Worker
Oakhurst Labs,Cambridge,Cambridgeshire,Worker (A rating),Skilled Worker
Aberfoyle Nurseries (North),Cambridge,,Worker (A (SME+)),Skilled Worker
Lyneham Marine (South West),Cardiff,West Yorkshire,Worker (A rating),Skilled Worker
Highmoor Charitable Trust,Reading,West Yorkshire,Worker (A (Premium)),Skilled Worker
Everleigh Foods Partners,Cardiff,Cambridgeshire,Worker (A rating),Skilled Worker
Rushmere Healthcare Holdings,Oxford,Greater London,Worker (A rating),Skilled Worker
Ilminster Recycling Group,Oxford,Cambridgeshire,Worker (A rating),Skilled Worker
Eldersley Motors Ltd,Leeds,Cambridgeshire,Worker (A rating),Temporary Worker - Creative Worker
Mortlake Haulage Partners,Leeds,,Worker (A (SME+)),Skilled Worker
Langmoor Building Group,Bristol,West Yorkshire,Worker (B rating),Skilled Worker
Quenby Veterinary,Manchester,Cambridgeshire,Worker (A (SME+)),Skilled Worker
Newlyn Pharmacy International,Reading,,Worker (A rating),Skilled Worker
Ingoldsby Energy,London,Cambridgeshire,Worker (B rating),Skilled Worker
Stanbrook Property Partners,Reading,Greater London,Worker (A (Premium)),Skilled Worker
Newlyn Pharmacy Ltd,Edinburgh,West Yorkshire,Worker (A rating),Skilled Worker
Aberfoyle Print Partners,Cambridge,Avon,Worker (B rating),Skilled Worker
Fairbourne Foods Services,Reading,Avon,Worker (A rating),Skilled Worker
Rushmere Marine UK,Reading,Greater London,Worker (A rating),Skilled Worker
Ulverston Motors,Manchester,West Yorkshire,Worker (A (Premium)),Skilled Worker
Calderstone Property UK,Leeds,West Yorkshire,Worker (A rating),Skilled Worker
Hollowmere Care Services International,Reading,Greater London,Worker (A (Premium)),Skilled Worker
Ulverston Nurseries Services,Bristol,Cambridgeshire,Worker (A (SME+)),Skilled Worker
Mortlake Motors,Sheffield,Cambridgeshire,Worker (A rating),Skilled Worker
Keldwick Chemicals,Bristol,,Worker (A (SME+)),Skilled Worker
Eldersley Chemicals International,Glasgow,Avon,Worker (A rating),Skilled Worker
Eldersley Recycling UK,Sheffield,West Yorkshire,Worker (B rating),Global Business Mobility - Senior or Specialist Worker
Yealand Insurance (North),Manchester,,Worker (A rating),Skilled Worker
Jedburgh Marine Partners,Edinburgh,Cambridgeshire,Worker (A rating),Scale-up Worker
Jedburgh Chemicals Services,Sheffield,Avon,Worker (A (SME+)),Skilled Worker
Ulverston Packaging Group,Oxford,Cambridgeshire,Worker (B rating),Temporary Worker - Creative Worker
Cranmore Retail Ltd,Bristol,,Worker (A rating),Skilled Worker
Ingoldsby Care Services Group,Sheffield,Greater London,Worker (A rating),Skilled Worker
Newlyn Catering International,Cambridge,Cambridgeshire,Worker (A rating),Skilled Worker
Bickleigh Retail Holdings,Oxford,Cambridgeshire,Worker (B rating),Scale-up Worker
Foxbourne Property Partners,Oxford,West Yorkshire,Worker (A rating),Skilled Worker
Mortlake Logistics Services,Birmingham,Avon,Worker (A rating),Skilled Worker
Gatcombe Motors (South West),Oxford,Avon,Worker (A rating),Skilled Worker
Keldwick Veterinary Group,Cardiff,Cambridgeshire,Worker (A rating),Skilled Worker
Duncastle Dental Practice Partners,Bristol,Cambridgeshire,Worker (B rating),Global Business Mobility - Senior or Specialist Worker
Hensingham Dental Practice (North),Manchester,Avon,Worker (A (SME+)),Skilled Worker
Newlyn Care Services (North),Leeds,Greater London,Worker (A (SME+)),Skilled Worker
Ulverston Property Partners,Bristol,Cambridgeshire,Worker (A (Premium)),Skilled Worker
Everleigh Print Partners,London,Avon,Worker (A (Premium)),Skilled Worker
Lyneham Textiles (South West),Sheffield,West Yorkshire,Worker (A rating),Skilled Worker
Newlyn Dental Practice Services,Leeds,,Worker (A rating),Skilled Worker
Foxbourne Security Partners,Birmingham,Cambridgeshire,Worker (A (SME+)),Skilled Worker
Fairbourne Foods,Reading,Cambridgeshire,Worker (A rating),Skilled Worker
Jedburgh Building UK,Glasgow,Cambridgeshire,Worker (A rating),Skilled Worker
Gatcombe Veterinary (South West),Glasgow,Avon,Worker (A rating),Skilled Worker
Ulverston Catering (North),Bristol,Avon,Worker (A rating),Scale-up Worker
Newlyn Care Services (South West),Manchester,Cambridgeshire,Worker (A (Premium)),Skilled Worker
Hollowmere Insurance Ltd,Oxford,Greater London,Worker (A (SME+)),Skilled Worker
Everleigh Nurseries (North),Glasgow,Avon,Worker (B rating),Skilled Worker
Prioryfield Print Partners,Manchester,West Yorkshire,Worker (A rating),Temporary Worker - Creative Worker
Cranmore Logistics (North),Sheffield,Avon,Worker (A rating),Global Business Mobility - Senior or Specialist Worker
Yealand Building Partners,London,Avon,Worker (A rating),Skilled Worker
Verewood Motors,Reading,Cambridgeshire,Worker (A (Premium)),Skilled Worker
Ilminster Building International,Sheffield,,Worker (A (Premium)),Skilled Worker
Cranmore Haulage (North),Reading,Cambridgeshire,Worker (A rating),Skilled Worker
Foxbourne Veterinary UK,Leeds,Avon,Worker (A (SME+)),Skilled Worker
Oswaldby Energy Partners,Birmingham,West Yorkshire,Worker (A rating),Global Business Mobility - Senior or Specialist Worker
Verewood Print Services,Manchester,Greater London,Worker (A (SME+)),Skilled Worker
Duncastle Retail UK,Reading,West Yorkshire,Worker (B rating),Skilled Worker
Oswaldby Insurance Ltd,Bristol,Greater London,Worker (A rating),Skilled Worker
Whitmarsh Chemicals (South West),Bristol,Cambridgeshire,Worker (A rating),Scale-up Worker
Prioryfield Care Services,Manchester,Avon,Worker (A rating),Temporary Worker - Creative Worker
Newlyn Recycling Holdings,Cambridge,,Worker (A rating),Skilled Worker
Verewood Logistics International,Bristol,Greater London,Worker (B rating),Skilled Worker
Yealand Energy,London,,Worker (A (SME+)),Skilled Worker
Mortlake Dental Practice Services,Birmingham,Avon,Worker (A rating),Skilled Worker
Kirkbride Chemicals International,Edinburgh,Avon,Worker (A rating),Skilled Worker
Jedburgh Chemicals Group,Sheffield,Cambridgeshire,Worker (B rating),Temporary Worker - Creative Worker
Eldersley Marine Holdings,London,West Yorkshire,Worker (A rating),Skilled Worker
Ingoldsby Building International,Cardiff,West Yorkshire,Worker (A rating),Skilled Worker
Rushmere Marine (South West),Birmingham,Greater London,Worker (A rating),Skilled Worker
Whitmarsh Pharmacy Partners,Edinburgh,,Worker (A rating),Temporary Worker - Charity Worker
Ilminster Logistics,Cambridge,Cambridgeshire,Worker (A rating),Temporary Worker - Charity Worker
Gatcombe Packaging (South West),Bristol,West Yorkshire,Worker (A (SME+)),Skilled Worker
Barrowmead Nurseries Ltd,Cardiff,West Yorkshire,Worker (A rating),Skilled Worker
Aberfoyle Pharmacy Holdings,Cambridge,Greater London,Worker (A rating),Skilled Worker
Mortlake Dental Practice International,Cardiff,West Yorkshire,Worker (A rating),Skilled Worker
Kirkbride Dental Practice,Reading,Cambridgeshire,Worker (A rating),Skilled Worker
Kirkbride Logistics UK,Oxford,Avon,Worker (A (SME+)),Skilled Worker
Kirkbride Textiles Services,Sheffield,Avon,Worker (A (SME+)),Temporary Worker - Creative Worker
Hollowmere Energy (North),Glasgow,West Yorkshire,Worker (A (Premium)),Scale-up Worker
Gatcombe Nurseries International,Reading,Avon,Worker (A rating),Skilled Worker
Stanbrook Care Services,Edinburgh,Avon,Worker (A (SME+)),Skilled Worker
Gatcombe Recycling Group,Cardiff,Cambridgeshire,Worker (A rating),Skilled Worker
Rushmere Pharmacy Ltd,London,Avon,Worker (A (SME+)),Skilled Worker
Foxbourne Care Services (North),Sheffield,Avon,Worker (A (SME+)),Skilled Worker
Bickleigh Property Holdings,London,Cambridgeshire,Worker (A rating),Skilled Worker
Hensingham Healthcare Partners,Birmingham,,Worker (A (Premium)),Temporary Worker - Creative Worker
Lyneham Textiles Ltd,London,West Yorkshire,Worker (B rating),Temporary Worker - Charity Worker
Ilminster Dental Practice Holdings,Cambridge,Cambridgeshire,Worker (A rating),Skilled Worker
Calderstone Agriculture,Cambridge,Cambridgeshire,Worker (A (Premium)),Skilled Worker
Rushmere Security UK,Cardiff,Cambridgeshire,Worker (A (SME+)),Skilled Worker
Everleigh Energy Group,Cardiff,,Worker (A rating),Temporary Worker - Charity Worker
Granthorpe Energy (South West),Leeds,Avon,Worker (A (Premium)),Global Business Mobility - Senior or Specialist Worker
Oswaldby Energy Group,Sheffield,West Yorkshire,Worker (A rating),Skilled Worker
Ingoldsby Motors (South West),Cambridge,West Yorkshire,Worker (A rating),Skilled Worker
Gatcombe Retail,Cardiff,Cambridgeshire,Worker (A (Premium)),Skilled Worker
Gatcombe Care Services Services,Reading,West Yorkshire,Worker (A (Premium)),Global Business Mobility - Senior or Specialist Worker
Verewood Logistics,Cardiff,Avon,Worker (B rating),Skilled Worker
Ingoldsby Retail Ltd,Leeds,Cambridgeshire,Worker (A rating),Skilled Worker
Eldersley Nurseries (North),Oxford,,Worker (A rating),Skilled Worker
Calderstone Retail UK,London,West Yorkshire,Worker (A (SME+)),Skilled Worker
Foxbourne Recycling Ltd,Cardiff,Greater London,Worker (A (Premium)),Skilled Worker
Ilminster Marine Partners,Edinburgh,Avon,Worker (B rating),Skilled Worker
Foxbourne Care Services (South West),Oxford,Cambridgeshire,Worker (A rating),Skilled Worker
Langmoor Agriculture International,Sheffield,Avon,Worker (A rating),Skilled Worker
Mortlake Care Services (North),Birmingham,West Yorkshire,Worker (A rating),Skilled Worker
Everleigh Logistics Ltd,Sheffield,,Worker (A rating),Skilled Worker
Whitmarsh Packaging Holdings,Oxford,Avon,Worker (A (Premium)),Skilled Worker
Oswaldby Recycling,Glasgow,Avon,Worker (A rating),Skilled Worker
Fairbourne Agriculture (South West),Leeds,Cambridgeshire,Worker (A (Premium)),Skilled Worker
Tealby Energy International,Cambridge,Greater London,Worker (A rating),Skilled Worker
Granthorpe Retail Partners,Cambridge,Avon,Worker (A (SME+)),Temporary Worker - Charity Worker
Everleigh Insurance,Manchester,Avon,Worker (A rating),Skilled Worker
Prioryfield Textiles Ltd,Birmingham,Avon,Worker (A rating),Skilled Worker
Granthorpe Chemicals International,London,,Worker (A rating),Temporary Worker - Charity Worker
Hensingham Care Services Partners,London,Avon,Worker (A rating),Skilled Worker
Ingoldsby Security Group,Cambridge,Avon,Worker (A rating),Skilled Worker
Jedburgh Veterinary Holdings,Cambridge,Avon,Worker (A rating),Skilled Worker
Verewood Healthcare International,Glasgow,Avon,Worker (A rating),Skilled Worker
Granthorpe Chemicals UK,Cardiff,West Yorkshire,Worker (A rating),Skilled Worker
Aberfoyle Haulage Partners,Leeds,West Yorkshire,Worker (A (SME+)),Skilled Worker
Foxbourne Chemicals Partners,Manchester,Greater London,Worker (A (Premium)),Skilled Worker
Verewood Care Services Services,Reading,Cambridgeshire,Worker (B rating),Skilled Worker
Newlyn Print Group,Cambridge,Greater London,Worker (A rating),Skilled Worker
Oswaldby Veterinary International,Manchester,Cambridgeshire,Worker (B rating),Skilled Worker
Duncastle Insurance UK,Glasgow,,Worker (A rating),Scale-up Worker
Keldwick Retail (South West),Oxford,Cambridgeshire,Worker (A (Premium)),Skilled Worker
Yealand Nurseries,Cambridge,Avon,Worker (B rating),Skilled Worker
Mortlake Haulage International,Glasgow,Greater London,Worker (A rating),Skilled Worker
Jedburgh Healthcare (South West),Oxford,West Yorkshire,Worker (B rating),Skilled Worker
Fairbourne Print UK,Oxford,Avon,Worker (A rating),Skilled Worker
Kirkbride Insurance Ltd,Sheffield,Avon,Worker (A rating),Global Business Mobility - Senior or Specialist Worker
Bickleigh Dental Practice Partners,Manchester,Cambridgeshire,Worker (B rating),Global Business Mobility - Senior or Specialist Worker
Ulverston Healthcare Partners,Bristol,,Worker (A (Premium)),Skilled Worker
Calderstone Security Services,Manchester,Cambridgeshire,Worker (A rating),Skilled Worker
Bickleigh Healthcare Holdings,Glasgow,Greater London,Worker (B rating),Scale-up Worker
Barrowmead Catering Ltd,London,,Worker (A rating),Skilled Worker
Dunsfold Marine Partners,Manchester,Avon,Worker (A rating),Skilled Worker
Newlyn Energy Ltd,Cardiff,West Yorkshire,Worker (A rating),Skilled Worker
Newlyn Chemicals Group,Birmingham,Avon,Worker (A (Premium)),Temporary Worker - Creative Worker
Kirkbride Print (South West),Sheffield,Greater London,Worker (A rating),Skilled Worker
Aberfoyle Property International,Reading,Avon,Worker (B rating),Scale-up Worker
Lyneham Recycling UK,Edinburgh,Cambridgeshire,Worker (A (Premium)),Skilled Worker
Hensingham Print Holdings,Cambridge,Greater London,Worker (A rating),Skilled Worker
Whitmarsh Insurance Holdings,Manchester,Greater London,Worker (A rating),Skilled Worker
Ulverston Energy (South West),London,Cambridgeshire,Worker (A (Premium)),Skilled Worker
Ingoldsby Foods Services,Manchester,Greater London,Worker (B rating),Temporary Worker - Creative Worker
Hollowmere Pharmacy International,London,Avon,Worker (A rating),Scale-up Worker
Prioryfield Logistics Group,Reading,Avon,Worker (A (SME+)),Skilled Worker
Lyneham Catering,Bristol,Avon,Worker (A (Premium)),Skilled Worker
Fairbourne Building,Birmingham,Cambridgeshire,Worker (A rating),Skilled Worker
Gatcombe Retail Services,Cambridge,Greater London,Worker (A (SME+)),Skilled Worker
Bickleigh Chemicals UK,Reading,Avon,Worker (A rating),Skilled Worker
Mortlake Recycling International,Oxford,Cambridgeshire,Worker (A (SME+)),Global Business Mobility - Senior or Specialist Worker
Kirkbride Retail Services,Reading,Cambridgeshire,Worker (A rating),Skilled Worker
Calderstone Care Services UK,Bristol,Greater London,Worker (A rating),Skilled Worker
Oswaldby Recycling UK,Birmingham,Greater London,Worker (B rating),Global Business Mobility - Senior or Specialist Worker
Ilminster Foods (North),Birmingham,Avon,Worker (A (Premium)),Skilled Worker
Quenby Recycling Services,Birmingham,Greater London,Worker (B rating),Skilled Worker
Ulverston Building Services,Bristol,Greater London,Worker (B rating),Global Business Mobility - Senior or Specialist Worker
Granthorpe Pharmacy,Sheffield,,Worker (A (SME+)),Skilled Worker
Bickleigh Textiles (South West),Bristol,West Yorkshire,Worker (B rating),Skilled Worker
Tealby Healthcare Holdings,Bristol,,Worker (A rating),Skilled Worker
Langmoor Energy Partners,Edinburgh,Avon,Worker (A rating),Skilled Worker
Stanbrook Chemicals (South West),Bristol,,Worker (A rating),Skilled Worker
Highmoor Capital Partners,Leeds,Cambridgeshire,Worker (A (Premium)),Skilled Worker
Quenby Security Services,Oxford,,Worker (A (SME+)),Skilled Worker
Rushmere Veterinary Services,Leeds,West Yorkshire,Worker (A (Premium)),Temporary Worker - Charity Worker
Cranmore Healthcare (South West),Cambridge,,Worker (A rating),Skilled Worker
Cobalt Networks,London,Greater London,Worker (A rating),Skilled Worker
Dunsfold Print Ltd,Bristol,Greater London,Worker (A (SME+)),Skilled Worker
Granthorpe Security (North),Oxford,,Worker (A (SME+)),Skilled Worker
Verewood Recycling Partners,Birmingham,Cambridgeshire,Worker (A (Premium)),Skilled Worker
Bickleigh Property UK,Leeds,Cambridgeshire,Worker (A rating),Skilled Worker
Hensingham Property (North),Oxford,,Worker (A rating),Skilled Worker
Duncastle Dental Practice,Sheffield,Greater London,Worker (A rating),Skilled Worker
Fairbourne Textiles Group,Bristol,West Yorkshire,Worker (A rating),Temporary Worker - Charity Worker
Fairbourne Recycling,Oxford,Cambridgeshire,Worker (B rating),Temporary Worker - Charity Worker
Lyneham Building Partners,Cardiff,Avon,Worker (A rating),Skilled Worker
Ulverston Insurance Holdings,Glasgow,Cambridgeshire,Worker (A rating),Scale-up Worker
Dunsfold Agriculture (North),Cardiff,Cambridgeshire,Worker (A (SME+)),Skilled Worker
Fairbourne Retail Group,Cambridge,Avon,Worker (A (Premium)),Skilled Worker
Mortlake Nurseries Services,Oxford,,Worker (A (Premium)),Skilled Worker
Aberfoyle Agriculture UK,Oxford,Cambridgeshire,Worker (A rating),Skilled Worker
Grindlow Charitable Trust,Birmingham,,Worker (A rating),Skilled Worker
Foxbourne Retail,Bristol,,Worker (A rating),Skilled Worker
Langmoor Veterinary UK,Sheffield,Cambridgeshire,Worker (A (SME+)),Skilled Worker
Gatcombe Pharmacy Services,Sheffield,,Worker (A rating),Skilled Worker
Hollowmere Building Group,Birmingham,,Worker (A (SME+)),Skilled Worker
Yealand Building Group,Manchester,West Yorkshire,Worker (A (Premium)),Skilled Worker
Bickleigh Logistics Ltd,Oxford,Greater London,Worker (A rating),Skilled Worker
Dunsfold Property,Oxford,Cambridgeshire,Worker (A rating),Skilled Worker
Eldersley Dental Practice Ltd,Reading,West Yorkshire,Worker (B rating),Skilled Worker
Dunsfold Catering Services,Cardiff,West Yorkshire,Worker (A (Premium)),Skilled Worker
Everleigh Pharmacy Services,Reading,West Yorkshire,Worker (A (Premium)),Scale-up Worker
Calderstone Insurance International,Oxford,,Worker (A rating),Skilled Worker
Gatcombe Haulage,Cardiff,Avon,Worker (A (Premium)),Skilled Worker
Rushmere Chemicals (South West),Bristol,Avon,Worker (A rating),Skilled Worker
Lyneham Catering UK,London,,Worker (A rating),Skilled Worker
Rushmere Recycling Services,London,West Yorkshire,Worker (A rating),Skilled Worker
Lyneham Retail Group,Glasgow,Cambridgeshire,Worker (B rating),Skilled Worker
Keldwick Pharmacy (North),Oxford,West Yorkshire,Worker (B rating),Skilled Worker
Bickleigh Motors Ltd,Birmingham,Avon,Worker (A (SME+)),Global Business Mobility - Senior or Specialist Worker
Fairbourne Insurance (South West),Sheffield,West Yorkshire,Worker (A (Premium)),Skilled Worker
Whitmarsh Pharmacy International,Reading,Cambridgeshire,Worker (A (Premium)),Skilled Worker
Lyneham Motors UK,Glasgow,,Worker (A rating),Skilled Worker
Kirkbride Healthcare Partners,Edinburgh,Greater London,Worker (A rating),Skilled Worker
Langmoor Foods (South West),Cambridge,,Worker (A rating),Skilled Worker
Granthorpe Motors Group,Manchester,,Worker (A (Premium)),Skilled Worker
Eastgate Technologies,Edinburgh,Cambridgeshire,Worker (B rating),Skilled Worker
Dunsfold Recycling (South West),London,Cambridgeshire,Worker (B rating),Temporary Worker - Creative Worker
Newlyn Insurance (South West),Cardiff,,Worker (A rating),Global Business Mobility - Senior or Specialist Worker
Lyneham Dental Practice Ltd,Glasgow,West Yorkshire,Worker (A (SME+)),Skilled Worker
Keldwick Building Holdings,Cambridge,Greater London,Worker (A (Premium)),Skilled Worker
Everleigh Dental Practice Ltd,Manchester,Greater London,Worker (A rating),Skilled Worker
Kirkbride Recycling,Leeds,Cambridgeshire,Worker (B rating),Skilled Worker
Ilminster Agriculture UK,Cambridge,,Worker (A (SME+)),Skilled Worker
Ilminster Haulage Ltd,Manchester,Cambridgeshire,Worker (B rating),Skilled Worker
Foxbourne Haulage Holdings,Reading,Greater London,Worker (A (Premium)),Temporary Worker - Creative Worker
Stanbrook Haulage Services,Glasgow,Avon,Worker (A rating),Skilled Worker
Lyneham Property Partners,Manchester,West Yorkshire,Worker (A (SME+)),Scale-up Worker
Langmoor Recycling Group,Bristol,,Worker (A rating),Skilled Worker
Tealby Marine Holdings,Manchester,,Worker (B rating),Temporary Worker - Creative Worker
Duncastle Catering Services,Cambridge,West Yorkshire,Worker (A rating),Skilled Worker
Foxbourne Recycling Group,London,Avon,Worker (A (SME+)),Skilled Worker
Eldersley Care Services Partners,Glasgow,Avon,Worker (A rating),Skilled Worker
Bickleigh Print Partners,Glasgow,Greater London,Worker (A rating),Skilled Worker
Eldersley Energy,Sheffield,Greater London,Worker (A rating),Skilled Worker
Mortlake Packaging,Cambridge,Greater London,Worker (A (SME+)),Scale-up Worker
Eldersley Motors (South West),Oxford,West Yorkshire,Worker (A rating),Skilled Worker
Verewood Recycling (South West),Bristol,Cambridgeshire,Worker (A rating),Skilled Worker
Fairhaven Data,Edinburgh,Avon,Worker (A rating),Skilled Worker
Rushmere Textiles International,Edinburgh,Avon,Worker (A rating),Temporary Worker - Charity Worker
Keldwick Foods Ltd,Sheffield,Greater London,Worker (A rating),Skilled Worker
Calderstone Motors UK,Edinburgh,,Worker (B rating),Skilled Worker
Foxbourne Recycling Services,Cambridge,Cambridgeshire,Worker (A (SME+)),Temporary Worker - Creative Worker
Duncastle Nurseries Group,Cambridge,Greater London,Worker (B rating),Skilled Worker
Ingoldsby Haulage Group,Glasgow,Cambridgeshire,Worker (A rating),Skilled Worker
Yealand Catering (South West),Leeds,Greater London,Worker (A rating),Skilled Worker
Quenby Marine UK,Reading,West Yorkshire,Worker (A (Premium)),Skilled Worker
Oswaldby Recycling Services,Manchester,West Yorkshire,Worker (B rating),Skilled Worker
Ulverston Veterinary International,London,West Yorkshire,Worker (A rating),Skilled Worker
Mortlake Print (North),Cambridge,Cambridgeshire,Worker (A rating),Skilled Worker
Barrowmead Healthcare Holdings,Cardiff,Avon,Worker (A (SME+)),Skilled Worker
Calderstone Textiles (South West),Sheffield,Greater London,Worker (A rating),Skilled Worker
Kirkbride Textiles (North),Cambridge,Cambridgeshire,Worker (A (Premium)),Skilled Worker
Ingoldsby Haulage Partners,Sheffield,,Worker (A rating),Temporary Worker - Creative Worker
Fairbourne Property Holdings,Cardiff,Greater London,Worker (A (SME+)),Skilled Worker
Kirkbride Care Services International,Bristol,West Yorkshire,Worker (B rating),Skilled Worker
Calderstone Care Services (South West),Birmingham,West Yorkshire,Worker (A (SME+)),Skilled Worker
Aberfoyle Agriculture (South West),Birmingham,Greater London,Worker (A rating),Scale-up Worker
Rushmere Security Ltd,Leeds,,Worker (A rating),Skilled Worker
Dunsfold Haulage (North),Sheffield,Avon,Worker (A rating),Skilled Worker
Hensingham Foods Holdings,Reading,West Yorkshire,Worker (A (SME+)),Scale-up Worker
Langmoor Agriculture Holdings,Edinburgh,Avon,Worker (B rating),Skilled Worker
Hensingham Energy,Cambridge,Greater London,Worker (A (Premium)),Scale-up Worker
Newlyn Healthcare,Birmingham,West Yorkshire,Worker (A rating),Skilled Worker
Prioryfield Veterinary Group,Birmingham,West Yorkshire,Worker (A (Premium)),Skilled Worker
Everleigh Haulage UK,Glasgow,,Worker (B rating),Skilled Worker
Keldwick Insurance Partners,Leeds,Greater London,Worker (A rating),Skilled Worker
Keldwick Building International,Leeds,,Worker (A (Premium)),Skilled Worker
Barrowmead Dental Practice,Birmingham,Cambridgeshire,Worker (A (Premium)),Temporary Worker - Charity Worker
Bickleigh Textiles,Leeds,Avon,Worker (A rating),Skilled Worker
Langmoor Property (South West),Cardiff,Avon,Worker (A rating),Skilled Worker
Barrowmead Care Services,Cardiff,Cambridgeshire,Worker (A (Premium)),Skilled Worker
Jedburgh Healthcare,Oxford,West Yorkshire,Worker (A rating),Skilled Worker
Whitmarsh Marine International,Cambridge,Cambridgeshire,Worker (A rating),Skilled Worker
Ingoldsby Retail Services,Bristol,Avon,Worker (A (Premium)),Scale-up Worker
Hensingham Healthcare (South West),Sheffield,,Worker (A rating),Skilled Worker
Cranmore Recycling Services,Leeds,Greater London,Worker (A (Premium)),Skilled Worker
Bickleigh Recycling International,Cambridge,Avon,Worker (A (Premium)),Skilled Worker
Stanbrook Retail,Leeds,Avon,Worker (A (Premium)),Temporary Worker - Charity Worker
Langmoor Packaging Partners,Glasgow,Avon,Worker (B rating),Global Business Mobility - Senior or Specialist Worker
Barrowmead Pharmacy UK,Sheffield,Cambridgeshire,Worker (A rating),Temporary Worker - Creative Worker
Ingoldsby Foods Partners,Leeds,Greater London,Worker (A rating),Global Business Mobility - Senior or Specialist Worker
Dunsfold Chemicals International,Leeds,Greater London,Worker (A rating),Skilled Worker
Duncastle Packaging (North),Leeds,Cambridgeshire,Worker (A (SME+)),Scale-up Worker
Keldwick Print Services,Cardiff,Cambridgeshire,Worker (A (SME+)),Skilled Worker
Ingoldsby Packaging Holdings,Edinburgh,West Yorkshire,Worker (A (Premium)),Skilled Worker
Ulverston Dental Practice Services,Manchester,Cambridgeshire,Worker (A rating),Skilled Worker
Verewood Security UK,Cambridge,West Yorkshire,Worker (A rating),Skilled Worker
Cranmore Packaging Services,Cambridge,Greater London,Worker (A (SME+)),Skilled Worker
Stanbrook Recycling Holdings,Oxford,Greater London,Worker (A rating),Skilled Worker
Juniper Digital,Bristol,Cambridgeshire,Worker (A (Premium)),Skilled Worker
Foxbourne Nurseries Ltd,Cardiff,,Worker (A rating),Skilled Worker
Whitmarsh Foods (North),London,Cambridgeshire,Worker (A (SME+)),Skilled Worker
Keldwick Haulage Holdings,Sheffield,West Yorkshire,Worker (A rating),Skilled Worker
Yealand Pharmacy UK,Cambridge,Greater London,Worker (A (Premium)),Skilled Worker
Ingoldsby Building,Bristol,Avon,Worker (A rating),Temporary Worker - Creative Worker
Foxbourne Nurseries International,Glasgow,,Worker (A (SME+)),Skilled Worker
Bickleigh Care Services Group,Sheffield,Cambridgeshire,Worker (A (Premium)),Skilled Worker
Barrowmead Catering,Cambridge,Avon,Worker (A (SME+)),Skilled Worker
Yealand Motors Partners,Bristol,,Worker (A (SME+)),Skilled Worker
Prioryfield Catering Holdings,Oxford,Greater London,Worker (A (Premium)),Temporary Worker - Charity Worker
Kirkbride Energy Partners,Reading,Avon,Worker (A rating),Temporary Worker - Creative Worker
Everleigh Recycling,Manchester,Greater London,Worker (A rating),Skilled Worker
Duncastle Foods UK,Birmingham,Cambridgeshire,Worker (A (Premium)),Skilled Worker
Bickleigh Healthcare (South West),London,Cambridgeshire,Worker (A rating),Skilled Worker
Ilminster Logistics Ltd,Sheffield,Greater London,Worker (B rating),Skilled Worker
Aberfoyle Care Services,Cardiff,Cambridgeshire,Worker (A (SME+)),Global Business Mobility - Senior or Specialist Worker
Keldwick Dental Practice Partners,Manchester,Cambridgeshire,Worker (A (SME+)),Skilled Worker
Oswaldby Agriculture Ltd,Oxford,Avon,Worker (A rating),Temporary Worker - Charity Worker
Rushmere Pharmacy,Leeds,West Yorkshire,Worker (A rating),Skilled Worker
Mortlake Print Partners,Bristol,Cambridgeshire,Worker (B rating),Skilled Worker
Whitmarsh Logistics (North),Edinburgh,Cambridgeshire,Worker (A rating),Skilled Worker
Kirkbride Haulage (North),Manchester,,Worker (A (SME+)),Skilled Worker
Dunsfold Pharmacy,Leeds,,Worker (A rating),Temporary Worker - Creative Worker
Verewood Chemicals Ltd,Cambridge,,Worker (A (Premium)),Skilled Worker
Foxbourne Property Holdings,Edinburgh,West Yorkshire,Worker (A rating),Global Business Mobility - Senior or Specialist Worker
Jedburgh Chemicals Holdings,Cambridge,Cambridgeshire,Worker (A (Premium)),Skilled Worker
Duncastle Packaging Ltd,Edinburgh,Cambridgeshire,Worker (A (SME+)),Skilled Worker
Aberfoyle Dental Practice International,Birmingham,,Worker (A rating),Skilled Worker
Ingoldsby Packaging (North),Glasgow,Avon,Worker (A rating),Skilled Worker
Lyneham Security,Edinburgh,,Worker (A rating),Skilled Worker
Whitmarsh Care Services,Cardiff,Greater London,Worker (A (Premium)),Temporary Worker - Charity Worker
Whitmarsh Chemicals International,Birmingham,Cambridgeshire,Worker (A rating),Skilled Worker
Everleigh Property Services,Manchester,Greater London,Worker (A (Premium)),Skilled Worker
Lyneham Print,Glasgow,,Worker (B rating),Skilled Worker
Stanbrook Chemicals Services,Cambridge,West Yorkshire,Worker (A rating),Skilled Worker
Granthorpe Logistics Ltd,Sheffield,,Worker (A (SME+)),Skilled Worker
Barrowmead Pharmacy,Oxford,West Yorkshire,Worker (A rating),Skilled Worker
Eldersley Security International,Sheffield,,Worker (B rating),Scale-up Worker
Everleigh Security International,Bristol,Greater London,Worker (B rating),Skilled Worker
Tealby Recycling International,Leeds,West Yorkshire,Worker (A (Premium)),Skilled Worker
Fairbourne Healthcare,Bristol,,Worker (A (Premium)),Skilled Worker
Hensingham Insurance,Sheffield,Greater London,Worker (A (Premium)),Skilled Worker
Verewood Security Ltd,Leeds,Cambridgeshire,Worker (A (Premium)),Skilled Worker
Langmoor Chemicals Services,Manchester,West Yorkshire,Worker (A rating),Temporary Worker - Charity Worker
Ulverston Print (South West),Leeds,Avon,Worker (A rating),Skilled Worker
Barrowmead Agriculture Holdings,Sheffield,Cambridgeshire,Worker (A (Premium)),Temporary Worker - Charity Worker
Granthorpe Energy International,Glasgow,West Yorkshire,Worker (A rating),Skilled Worker
Newlyn Agriculture Group,Oxford,Cambridgeshire,Worker (A (Premium)),Skilled Worker
Keldwick Packaging Holdings,Edinburgh,West Yorkshire,Worker (A (SME+)),Scale-up Worker
Lyneham Building,Glasgow,West Yorkshire,Worker (A rating),Skilled Worker
Quenby Veterinary UK,Leeds,,Worker (A rating),Skilled Worker
Ilminster Veterinary UK,Leeds,West Yorkshire,Worker (A rating),Skilled Worker
Kirkbride Property Services,Glasgow,Avon,Worker (A rating),Skilled Worker
Verewood Retail (North),London,,Worker (B rating),Skilled Worker
Stanbrook Logistics,London,Avon,Worker (A rating),Skilled Worker
Ingoldsby Chemicals,Birmingham,Cambridgeshire,Worker (A rating),Skilled Worker
Duncastle Recycling (North),Sheffield,West Yorkshire,Worker (A rating),Skilled Worker
Bickleigh Marine UK,Oxford,West Yorkshire,Worker (A (SME+)),Temporary Worker - Creative Worker
Dunmore Digital,London,Cambridgeshire,Worker (A rating),Skilled Worker
Aberfoyle Retail (North),Manchester,Greater London,Worker (A (SME+)),Skilled Worker
Tealby Nurseries Group,Leeds,Avon,Worker (B rating),Skilled Worker
Fairbourne Property Group,Cambridge,Avon,Worker (A (SME+)),Global Business Mobility - Senior or Specialist Worker
Granthorpe Agriculture (South West),Cambridge,Cambridgeshire,Worker (A (Premium)),Skilled Worker
Bickleigh Healthcare Group,Manchester,,Worker (B rating),Skilled Worker
Oswaldby Haulage (North),Bristol,Greater London,Worker (A (SME+)),Temporary Worker - Creative Worker
Stanbrook Dental Practice Group,Edinburgh,Greater London,Worker (A rating),Temporary Worker - Charity Worker
Yealand Veterinary Group,Glasgow,Greater London,Worker (A rating),Skilled Worker
Yealand Recycling,Edinburgh,,Worker (A (SME+)),Skilled Worker
Prioryfield Agriculture International,Oxford,Greater London,Worker (A rating),Skilled Worker
Langmoor Haulage Holdings,Leeds,Avon,Worker (A rating),Skilled Worker
Yealand Healthcare Services,London,West Yorkshire,Worker (A rating),Scale-up Worker
Jedburgh Motors Partners,Glasgow,West Yorkshire,Worker (A (SME+)),Global Business Mobility - Senior or Specialist Worker
Stanbrook Foods UK,Reading,West Yorkshire,Worker (A rating),Skilled Worker
Foxbourne Nurseries Group,Glasgow,,Worker (A (Premium)),Skilled Worker
Lyneham Care Services Partners,Glasgow,Greater London,Worker (B rating),Temporary Worker - Charity Worker
Hollowmere Textiles (South West),London,,Worker (A rating),Temporary Worker - Charity Worker
Aberfoyle Nurseries Ltd,Cambridge,West Yorkshire,Worker (A (Premium)),Skilled Worker
Eldersley Pharmacy Partners,Leeds,West Yorkshire,Worker (B rating),Temporary Worker - Creative Worker
Jedburgh Retail,Sheffield,Avon,Worker (B rating),Temporary Worker - Charity Worker
Oswaldby Chemicals,Oxford,Avon,Worker (B rating),Skilled Worker
Stanbrook Recycling (North),Cardiff,Greater London,Worker (A rating),Temporary Worker - Creative Worker
Jedburgh Marine Holdings,Reading,West Yorkshire,Worker (A (SME+)),Skilled Worker
Jedburgh Marine International,Sheffield,Greater London,Worker (A (SME+)),Skilled Worker
Gatcombe Foods UK,Cambridge,Avon,Worker (A rating),Skilled Worker
Yealand Dental Practice,Leeds,West Yorkshire,Worker (A rating),Skilled Worker
Fairbourne Healthcare (South West),Manchester,West Yorkshire,Worker (A rating),Skilled Worker
Calderstone Retail (North),Oxford,Avon,Worker (A rating),Skilled Worker
Jedburgh Recycling Ltd,Oxford,Avon,Worker (B rating),Skilled Worker
Tealby Building UK,Glasgow,,Worker (B rating),Temporary Worker - Charity Worker
Bickleigh Building,London,Cambridgeshire,Worker (A rating),Skilled Worker
Lyneham Veterinary Services,Cambridge,Cambridgeshire,Worker (A (Premium)),Skilled Worker
Ulverston Motors Group,Sheffield,West Yorkshire,Worker (A (Premium)),Scale-up Worker
Langmoor Motors Ltd,Cambridge,,Worker (A (SME+)),Skilled Worker
Lyneham Care Services UK,Sheffield,West Yorkshire,Worker (A rating),Skilled Worker
Rushmere Healthcare International,London,West Yorkshire,Worker (A (Premium)),Skilled Worker
Everleigh Nurseries Services,Cardiff,,Worker (A rating),Skilled Worker
Barrowmead Haulage Partners,Bristol,West Yorkshire,Worker (B rating),Skilled Worker
Yealand Dental Practice Ltd,Cardiff,West Yorkshire,Worker (B rating),Skilled Worker
Dunsfold Logistics International,Edinburgh,Greater London,Worker (A (SME+)),Skilled Worker
Eldersley Security Ltd,London,Avon,Worker (A (SME+)),Skilled Worker
Granthorpe Care Services Services,Birmingham,West Yorkshire,Worker (A (Premium)),Skilled Worker
Jedburgh Agriculture Group,Cardiff,Cambridgeshire,Worker (B rating),Skilled Worker
Newlyn Catering,Cambridge,,Worker (A rating),Skilled Worker
Stanbrook Logistics International,Reading,West Yorkshire,Worker (A rating),Skilled Worker
Foxbourne Agriculture (South West),Cardiff,Greater London,Worker (A (SME+)),Temporary Worker - Charity Worker
Hollowmere Chemicals Services,Bristol,,Worker (A rating),Skilled Worker
Kirkbride Motors International,Oxford,Cambridgeshire,Worker (A rating),Temporary Worker - Charity Worker
Eldersley Building UK,Sheffield,West Yorkshire,Worker (A (SME+)),Skilled Worker
Dunmore Holdings Ltd T/A Marlowe Systems,Sheffield,West Yorkshire,Worker (A rating),Skilled Worker
Newlyn Pharmacy (North),Oxford,Greater London,Worker (A rating),Skilled Worker
Whitmarsh Retail UK,Birmingham,Cambridgeshire,Worker (B rating),Skilled Worker
Foxbourne Agriculture Partners,Oxford,,Worker (A (Premium)),Skilled Worker
Dunsfold Catering (South West),Glasgow,Greater London,Worker (A rating),Skilled Worker
Jedburgh Retail (South West),Bristol,West Yorkshire,Worker (A rating),Skilled Worker
Stanbrook Marine UK,Edinburgh,Avon,Worker (A rating),Skilled Worker
Eldersley Textiles Partners,Sheffield,West Yorkshire,Worker (A rating),Skilled Worker
Newlyn Property,Reading,Cambridgeshire,Worker (A (Premium)),Skilled Worker
Stanbrook Print (South West),Glasgow,West Yorkshire,Worker (A (SME+)),Skilled Worker
Yealand Textiles (North),Cardiff,Cambridgeshire,Worker (A (Premium)),Skilled Worker
Oswaldby Motors Services,London,,Worker (A rating),Skilled Worker
Quenby Dental Practice International,Bristol,,Worker (A (Premium)),Temporary Worker - Charity Worker
Mortlake Veterinary Group,London,,Worker (A (SME+)),Skilled Worker
Barrowmead Retail Ltd,London,West Yorkshire,Worker (A rating),Skilled Worker
Bickleigh Care Services UK,Leeds,Greater London,Worker (A (Premium)),Skilled Worker
Calderstone Security International,Cambridge,Cambridgeshire,Worker (A rating),Scale-up Worker
Ulverston Property Ltd,Reading,,Worker (A (Premium)),Skilled Worker
Granthorpe Logistics Group,Birmingham,,Worker (A (Premium)),Skilled Worker
Northwind Digital UK,London,Greater London,Worker (A rating),Skilled Worker
Gatcombe Logistics,Bristol,,Worker (A rating),Skilled Worker
Fairhaven Instruments,Sheffield,Greater London,Worker (A rating),Skilled Worker
Ulverston Packaging Partners,Reading,West Yorkshire,Worker (A rating),Skilled Worker
Hensingham Pharmacy Partners,Reading,West Yorkshire,Worker (A rating),Skilled Worker
Tealby Print (South West),Manchester,Cambridgeshire,Worker (A rating),Temporary Worker - Creative Worker
Rushmere Print Holdings,Cambridge,,Worker (B rating),Skilled Worker
Hollowmere Property,Bristol,Greater London,Worker (A rating),Skilled Worker
Dunsfold Marine Holdings,Cardiff,Avon,Worker (B rating),Skilled Worker
Foxbourne Recycling (North),Glasgow,Avon,Worker (A (Premium)),Skilled Worker
Everleigh Healthcare UK,Bristol,Cambridgeshire,Worker (A rating),Skilled Worker
Aberfoyle Agriculture (North),Bristol,Avon,Worker (A rating),Skilled Worker
Bickleigh Recycling,Oxford,,Worker (B rating),Skilled Worker
Keldwick Motors,Oxford,West Yorkshire,Worker (A (Premium)),Skilled Worker
Mortlake Healthcare Group,Reading,,Worker (B rating),Temporary Worker - Creative Worker
Gatcombe Foods Services,Oxford,West Yorkshire,Worker (A rating),Skilled Worker
Newlyn Energy,Manchester,,Worker (B rating),Skilled Worker
Langmoor Chemicals (South West),Sheffield,West Yorkshire,Worker (A (Premium)),Skilled Worker
Langmoor Care Services Ltd,Bristol,Avon,Worker (A rating),Skilled Worker
Cranmore Security Partners,Edinburgh,Avon,Worker (A rating),Skilled Worker
Duncastle Logistics Ltd,Oxford,Avon,Worker (A rating),Temporary Worker - Charity Worker
Duncastle Recycling (South West),Reading,,Worker (B rating),Skilled Worker
Dunsfold Print Group,Sheffield,,Worker (A rating),Global Business Mobility - Senior or Specialist Worker
Duncastle Textiles Ltd,Oxford,West Yorkshire,Worker (A (SME+)),Scale-up Worker
Cranmore Insurance Holdings,Reading,Avon,Worker (B rating),Skilled Worker
Fairbourne Pharmacy Partners,Cambridge,Cambridgeshire,Worker (A rating),Temporary Worker - Charity Worker
Whitmarsh Pharmacy UK,Manchester,West Yorkshire,Worker (A (SME+)),Skilled Worker
Whitmarsh Healthcare (South West),Edinburgh,Avon,Worker (A (Premium)),Scale-up Worker
Hollowmere Haulage,London,Cambridgeshire,Worker (A (SME+)),Skilled Worker
Cranmore Healthcare International,Sheffield,West Yorkshire,Worker (A rating),Skilled Worker
Whitmarsh Recycling UK,Oxford,,Worker (A (SME+)),Skilled Worker
Tealby Motors Group,London,Cambridgeshire,Worker (A (SME+)),Temporary Worker - Creative Worker
Everleigh Agriculture (South West),Manchester,,Worker (A (Premium)),Skilled Worker
Everleigh Pharmacy Group,Leeds,West Yorkshire,Worker (A rating),Skilled Worker
Ilminster Veterinary International,Sheffield,Greater London,Worker (A rating),Skilled Worker
Verewood Packaging Partners,Edinburgh,Cambridgeshire,Worker (A (Premium)),Skilled Worker
Ilminster Pharmacy Services,Cambridge,West Yorkshire,Worker (A (SME+)),Skilled Worker
Cranmore Care Services International,Edinburgh,Greater London,Worker (A rating),Skilled Worker
Keldwick Nurseries (South West),London,,Worker (A rating),Skilled Worker
Ingoldsby Nurseries Ltd,Birmingham,Cambridgeshire,Worker (A rating),Scale-up Worker
Stanbrook Security (North),Reading,Greater London,Worker (B rating),Skilled Worker
Ingoldsby Energy UK,Oxford,Avon,Worker (B rating),Temporary Worker - Charity Worker
Foxbourne Property,Reading,Cambridgeshire,Worker (B rating),Skilled Worker
Lyneham Catering Group,Oxford,,Worker (A (Premium)),Skilled Worker
Ilminster Textiles International,Reading,Cambridgeshire,Worker (A (SME+)),Temporary Worker - Charity Worker
Verewood Healthcare,Cardiff,Avon,Worker (A rating),Global Business Mobility - Senior or Specialist Worker
Verewood Agriculture Holdings,Edinburgh,Greater London,Worker (A (Premium)),Skilled Worker
Bickleigh Chemicals International,Cardiff,Greater London,Worker (A rating),Skilled Worker
Duncastle Insurance International,London,,Worker (A rating),Skilled Worker
Bickleigh Property,London,Avon,Worker (A rating),Skilled Worker
Rushmere Packaging UK,Leeds,Greater London,Worker (A (SME+)),Global Business Mobility - Senior or Specialist Worker
Verewood Pharmacy UK,London,Cambridgeshire,Worker (A (Premium)),Skilled Worker
Ulverston Pharmacy (North),Bristol,West Yorkshire,Worker (A rating),Skilled Worker
Ulverston Agriculture Services,Birmingham,Avon,Worker (A (SME+)),Skilled Worker
Jedburgh Motors,London,West Yorkshire,Worker (A (Premium)),Scale-up Worker
Newlyn Packaging (South West),Leeds,,Worker (A (Premium)),Skilled Worker
Calderstone Foods (South West),Cambridge,Greater London,Worker (B rating),Temporary Worker - Creative Worker
Lyneham Logistics Holdings,Reading,,Worker (B rating),Skilled Worker
Langmoor Foods,Leeds,Cambridgeshire,Worker (B rating),Skilled Worker
Barrowmead Motors Services,Sheffield,Cambridgeshire,Worker (A (SME+)),Temporary Worker - Charity Worker
Fairbourne Care Services UK,Cambridge,,Worker (A (Premium)),Skilled Worker
Prioryfield Marine Partners,Glasgow,Cambridgeshire,Worker (A (Premium)),Skilled Worker
Calderstone Care Services Partners,Reading,West Yorkshire,Worker (A rating),Skilled Worker
Foxbourne Logistics,Cambridge,West Yorkshire,Worker (A (Premium)),Skilled Worker
Bickleigh Packaging Partners,Oxford,Avon,Worker (A (SME+)),Skilled Worker
Tealby Retail Ltd,Bristol,Avon,Worker (A (SME+)),Skilled Worker
Barrowmead Insurance Holdings,Oxford,,Worker (A rating),Scale-up Worker
Oswaldby Nurseries Holdings,Cambridge,Greater London,Worker (A (Premium)),Skilled Worker
Foxbourne Print (South West),Edinburgh,Cambridgeshire,Worker (A rating),Skilled Worker
Prioryfield Catering Partners,Edinburgh,Greater London,Worker (A rating),Skilled Worker
Yealand Foods (North),Edinburgh,,Worker (A rating),Skilled Worker
Rushmere Nurseries (South West),Manchester,Avon,Worker (A (SME+)),Skilled Worker
Aberfoyle Logistics UK,Sheffield,Cambridgeshire,Worker (A rating),Skilled Worker
Ingoldsby Haulage Services,Edinburgh,Cambridgeshire,Worker (A (Premium)),Skilled Worker
Oswaldby Insurance Holdings,Sheffield,,Worker (A rating),Skilled Worker
Ulverston Healthcare,Bristol,West Yorkshire,Worker (A rating),Skilled Worker
Vantage Systems,Edinburgh,,Worker (B rating),Skilled Worker
Verewood Property (South West),Edinburgh,Cambridgeshire,Worker (A rating),Temporary Worker - Charity Worker
Whitmarsh Recycling Group,Cardiff,Cambridgeshire,Worker (A (Premium)),Skilled Worker
Newlyn Textiles UK,Glasgow,Cambridgeshire,Worker (B rating),Skilled Worker
Rushmere Dental Practice,Cardiff,West Yorkshire,Worker (A (SME+)),Skilled Worker
Ulverston Foods (South West),Oxford,Greater London,Worker (A (Premium)),Skilled Worker
Ulverston Insurance Services,Sheffield,,Worker (B rating),Skilled Worker
Fairbourne Property Partners,Edinburgh,Avon,Worker (A (Premium)),Skilled Worker
Newlyn Energy (North),Birmingham,West Yorkshire,Worker (A rating),Skilled Worker
Eldersley Building Services,Cardiff,Cambridgeshire,Worker (A rating),Skilled Worker
Tealby Print International,London,Avon,Worker (A rating),Skilled Worker
Hensingham Property Ltd,Manchester,Cambridgeshire,Worker (A (SME+)),Skilled Worker
Hensingham Retail,Leeds,Greater London,Worker (A rating),Skilled Worker
Brackenridge Networks,Manchester,Avon,Worker (A (Premium)),Skilled Worker
Dunsfold Recycling Services,Glasgow,West Yorkshire,Worker (A (SME+)),Skilled Worker
Aberfoyle Care Services International,London,Avon,Worker (B rating),Skilled Worker
Calderstone Agriculture Partners,London,West Yorkshire,Worker (A (SME+)),Temporary Worker - Creative Worker
Rushmere Print Group,Bristol,Greater London,Worker (A rating),Global Business Mobility - Senior or Specialist Worker
Keldwick Print UK,Manchester,Greater London,Worker (A rating),Scale-up Worker
Aberfoyle Haulage (North),Birmingham,,Worker (A (SME+)),Temporary Worker - Charity Worker
Fairbourne Care Services Group,Birmingham,,Worker (A rating),Skilled Worker
Northwind Automation,Cambridge,West Yorkshire,Worker (B rating),Skilled Worker
Everleigh Print (North),Leeds,,Worker (A (SME+)),Skilled Worker
Whitmarsh Nurseries Group,Leeds,,Worker (B rating),Skilled Worker
Everleigh Haulage Group,Manchester,Cambridgeshire,Worker (A (Premium)),Skilled Worker
Ilminster Pharmacy Ltd,Leeds,,Worker (A rating),Skilled Worker
Dunmore Systems,Leeds,West Yorkshire,Worker (A rating),Skilled Worker
Fairbourne Agriculture (North),Cambridge,Cambridgeshire,Worker (A rating),Skilled Worker
Ingoldsby Property (North),London,West Yorkshire,Worker (A (SME+)),Skilled Worker
Gatcombe Security Group,Cardiff,Cambridgeshire,Worker (A (Premium)),Temporary Worker - Charity Worker
Hensingham Property Partners,Reading,Greater London,Worker (B rating),Skilled Worker
Verewood Print (North),Manchester,Cambridgeshire,Worker (A (SME+)),Skilled Worker
Gatcombe Packaging International,Cambridge,,Worker (A (Premium)),Temporary Worker - Charity Worker
Mortlake Pharmacy International,Reading,West Yorkshire,Worker (A rating),Skilled Worker
Eldersley Agriculture Ltd,London,Cambridgeshire,Worker (A rating),Skilled Worker
Dovetail Robotics,Leeds,,Worker (B rating),Skilled Worker
Prioryfield Foods (South West),Cardiff,Avon,Worker (A (Premium)),Skilled Worker
Cranmore Retail Group,Reading,,Worker (A rating),Skilled Worker
Cranmore Veterinary Group,Edinburgh,West Yorkshire,Worker (A rating),Skilled Worker
Calderstone Motors,Leeds,Greater London,Worker (A (SME+)),Skilled Worker
Bickleigh Haulage Holdings,Birmingham,West Yorkshire,Worker (B rating),Skilled Worker
Kestrel Networks,Sheffield,,Worker (A rating),Skilled Worker
Langmoor Chemicals Partners,Cambridge,West Yorkshire,Worker (A (Premium)),Skilled Worker
Thornbury Analytics,Manchester,West Yorkshire,Worker (A rating),Skilled Worker
Langmoor Chemicals Holdings,London,Avon,Worker (A (Premium)),Global Business Mobility - Senior or Specialist Worker
Prioryfield Security (North),Birmingham,Greater London,Worker (A (Premium)),Skilled Worker
Ulverston Recycling Holdings,Glasgow,West Yorkshire,Worker (A rating),Skilled Worker
Cobalt Capital Partners,Edinburgh,Avon,Worker (A rating),Skilled Worker
Hollowmere Energy,Birmingham,Avon,Worker (A (SME+)),Skilled Worker
Hensingham Textiles,Cambridge,Greater London,Worker (A rating),Skilled Worker
Verewood Dental Practice International,Oxford,Greater London,Worker (A (Premium)),Global Business Mobility - Senior or Specialist Worker
Newlyn Recycling,London,West Yorkshire,Worker (A (SME+)),Skilled Worker
Keldwick Energy International,Manchester,,Worker (A (SME+)),Skilled Worker
Yealand Nurseries (North),Reading,Greater London,Worker (A (Premium)),Skilled Worker
Langmoor Packaging (South West),Birmingham,,Worker (A (Premium)),Skilled Worker
Tealby Logistics Holdings,Bristol,West Yorkshire,Worker (A rating),Skilled Worker
Gatcombe Recycling UK,Sheffield,,Worker (A rating),Global Business Mobility - Senior or Specialist Worker
Stanbrook Textiles Holdings,Birmingham,,Worker (A (SME+)),Skilled Worker
Prioryfield Agriculture,Cambridge,Avon,Worker (A (Premium)),Skilled Worker
Mortlake Insurance Group,Bristol,Greater London,Worker (A (Premium)),Skilled Worker
Yarrow Platforms,Leeds,,Worker (A rating),Skilled Worker
Tealby Print (North),London,Avon,Worker (A (SME+)),Skilled Worker
Everleigh Dental Practice International,Cardiff,,Worker (A (SME+)),Scale-up Worker
Keldwick Foods Services,Edinburgh,West Yorkshire,Worker (A rating),Skilled Worker
Bickleigh Marine Holdings,Bristol,Greater London,Worker (A (Premium)),Temporary Worker - Charity Worker
Bickleigh Retail,Leeds,,Worker (A rating),Skilled Worker
Newlyn Dental Practice Ltd,Leeds,Greater London,Worker (A rating),Temporary Worker - Creative Worker
Kirkbride Chemicals (South West),Manchester,Cambridgeshire,Worker (A rating),Skilled Worker
Rushmere Foods International,Oxford,West Yorkshire,Worker (B rating),Skilled Worker
Duncastle Building Holdings,Cambridge,Avon,Worker (A (Premium)),Temporary Worker - Creative Worker
Granthorpe Property International,Cambridge,Greater London,Worker (A rating),Skilled Worker
Hollowmere Care Services (North),Birmingham,Avon,Worker (A rating),Skilled Worker
Hensingham Energy Ltd,Manchester,,Worker (B rating),Global Business Mobility - Senior or Specialist Worker
Newlyn Property Holdings,Reading,West Yorkshire,Worker (A rating),Skilled Worker
Fairbourne Packaging UK,Reading,Cambridgeshire,Worker (B rating),Skilled Worker
Langmoor Retail,Birmingham,West Yorkshire,Worker (A rating),Skilled Worker
Ingoldsby Logistics International,Glasgow,Avon,Worker (A rating),Skilled Worker
Gatcombe Recycling Partners,Reading,,Worker (A rating),Temporary Worker - Charity Worker
Mortlake Marine International,Sheffield,,Worker (A rating),Skilled Worker
Hollowmere Packaging Group,Edinburgh,West Yorkshire,Worker (A rating),Skilled Worker
Aberfoyle Catering Partners,Glasgow,Cambridgeshire,Worker (A rating),Skilled Worker
Cobalt Charitable Trust,Cardiff,Avon,Worker (A rating),Skilled Worker
Hensingham Pharmacy (South West),Glasgow,Avon,Worker (B rating),Skilled Worker
Duncastle Chemicals,Cardiff,West Yorkshire,Worker (A rating),Skilled Worker
Jedburgh Chemicals UK,Manchester,,Worker (B rating),Skilled Worker
Aberfoyle Care Services (South West),Reading,Cambridgeshire,Worker (A (Premium)),Skilled Worker
Cobalt Instruments,Sheffield,Greater London,Worker (A rating),Skilled Worker
Eldersley Haulage Ltd,Reading,Cambridgeshire,Worker (A rating),Skilled Worker
Verewood Print International,Birmingham,,Worker (A (Premium)),Skilled Worker
Hollowmere Catering Group,Glasgow,West Yorkshire,Worker (A rating),Skilled Worker
Ulverston Insurance (South West),Birmingham,West Yorkshire,Worker (A rating),Skilled Worker
Whitmarsh Healthcare,Cambridge,Cambridgeshire,Worker (A (Premium)),Skilled Worker
Hollowmere Marine International,Bristol,Cambridgeshire,Worker (A (Premium)),Skilled Worker
Dunsfold Dental Practice Services,London,Avon,Worker (A rating),Skilled Worker
Keldwick Pharmacy International,Bristol,West Yorkshire,Worker (A (Premium)),Skilled Worker
Fairbourne Catering UK,Sheffield,Greater London,Worker (A (SME+)),Scale-up Worker
Ulverston Recycling (South West),Glasgow,Avon,Worker (B rating),Skilled Worker
Tealby Veterinary International,Edinburgh,,Worker (A rating),Skilled Worker
Oswaldby Retail International,Edinburgh,Greater London,Worker (A rating),Skilled Worker
Mortlake Motors International,Reading,,Worker (A (SME+)),Skilled Worker
Underhill Digital,Cardiff,Cambridgeshire,Worker (A (Premium)),Skilled Worker
Duncastle Property,Leeds,West Yorkshire,Worker (A rating),Skilled Worker
Keldwick Energy UK,London,Avon,Worker (A rating),Skilled Worker
Bickleigh Marine (South West),Leeds,West Yorkshire,Worker (A rating),Skilled Worker
Cindermere Networks,Manchester,Cambridgeshire,Worker (B rating),Skilled Worker
Hollowmere Catering,Cambridge,Greater London,Worker (A rating),Skilled Worker
Everleigh Building Partners,Cambridge,,Worker (B rating),Skilled Worker
Lyneham Packaging UK,Bristol,Avon,Worker (A (SME+)),Temporary Worker - Charity Worker
Rushmere Packaging Partners,Cambridge,Avon,Worker (A rating),Skilled Worker
Verewood Security Services,Cambridge,West Yorkshire,Worker (A (Premium)),Temporary Worker - Charity Worker
Bickleigh Security Ltd,Edinburgh,Cambridgeshire,Worker (A (SME+)),Skilled Worker
Larkspur Digital,Edinburgh,Cambridgeshire,Worker (A (Premium)),Skilled Worker
Langmoor Retail UK,Reading,,Worker (A rating),Skilled Worker
Barrowmead Print Holdings,Edinburgh,,Worker (A (SME+)),Skilled Worker
Gatcombe Building UK,Manchester,,Worker (A rating),Scale-up Worker
Duncastle Haulage (North),Leeds,,Worker (A (SME+)),Skilled Worker
Verewood Building Holdings,Edinburgh,,Worker (B rating),Scale-up Worker
Westmere Analytics,Birmingham,West Yorkshire,Worker (B rating),Skilled Worker
Keldwick Healthcare,Reading,,Worker (A rating),Skilled Worker
Everleigh Energy Services,Bristol,Avon,Worker (B rating),Skilled Worker
Aberfoyle Textiles (North),Manchester,Greater London,Worker (A (Premium)),Temporary Worker - Charity Worker
Fairhaven Resourcing,Cambridge,West Yorkshire,Worker (A rating),Skilled Worker
Larkspur Technologies,Cambridge,,Worker (A rating),Skilled Worker
Fairhaven Holdings Ltd T/A Coldharbour Intelligence,Reading,Greater London,Worker (A rating),Skilled Worker
Ulverston Textiles (South West),Reading,Cambridgeshire,Worker (A (SME+)),Skilled Worker
Dunsfold Retail Holdings,Bristol,Greater London,Worker (A rating),Skilled Worker
Langmoor Healthcare Ltd,Glasgow,Greater London,Worker (A rating),Skilled Worker
Langmoor Logistics Partners,Reading,West Yorkshire,Worker (A rating),Global Business Mobility - Senior or Specialist Worker
Dunsfold Textiles Ltd,London,Greater London,Worker (A (SME+)),Skilled Worker
Eldersley Packaging (South West),Glasgow,,Worker (B rating),Skilled Worker
Ironvale Software,Cambridge,,Worker (B rating),Skilled Worker
Kirkbride Catering (South West),Edinburgh,Cambridgeshire,Worker (A rating),Skilled Worker
Foxbourne Security (South West),Birmingham,Avon,Worker (A rating),Skilled Worker
Ingoldsby Insurance,London,,Worker (A rating),Skilled Worker
Jedburgh Recycling,Bristol,,Worker (A rating),Skilled Worker
Rushmere Care Services Group,Birmingham,Cambridgeshire,Worker (B rating),Skilled Worker
Calderstone Textiles (North),Bristol,Cambridgeshire,Worker (A (SME+)),Global Business Mobility - Senior or Specialist Worker
Tealby Recycling Partners,Oxford,Cambridgeshire,Worker (A (Premium)),Skilled Worker
Tealby Nurseries (North),Cardiff,Cambridgeshire,Worker (A (SME+)),Skilled Worker
Mortlake Pharmacy UK,Leeds,Cambridgeshire,Worker (A rating),Skilled Worker
Calderstone Textiles International,Reading,Cambridgeshire,Worker (A rating),Skilled Worker
Bickleigh Security,Manchester,,Worker (B rating),Skilled Worker
Hensingham Packaging (South West),Glasgow,Greater London,Worker (A rating),Scale-up Worker
Bickleigh Security UK,Sheffield,Avon,Worker (A rating),Global Business Mobility - Senior or Specialist Worker
Jedburgh Print (North),Bristol,Avon,Worker (A (SME+)),Temporary Worker - Creative Worker
Bickleigh Energy (North),Sheffield,West Yorkshire,Worker (A (Premium)),Skilled Worker
Foxbourne Haulage (South West),Edinburgh,Cambridgeshire,Worker (A rating),Skilled Worker
Keldwick Veterinary Services,Cambridge,West Yorkshire,Worker (A rating),Skilled Worker
Hollowmere Textiles International,Cardiff,Avon,Worker (A rating),Skilled Worker
Newlyn Textiles International,Cardiff,Cambridgeshire,Worker (A rating),Skilled Worker
Lyneham Logistics (North),London,Avon,Worker (B rating),Skilled Worker
Cranmore Nurseries UK,Leeds,Avon,Worker (A rating),Skilled Worker
Langmoor Logistics UK,London,Cambridgeshire,Worker (A rating),Skilled Worker
Barrowmead Pharmacy (South West),Leeds,Greater London,Worker (B rating),Skilled Worker
Yealand Dental Practice Group,Glasgow,Cambridgeshire,Worker (B rating),Scale-up Worker
Lyneham Agriculture Group,Sheffield,Cambridgeshire,Worker (B rating),Temporary Worker - Creative Worker
Yealand Dental Practice (North),Reading,West Yorkshire,Worker (A (SME+)),Temporary Worker - Charity Worker
Rushmere Retail Group,Edinburgh,Avon,Worker (A rating),Skilled Worker
Westmere Platforms,Manchester,Cambridgeshire,Worker (A (Premium)),Skilled Worker
Mortlake Insurance International,Birmingham,Cambridgeshire,Worker (A rating),Skilled Worker
Stanbrook Retail Partners,Birmingham,West Yorkshire,Worker (A rating),Scale-up Worker
Granthorpe Foods,Edinburgh,Greater London,Worker (B rating),Scale-up Worker
Cranmore Energy Group,Glasgow,Avon,Worker (B rating),Skilled Worker
Prioryfield Healthcare Partners,London,,Worker (A rating),Skilled Worker
Duncastle Print Ltd,Cardiff,,Worker (A rating),Skilled Worker
Fairbourne Nurseries UK,Cambridge,,Worker (A (SME+)),Skilled Worker
Ilminster Haulage Services,Leeds,,Worker (A rating),Scale-up Worker
Stanbrook Energy International,Edinburgh,Greater London,Worker (A (SME+)),Skilled Worker
Kirkbride Textiles (South West),Manchester,Greater London,Worker (A rating),Skilled Worker
Lyneham Logistics Services,Bristol,Greater London,Worker (A rating),Skilled Worker
Stanbrook Textiles UK,Cardiff,Cambridgeshire,Worker (A rating),Skilled Worker
Eldersley Property Holdings,Oxford,,Worker (A rating),Skilled Worker
Whitmarsh Agriculture Ltd,Edinburgh,West Yorkshire,Worker (A (Premium)),Skilled Worker
Kirkbride Print Services,Reading,Greater London,Worker (A rating),Skilled Worker
Foxbourne Packaging UK,Cardiff,Cambridgeshire,Worker (A (SME+)),Skilled Worker
Duncastle Building,Reading,,Worker (A rating),Temporary Worker - Charity Worker
Foxbourne Care Services Services,Reading,,Worker (A (Premium)),Temporary Worker - Charity Worker
Calderstone Veterinary,Cambridge,Avon,Worker (A (SME+)),Skilled Worker
Jedburgh Nurseries International,Cambridge,Cambridgeshire,Worker (A (SME+)),Skilled Worker
Calderstone Insurance Ltd,Edinburgh,,Worker (A rating),Skilled Worker
Lyneham Marine Partners,Sheffield,Avon,Worker (A rating),Skilled Worker
Granthorpe Motors Holdings,Bristol,Greater London,Worker (A rating),Skilled Worker
Cranmore Building UK,Manchester,Greater London,Worker (A rating),Skilled Worker
Dunsfold Security International,Manchester,Avon,Worker (B rating),Skilled Worker
Vantage Intelligence,Birmingham,Cambridgeshire,Worker (B rating),Skilled Worker
Barrowmead Marine Services,Cambridge,Cambridgeshire,Worker (A rating),Skilled Worker
Dunsfold Nurseries (South West),Edinburgh,Avon,Worker (A rating),Temporary Worker - Creative Worker
Cranmore Retail,Birmingham,,Worker (A rating),Skilled Worker
Hollowmere Pharmacy (South West),Sheffield,Greater London,Worker (A rating),Skilled Worker
Aberfoyle Insurance (North),Edinburgh,Avon,Worker (B rating),Skilled Worker
Calderstone Textiles Holdings,Manchester,Greater London,Worker (A (SME+)),Skilled Worker
Kirkbride Veterinary Services,Cambridge,,Worker (B rating),Temporary Worker - Charity Worker
Oakhurst Dynamics,Bristol,Greater London,Worker (A (SME+)),Skilled Worker
Foxbourne Retail (North),Reading,West Yorkshire,Worker (A (Premium)),Skilled Worker
Duncastle Retail International,Bristol,,Worker (A rating),Skilled Worker
Lyneham Chemicals Services,Oxford,West Yorkshire,Worker (A rating),Skilled Worker
Keldwick Textiles,Oxford,Avon,Worker (B rating),Skilled Worker
Kirkbride Energy International,Edinburgh,,Worker (B rating),Temporary Worker - Charity Worker
Quenby Care Services International,Oxford,Cambridgeshire,Worker (A rating),Temporary Worker - Charity Worker
Mortlake Pharmacy Services,Reading,Greater London,Worker (B rating),Skilled Worker
Ulverston Haulage Group,Edinburgh,Greater London,Worker (A (SME+)),Skilled Worker
Yealand Healthcare Holdings,Reading,,Worker (A rating),Skilled Worker
Kirkbride Retail Holdings,Reading,Cambridgeshire,Worker (B rating),Skilled Worker
Foxbourne Haulage Ltd,Oxford,Avon,Worker (A rating),Temporary Worker - Charity Worker
Ilminster Security Partners,Oxford,Greater London,Worker (A rating),Temporary Worker - Creative Worker
Cindermere Holdings Ltd T/A Larkspur Instruments,Glasgow,West Yorkshire,Worker (B rating),Skilled Worker
Ingoldsby Energy (North),Cardiff,West Yorkshire,Worker (A rating),Skilled Worker
Ironvale Platforms,Sheffield,Avon,Worker (A rating),Skilled Worker
Langmoor Pharmacy Partners,Glasgow,,Worker (A (SME+)),Global Business Mobility - Senior or Specialist Worker
Cranmore Textiles Holdings,Cardiff,,Worker (A (SME+)),Skilled Worker
Cranmore Packaging (South West),Birmingham,Avon,Worker (B rating),Skilled Worker
Ingoldsby Recycling Group,Edinburgh,Cambridgeshire,Worker (A rating),Skilled Worker
Newlyn Logistics Group,Cambridge,Cambridgeshire,Worker (A rating),Skilled Worker
Calderstone Energy Holdings,Glasgow,West Yorkshire,Worker (A rating),Skilled Worker
Newlyn Recycling Partners,Reading,Avon,Worker (A rating),Skilled Worker
Langmoor Property Group,Birmingham,West Yorkshire,Worker (B rating),Skilled Worker
Cranmore Haulage Partners,Reading,West Yorkshire,Worker (A (Premium)),Skilled Worker
Hensingham Building UK,Cambridge,,Worker (A (Premium)),Skilled Worker
Ulverston Veterinary UK,Leeds,,Worker (A rating),Skilled Worker
Keldwick Logistics UK,Manchester,Avon,Worker (A (Premium)),Skilled Worker
Keldwick Agriculture (North),Cardiff,Greater London,Worker (A rating),Scale-up Worker
Cranmore Print,Birmingham,Greater London,Worker (B rating),Skilled Worker
Dunsfold Healthcare,Birmingham,West Yorkshire,Worker (A rating),Global Business Mobility - Senior or Specialist Worker
Calderstone Chemicals Ltd,Bristol,Avon,Worker (A (Premium)),Skilled Worker
Westmere Capital Partners,Cardiff,Avon,Worker (A rating),Skilled Worker
Prioryfield Insurance Services,Glasgow,West Yorkshire,Worker (A rating),Skilled Worker
Hollowmere Insurance Services,Manchester,Avon,Worker (A rating),Skilled Worker
Ulverston Security Partners,Cambridge,West Yorkshire,Worker (A (SME+)),Skilled Worker
Foxbourne Logistics Partners,London,Cambridgeshire,Worker (A (Premium)),Skilled Worker
Granthorpe Print,Leeds,West Yorkshire,Worker (A (Premium)),Temporary Worker - Creative Worker
Everleigh Insurance Ltd,Cardiff,Avon,Worker (A (Premium)),Temporary Worker - Creative Worker
Yealand Haulage Holdings,Birmingham,Avon,Worker (B rating),Temporary Worker - Creative Worker
Verewood Nurseries Services,Glasgow,Avon,Worker (A rating),Skilled Worker
Whitmarsh Logistics UK,London,Cambridgeshire,Worker (A (SME+)),Skilled Worker
Aberfoyle Print Group,Edinburgh,Cambridgeshire,Worker (A rating),Skilled Worker
Ulverston Textiles,Oxford,,Worker (A rating),Skilled Worker
Eldersley Care Services (South West),Sheffield,Cambridgeshire,Worker (A rating),Skilled Worker
Mortlake Nurseries Holdings,Manchester,Avon,Worker (B rating),Skilled Worker
Cranmore Print Group,Bristol,West Yorkshire,Worker (A (Premium)),Skilled Worker
Everleigh Packaging,Oxford,Cambridgeshire,Worker (A rating),Skilled Worker
Cranmore Pharmacy (South West),Bristol,West Yorkshire,Worker (A (Premium)),Skilled Worker
Prioryfield Dental Practice Holdings,Glasgow,Cambridgeshire,Worker (B rating),Scale-up Worker
Bickleigh Motors International,Bristol,Avon,Worker (A rating),Skilled Worker
Rushmere Retail (South West),Reading,Cambridgeshire,Worker (A rating),Skilled Worker
Dunsfold Veterinary (North),Bristol,West Yorkshire,Worker (B rating),Skilled Worker
Bickleigh Dental Practice Services,Glasgow,Avon,Worker (A rating),Skilled Worker
Bickleigh Foods,Bristol,Greater London,Worker (A (Premium)),Skilled Worker
Fairbourne Nurseries (South West),Bristol,West Yorkshire,Worker (B rating),Skilled Worker
Kirkbride Packaging (North),Leeds,Cambridgeshire,Worker (A rating),Scale-up Worker
Rushmere Logistics Holdings,Glasgow,Cambridgeshire,Worker (B rating),Skilled Worker
Newlyn Property UK,Leeds,Avon,Worker (B rating),Skilled Worker
Cranmore Textiles International,London,,Worker (A (SME+)),Skilled Worker
Duncastle Motors,Sheffield,West Yorkshire,Worker (A rating),Scale-up Worker
Oswaldby Catering (South West),Birmingham,West Yorkshire,Worker (A (Premium)),Skilled Worker
Yealand Textiles (South West),London,Cambridgeshire,Worker (A (SME+)),Skilled Worker
Ilminster Nurseries Ltd,Cardiff,Avon,Worker (A (SME+)),Skilled Worker
Tealby Agriculture UK,London,,Worker (A rating),Skilled Worker
Keldwick Foods,Birmingham,,Worker (A rating),Scale-up Worker
Kirkbride Pharmacy UK,Birmingham,Greater London,Worker (A rating),Skilled Worker
Aberfoyle Recycling Group,Cambridge,West Yorkshire,Worker (A (SME+)),Skilled Worker
Newlyn Chemicals UK,Bristol,Greater London,Worker (B rating),Scale-up Worker
Jedburgh Catering Services,Cambridge,,Worker (A (Premium)),Skilled Worker
Duncastle Veterinary,Bristol,Cambridgeshire,Worker (A rating),Skilled Worker
Eldersley Agriculture UK,Cambridge,West Yorkshire,Worker (A (Premium)),Skilled Worker
Fairbourne Property Services,Birmingham,Avon,Worker (B rating),Skilled Worker
Ilminster Dental Practice Partners,Sheffield,Avon,Worker (B rating),Temporary Worker - Charity Worker
Jedburgh Catering International,Edinburgh,,Worker (A (Premium)),Skilled Worker
Granthorpe Logistics Partners,Birmingham,West Yorkshire,Worker (A rating),Global Business Mobility - Senior or Specialist Worker
Dunsfold Security,Manchester,Greater London,Worker (A rating),Skilled Worker
Oswaldby Print Partners,London,West Yorkshire,Worker (B rating),Scale-up Worker
Prioryfield Dental Practice,Oxford,Greater London,Worker (A (Premium)),Skilled Worker
Hensingham Textiles Holdings,Glasgow,West Yorkshire,Worker (A rating),Skilled Worker
Stanbrook Print UK,Leeds,Avon,Worker (A (SME+)),Skilled Worker
Tealby Marine Services,Sheffield,Avon,Worker (A (SME+)),Skilled Worker
Everleigh Care Services International,Cambridge,Greater London,Worker (A (SME+)),Skilled Worker
Ilminster Foods International,Sheffield,Avon,Worker (A rating),Skilled Worker
Ilminster Chemicals (North),Cambridge,West Yorkshire,Worker (A rating),Skilled Worker
Eastgate Compute UK,Manchester,Cambridgeshire,Worker (B rating),Skilled Worker
Tealby Nurseries UK,Reading,Cambridgeshire,Worker (A (SME+)),Skilled Worker
Westmere Compute UK,London,Greater London,Worker (A (Premium)),Skilled Worker
Foxbourne Energy,Leeds,Cambridgeshire,Worker (A rating),Skilled Worker
Kirkbride Chemicals,Reading,Avon,Worker (A (SME+)),Skilled Worker
Keldwick Packaging Ltd,London,Greater London,Worker (A (Premium)),Skilled Worker
Dovetail Digital,Sheffield,Cambridgeshire,Worker (A rating),Skilled Worker
Mortlake Catering Partners,Leeds,Cambridgeshire,Worker (A (SME+)),Skilled Worker
Verewood Foods,Oxford,West Yorkshire,Worker (A rating),Skilled Worker
Yealand Haulage (South West),Oxford,West Yorkshire,Worker (B rating),Global Business Mobility - Senior or Specialist Worker
Ingoldsby Healthcare (South West),Birmingham,Greater London,Worker (A rating),Skilled Worker
Duncastle Property (South West),Oxford,West Yorkshire,Worker (A rating),Temporary Worker - Creative Worker
Tealby Healthcare International,Sheffield,Greater London,Worker (A (Premium)),Scale-up Worker
Jedburgh Energy,Leeds,,Worker (A rating),Skilled Worker
Foxbourne Energy Ltd,Reading,Avon,Worker (A rating),Skilled Worker
Tealby Textiles Holdings,Glasgow,West Yorkshire,Worker (A (SME+)),Temporary Worker - Creative Worker
Whitmarsh Agriculture Holdings,Reading,,Worker (A (SME+)),Skilled Worker
Cranmore Marine,Reading,Avon,Worker (A (SME+)),Global Business Mobility - Senior or Specialist Worker
Whitmarsh Nurseries Holdings,Leeds,West Yorkshire,Worker (A rating),Skilled Worker
Whitmarsh Catering,Cambridge,Greater London,Worker (A rating),Skilled Worker
Hollowmere Logistics,London,Avon,Worker (A rating),Skilled Worker
Kirkbride Recycling Partners,Leeds,Cambridgeshire,Worker (A rating),Skilled Worker
Lyneham Healthcare (North),Cardiff,Avon,Worker (A rating),Skilled Worker
Northwind Data,London,Avon,Worker (A (Premium)),Skilled Worker
Rushmere Building Services,London,West Yorkshire,Worker (A rating),Skilled Worker
Hensingham Security,Sheffield,Avon,Worker (A (Premium)),Temporary Worker - Charity Worker
Kirkbride Nurseries (South West),Reading,Avon,Worker (A (Premium)),Skilled Worker
Mortlake Care Services Partners,Oxford,Greater London,Worker (B rating),Skilled Worker
Oswaldby Print (South West),Oxford,West Yorkshire,Worker (A (Premium)),Skilled Worker
Ilminster Textiles,Birmingham,West Yorkshire,Worker (A rating),Skilled Worker
Vantage Labs,Birmingham,West Yorkshire,Worker (A rating),Skilled Worker
Netherby Platforms,Glasgow,West Yorkshire,Worker (A (SME+)),Skilled Worker
Granthorpe Property Group,Sheffield,Cambridgeshire,Worker (A rating),Skilled Worker
Jedburgh Textiles Ltd,Manchester,Greater London,Worker (A rating),Skilled Worker
Gatcombe Retail UK,London,Avon,Worker (A (Premium)),Skilled Worker
Yealand Packaging Services,Manchester,Avon,Worker (A (SME+)),Skilled Worker
Ingoldsby Pharmacy Partners,Birmingham,West Yorkshire,Worker (A (SME+)),Skilled Worker
Mortlake Healthcare (South West),Cambridge,Cambridgeshire,Worker (A (Premium)),Skilled Worker
Dunsfold Retail Partners,Bristol,Avon,Worker (A (SME+)),Skilled Worker
Bickleigh Retail Ltd,Manchester,,Worker (A rating),Skilled Worker
Dunsfold Agriculture Partners,Oxford,,Worker (B rating),Skilled Worker
Aberfoyle Retail Services,London,Greater London,Worker (A rating),Skilled Worker
Lyneham Catering Services,Edinburgh,Cambridgeshire,Worker (B rating),Skilled Worker
Oswaldby Building (North),Birmingham,West Yorkshire,Worker (A (Premium)),Skilled Worker
Ingoldsby Recycling UK,Sheffield,Avon,Worker (B rating),Skilled Worker
Granthorpe Retail UK,Sheffield,Avon,Worker (A rating),Skilled Worker
Prioryfield Security Ltd,Leeds,Avon,Worker (A (Premium)),Skilled Worker
Hensingham Motors Ltd,London,,Worker (B rating),Temporary Worker - Creative Worker
Newlyn Logistics Services,Cambridge,Greater London,Worker (A (SME+)),Temporary Worker - Creative Worker
Barrowmead Property UK,Cambridge,Avon,Worker (A rating),Skilled Worker
Everleigh Insurance International,Edinburgh,,Worker (A rating),Skilled Worker
Gatcombe Nurseries,Reading,Greater London,Worker (A (Premium)),Skilled Worker
Jedburgh Pharmacy Ltd,Leeds,Avon,Worker (A (Premium)),Skilled Worker
Aberfoyle Property,Reading,Cambridgeshire,Worker (A rating),Global Business Mobility - Senior or Specialist Worker
Stanbrook Foods (South West),Oxford,Avon,Worker (B rating),Scale-up Worker
Ingoldsby Energy Group,Leeds,West Yorkshire,Worker (B rating),Skilled Worker
Hollowmere Retail Partners,Cambridge,,Worker (A rating),Skilled Worker
Rushmere Chemicals International,Glasgow,Greater London,Worker (A (Premium)),Skilled Worker
Quenby Agriculture Services,Cardiff,Avon,Worker (A (Premium)),Skilled Worker
Hensingham Chemicals International,Oxford,,Worker (A rating),Skilled Worker
Bickleigh Recycling (South West),Edinburgh,Cambridgeshire,Worker (A (SME+)),Skilled Worker
Eldersley Foods,Cambridge,Cambridgeshire,Worker (A (SME+)),Skilled Worker
Calderstone Haulage Partners,Cardiff,West Yorkshire,Worker (A (Premium)),Scale-up Worker
Verewood Care Services,Leeds,West Yorkshire,Worker (B rating),Skilled Worker
Keldwick Dental Practice,Manchester,West Yorkshire,Worker (A rating),Skilled Worker
Quenby Energy (South West),Manchester,Avon,Worker (B rating),Skilled Worker
Foxbourne Packaging Partners,Edinburgh,Cambridgeshire,Worker (A rating),Skilled Worker
Oswaldby Building International,London,,Worker (A rating),Skilled Worker
Mortlake Chemicals,Reading,Avon,Worker (A rating),Skilled Worker
Foxbourne Catering Ltd,Edinburgh,Greater London,Worker (A (SME+)),Skilled Worker
Glassmoor Instruments,London,West Yorkshire,Worker (A rating),Skilled Worker
Calderstone Care Services Services,Manchester,Cambridgeshire,Worker (A rating),Skilled Worker
Granthorpe Marine UK,Manchester,Greater London,Worker (A rating),Scale-up Worker
Aberfoyle Retail Partners,Manchester,,Worker (A (SME+)),Skilled Worker
Dunsfold Packaging,London,Greater London,Worker (A (SME+)),Skilled Worker
Whitmarsh Veterinary,Leeds,Avon,Worker (A rating),Skilled Worker
Jedburgh Healthcare (North),Manchester,Greater London,Worker (A (SME+)),Skilled Worker
Eldersley Nurseries (South West),Bristol,West Yorkshire,Worker (A rating),Skilled Worker
Verewood Haulage Services,Birmingham,,Worker (A (SME+)),Scale-up Worker
Aberfoyle Building (South West),Bristol,,Worker (A rating),Skilled Worker
Duncastle Agriculture Group,Edinburgh,Avon,Worker (A rating),Skilled Worker
Eldersley Retail Ltd,Reading,West Yorkshire,Worker (B rating),Skilled Worker
Hollowmere Catering Holdings,Sheffield,,Worker (A rating),Skilled Worker
Verewood Veterinary (South West),Edinburgh,West Yorkshire,Worker (A (Premium)),Skilled Worker
Duncastle Print Group,Oxford,West Yorkshire,Worker (A (SME+)),Skilled Worker
Kirkbride Marine Ltd,Bristol,Cambridgeshire,Worker (A rating),Skilled Worker
Bickleigh Care Services (North),Sheffield,West Yorkshire,Worker (A (Premium)),Skilled Worker
Ulverston Care Services Ltd,Reading,Cambridgeshire,Worker (A rating),Skilled Worker
Gatcombe Healthcare UK,Oxford,Cambridgeshire,Worker (B rating),Skilled Worker
Barrowmead Logistics International,Sheffield,Avon,Worker (B rating),Skilled Worker
Gatcombe Motors Ltd,Manchester,,Worker (A (Premium)),Global Business Mobility - Senior or Specialist Worker
Rushmere Motors Holdings,Bristol,Greater London,Worker (A (Premium)),Skilled Worker
Eldersley Building Holdings,Cambridge,,Worker (B rating),Skilled Worker
Keldwick Logistics Services,Reading,Greater London,Worker (A (Premium)),Skilled Worker
Langmoor Retail Group,Bristol,Greater London,Worker (A (Premium)),Skilled Worker
Calderstone Insurance,Cardiff,Greater London,Worker (A rating),Skilled Worker
Calderstone Haulage Holdings,Leeds,Greater London,Worker (A (Premium)),Skilled Worker
Langmoor Energy,Glasgow,West Yorkshire,Worker (A (Premium)),Skilled Worker
Everleigh Foods (South West),Leeds,,Worker (B rating),Skilled Worker
Cranmore Print Partners,Oxford,Avon,Worker (A rating),Skilled Worker
Quenby Security Holdings,Leeds,Greater London,Worker (B rating),Skilled Worker
Fairbourne Insurance Ltd,Reading,Greater London,Worker (A rating),Skilled Worker
Tealby Motors Ltd,Cardiff,Greater London,Worker (A rating),Skilled Worker
Granthorpe Motors,Glasgow,Greater London,Worker (A (SME+)),Skilled Worker
Verewood Logistics Holdings,Oxford,Avon,Worker (A rating),Skilled Worker
Foxbourne Pharmacy Group,Oxford,West Yorkshire,Worker (A rating),Skilled Worker
Langmoor Catering,Oxford,Cambridgeshire,Worker (A rating),Skilled Worker
Lyneham Nurseries UK,Reading,West Yorkshire,Worker (A rating),Scale-up Worker
Keldwick Building Partners,Manchester,Cambridgeshire,Worker (A rating),Skilled Worker
Ulverston Building (South West),Reading,,Worker (B rating),Skilled Worker
Ulverston Veterinary (South West),Sheffield,West Yorkshire,Worker (A (Premium)),Temporary Worker - Creative Worker
Tealby Healthcare Ltd,Bristol,Avon,Worker (A (Premium)),Temporary Worker - Creative Worker
Bickleigh Insurance (North),Reading,Greater London,Worker (B rating),Skilled Worker
Ilminster Agriculture Holdings,Birmingham,West Yorkshire,Worker (A rating),Skilled Worker
Rushmere Energy UK,London,Greater London,Worker (A rating),Skilled Worker
Gatcombe Property UK,Glasgow,,Worker (A rating),Skilled Worker
Tealby Agriculture Group,Glasgow,Cambridgeshire,Worker (A (Premium)),Skilled Worker
Foxbourne Energy Group,Glasgow,Cambridgeshire,Worker (B rating),Skilled Worker
Dunsfold Catering,Cardiff,Avon,Worker (A rating),Skilled Worker
Gatcombe Print Partners,Leeds,Cambridgeshire,Worker (B rating),Skilled Worker
Stanbrook Logistics Holdings,Sheffield,Greater London,Worker (B rating),Skilled Worker
Barrowmead Foods Services,Birmingham,Avon,Worker (B rating),Skilled Worker
Hensingham Marine,Glasgow,Avon,Worker (A (Premium)),Skilled Worker
Foxbourne Building,Manchester,Cambridgeshire,Worker (B rating),Skilled Worker
Granthorpe Packaging (North),Edinburgh,Cambridgeshire,Worker (A rating),Global Business Mobility - Senior or Specialist Worker
Oswaldby Foods Partners,Manchester,Avon,Worker (A (Premium)),Skilled Worker
Newlyn Marine (South West),Sheffield,,Worker (B rating),Skilled Worker
Yealand Retail Ltd,Edinburgh,West Yorkshire,Worker (A (SME+)),Global Business Mobility - Senior or Specialist Worker
Westmere Dynamics,Reading,Avon,Worker (A rating),Skilled Worker
Stanbrook Marine (North),Glasgow,Greater London,Worker (B rating),Skilled Worker
Aberfoyle Energy Group,Oxford,Greater London,Worker (A rating),Skilled Worker
Hollowmere Chemicals,Oxford,West Yorkshire,Worker (A rating),Skilled Worker
Eldersley Textiles,Reading,Avon,Worker (A rating),Global Business Mobility - Senior or Specialist Worker
Dunsfold Recycling UK,Leeds,,Worker (A (SME+)),Scale-up Worker
Barrowmead Security Group,Edinburgh,Avon,Worker (A (Premium)),Skilled Worker
Tealby Foods Group,Cambridge,West Yorkshire,Worker (A rating),Skilled Worker
Prioryfield Energy Group,Glasgow,,Worker (A rating),Skilled Worker
Dunsfold Motors Holdings,Birmingham,Greater London,Worker (B rating),Skilled Worker
Ilminster Retail Holdings,Bristol,Cambridgeshire,Worker (A rating),Temporary Worker - Creative Worker
Fairbourne Marine Ltd,Oxford,West Yorkshire,Worker (A (SME+)),Skilled Worker
Dunmore Labs UK,Reading,Greater London,Worker (A (Premium)),Skilled Worker
Prioryfield Property,Reading,,Worker (B rating),Skilled Worker
Gatcombe Packaging Partners,Oxford,West Yorkshire,Worker (A rating),Scale-up Worker
Cranmore Healthcare Group,Reading,Cambridgeshire,Worker (A rating),Scale-up Worker
Gatcombe Care Services UK,Leeds,West Yorkshire,Worker (B rating),Skilled Worker
Kirkbride Logistics Holdings,London,,Worker (A (Premium)),Skilled Worker
Whitmarsh Logistics,Cardiff,West Yorkshire,Worker (A rating),Skilled Worker
Langmoor Healthcare,Oxford,Avon,Worker (A (Premium)),Skilled Worker
Oakhurst Robotics,Sheffield,Greater London,Worker (A (Premium)),Skilled Worker
Ilminster Dental Practice (South West),Sheffield,Cambridgeshire,Worker (A rating),Skilled Worker
Jarrowfield Logic,Cardiff,Greater London,Worker (A rating),Skilled Worker
Duncastle Pharmacy UK,Reading,,Worker (A rating),Temporary Worker - Charity Worker
Duncastle Print UK,Birmingham,Greater London,Worker (A (Premium)),Skilled Worker
Foxbourne Catering Partners,Birmingham,Greater London,Worker (A rating),Skilled Worker
Bickleigh Retail (South West),Glasgow,,Worker (A (Premium)),Skilled Worker
Tealby Insurance International,Cardiff,Cambridgeshire,Worker (A rating),Skilled Worker
Bickleigh Dental Practice Group,Manchester,,Worker (B rating),Skilled Worker
Oswaldby Pharmacy Services,Bristol,Cambridgeshire,Worker (B rating),Skilled Worker
Eldersley Property Services,Birmingham,West Yorkshire,Worker (A (Premium)),Skilled Worker
Hensingham Logistics Ltd,Manchester,Avon,Worker (A rating),Skilled Worker
Langmoor Dental Practice International,London,West Yorkshire,Worker (A (SME+)),Skilled Worker
Barrowmead Security Services,Bristol,Cambridgeshire,Worker (A (SME+)),Skilled Worker
Ilminster Energy UK,Glasgow,Greater London,Worker (A rating),Skilled Worker
Whitmarsh Energy International,Birmingham,,Worker (B rating),Skilled Worker
Jedburgh Insurance (North),Birmingham,Avon,Worker (B rating),Skilled Worker
Gatcombe Dental Practice Ltd,Oxford,West Yorkshire,Worker (A rating),Scale-up Worker
Duncastle Building Partners,Manchester,Avon,Worker (A (SME+)),Skilled Worker
Ilminster Veterinary,Reading,West Yorkshire,Worker (A (SME+)),Skilled Worker
Ulverston Property (North),Edinburgh,Greater London,Worker (B rating),Scale-up Worker
Quenby Haulage International,Manchester,Cambridgeshire,Worker (B rating),Skilled Worker
Aldercroft Resourcing,Manchester,Greater London,Worker (A rating),Skilled Worker
Cranmore Veterinary Partners,London,Avon,Worker (B rating),Skilled Worker
Verewood Veterinary Ltd,Sheffield,Avon,Worker (B rating),Skilled Worker
Ulverston Catering (South West),Cambridge,Cambridgeshire,Worker (A rating),Scale-up Worker
Kirkbride Marine International,Birmingham,Avon,Worker (A rating),Skilled Worker
Calderstone Security,Reading,,Worker (A rating),Scale-up Worker
Keldwick Healthcare UK,Edinburgh,Avon,Worker (A (Premium)),Skilled Worker
Mortlake Dental Practice Ltd,Glasgow,Cambridgeshire,Worker (A rating),Skilled Worker
Langmoor Packaging Services,Reading,Cambridgeshire,Worker (B rating),Skilled Worker
Dunsfold Marine,Cambridge,,Worker (A (Premium)),Skilled Worker
Granthorpe Packaging UK,Bristol,,Worker (A rating),Skilled Worker
Hensingham Foods,Cardiff,West Yorkshire,Worker (A rating),Skilled Worker
Granthorpe Agriculture UK,Reading,West Yorkshire,Worker (A (Premium)),Skilled Worker
Hensingham Pharmacy UK,Leeds,West Yorkshire,Worker (A rating),Skilled Worker
Rushmere Energy International,Cambridge,Cambridgeshire,Worker (A rating),Scale-up Worker
Jedburgh Building Ltd,Manchester,,Worker (A (Premium)),Global Business Mobility - Senior or Specialist Worker
Ashcombe Analytics,London,Avon,Worker (A rating),Skilled Worker
Yealand Care Services UK,Birmingham,,Worker (A rating),Skilled Worker
Foxbourne Healthcare UK,London,,Worker (B rating),Skilled Worker
Calderstone Building Holdings,Edinburgh,Avon,Worker (B rating),Global Business Mobility - Senior or Specialist Worker
Aberfoyle Textiles Partners,Bristol,Greater London,Worker (A (Premium)),Skilled Worker
Prioryfield Foods Services,London,West Yorkshire,Worker (A (SME+)),Global Business Mobility - Senior or Specialist Worker
Eldersley Veterinary Holdings,Glasgow,Avon,Worker (A rating),Skilled Worker
Ulverston Recycling,Reading,West Yorkshire,Worker (B rating),Global Business Mobility - Senior or Specialist Worker
Kirkbride Care Services Ltd,Cambridge,,Worker (A (SME+)),Skilled Worker
Rushmere Haulage,Bristol,West Yorkshire,Worker (A rating),Skilled Worker
Rushmere Dental Practice (South West),Oxford,Cambridgeshire,Worker (A (SME+)),Skilled Worker
Oswaldby Logistics Group,Oxford,Cambridgeshire,Worker (A rating),Skilled Worker
Cranmore Retail International,Cambridge,Cambridgeshire,Worker (A rating),Skilled Worker
Rushmere Recycling (North),Bristol,West Yorkshire,Worker (A (Premium)),Skilled Worker
Kirkbride Veterinary Partners,Reading,Greater London,Worker (A (Premium)),Skilled Worker
Dunsfold Packaging Ltd,Bristol,Greater London,Worker (B rating),Skilled Worker
Fairbourne Catering Services,Reading,Greater London,Worker (B rating),Skilled Worker
Stanbrook Energy Ltd,Leeds,West Yorkshire,Worker (A rating),Skilled Worker
Langmoor Healthcare Holdings,Leeds,West Yorkshire,Worker (A (Premium)),Skilled Worker
Quenby Dental Practice UK,Reading,West Yorkshire,Worker (A rating),Skilled Worker
Keldwick Packaging,Birmingham,,Worker (A (Premium)),Temporary Worker - Creative Worker
Barrowmead Logistics Group,Leeds,Greater London,Worker (A rating),Skilled Worker
Whitmarsh Security,Birmingham,Greater London,Worker (A rating),Temporary Worker - Creative Worker
Calderstone Agriculture International,Leeds,,Worker (A (Premium)),Skilled Worker
Kirkbride Property Ltd,Birmingham,Cambridgeshire,Worker (A (SME+)),Skilled Worker
Fairbourne Nurseries Services,Cardiff,Avon,Worker (A rating),Skilled Worker
Rushmere Insurance Ltd,Glasgow,Avon,Worker (A rating),Skilled Worker
Quenby Retail Partners,Leeds,Greater London,Worker (A (Premium)),Global Business Mobility - Senior or Specialist Worker
Barrowmead Pharmacy Group,Edinburgh,Avon,Worker (A rating),Skilled Worker
Mortlake Packaging Ltd,Sheffield,,Worker (A rating),Skilled Worker
Gatcombe Security International,Reading,,Worker (A rating),Skilled Worker
Quillon Robotics,Cardiff,Greater London,Worker (A (Premium)),Skilled Worker
Keldwick Insurance Group,Cardiff,Avon,Worker (A (SME+)),Skilled Worker
Bickleigh Recycling Group,Edinburgh,Avon,Worker (B rating),Temporary Worker - Creative Worker
Eldersley Energy Group,Bristol,Greater London,Worker (A rating),Skilled Worker
Lyneham Foods (North),Glasgow,Cambridgeshire,Worker (A rating),Skilled Worker
Foxbourne Logistics UK,Edinburgh,Avon,Worker (A rating),Scale-up Worker
Bickleigh Energy (South West),London,Cambridgeshire,Worker (A rating),Skilled Worker
Foxbourne Dental Practice,Bristol,Avon,Worker (A rating),Skilled Worker
Ingoldsby Print Holdings,Oxford,,Worker (A rating),Temporary Worker - Creative Worker
Yealand Security (South West),Sheffield,Cambridgeshire,Worker (A (SME+)),Skilled Worker
Hollowmere Retail UK,Birmingham,Cambridgeshire,Worker (A rating),Skilled Worker
Ingoldsby Recycling Holdings,Bristol,Greater London,Worker (A (SME+)),Skilled Worker
Newlyn Foods,Oxford,Avon,Worker (A rating),Skilled Worker
Keldwick Pharmacy Ltd,Cambridge,Cambridgeshire,Worker (B rating),Temporary Worker - Creative Worker
Eldersley Chemicals UK,London,Greater London,Worker (A rating),Skilled Worker
Tealby Dental Practice Holdings,Oxford,West Yorkshire,Worker (B rating),Skilled Worker
Whitmarsh Care Services (South West),Cardiff,West Yorkshire,Worker (B rating),Skilled Worker
Prioryfield Energy (South West),Cambridge,Greater London,Worker (A rating),Skilled Worker
Bickleigh Nurseries UK,Leeds,Avon,Worker (B rating),Global Business Mobility - Senior or Specialist Worker
Everleigh Retail Group,Cardiff,West Yorkshire,Worker (A (Premium)),Skilled Worker
Whitmarsh Veterinary (South West),London,Greater London,Worker (A (Premium)),Global Business Mobility - Senior or Specialist Worker
Stanbrook Energy (North),Birmingham,Cambridgeshire,Worker (A (Premium)),Skilled Worker
Kirkbride Recycling International,Edinburgh,Avon,Worker (A (SME+)),Skilled Worker
Mortlake Security International,Edinburgh,Avon,Worker (A rating),Skilled Worker
Aberfoyle Care Services Group,Sheffield,Avon,Worker (B rating),Skilled Worker
Hollowmere Property Partners,Reading,Avon,Worker (B rating),Skilled Worker
Foxbourne Security Services,Reading,West Yorkshire,Worker (A rating),Skilled Worker
Hensingham Haulage International,Oxford,,Worker (A rating),Global Business Mobility - Senior or Specialist Worker
Hensingham Logistics (South West),Manchester,Greater London,Worker (A (SME+)),Skilled Worker
Prioryfield Insurance Ltd,Sheffield,Cambridgeshire,Worker (B rating),Skilled Worker
Tealby Chemicals Holdings,Cambridge,Cambridgeshire,Worker (A rating),Global Business Mobility - Senior or Specialist Worker
Quenby Motors (South West),Sheffield,Cambridgeshire,Worker (A (SME+)),Skilled Worker
Tealby Property Ltd,Edinburgh,Avon,Worker (A (SME+)),Skilled Worker
Calderstone Motors Holdings,Reading,Avon,Worker (A rating),Skilled Worker
Ravenswood Instruments,Cardiff,Greater London,Worker (A rating),Skilled Worker
Eldersley Healthcare Group,Cambridge,Greater London,Worker (A rating),Skilled Worker
Oswaldby Nurseries UK,Cambridge,West Yorkshire,Worker (A rating),Skilled Worker
Hensingham Veterinary (South West),Manchester,Cambridgeshire,Worker (A (Premium)),Skilled Worker
Granthorpe Property Partners,London,,Worker (A rating),Skilled Worker
Yealand Insurance Group,Edinburgh,Cambridgeshire,Worker (B rating),Global Business Mobility - Senior or Specialist Worker
Kirkbride Haulage Ltd,London,Avon,Worker (A rating),Skilled Worker
Whitmarsh Building Services,Manchester,,Worker (A (Premium)),Skilled Worker
Oswaldby Haulage Holdings,Reading,Greater London,Worker (A rating),Scale-up Worker
Jedburgh Pharmacy,Sheffield,West Yorkshire,Worker (A (Premium)),Skilled Worker
Newlyn Motors (South West),Manchester,West Yorkshire,Worker (A rating),Skilled Worker
Ilminster Packaging International,Manchester,Avon,Worker (B rating),Skilled Worker
Kirkbride Motors Ltd,Glasgow,Greater London,Worker (A rating),Skilled Worker
Hensingham Insurance Holdings,Sheffield,Greater London,Worker (A (SME+)),Skilled Worker
Oswaldby Chemicals Services,Edinburgh,,Worker (A (SME+)),Skilled Worker
Stanbrook Veterinary,Cardiff,Avon,Worker (A rating),Scale-up Worker
Gatcombe Logistics (North),Cardiff,Greater London,Worker (A (SME+)),Skilled Worker
Foxbourne Retail International,Cardiff,Cambridgeshire,Worker (B rating),Skilled Worker
Ilminster Nurseries UK,Bristol,West Yorkshire,Worker (A rating),Global Business Mobility - Senior or Specialist Worker
Lowfield Technologies UK,Sheffield,Cambridgeshire,Worker (B rating),Skilled Worker
Hollowmere Nurseries Services,London,Cambridgeshire,Worker (A rating),Skilled Worker
Rushmere Pharmacy UK,London,Avon,Worker (A (Premium)),Skilled Worker
Prioryfield Logistics UK,Cambridge,West Yorkshire,Worker (A rating),Skilled Worker
Ulverston Energy Holdings,Reading,,Worker (A rating),Skilled Worker
Yealand Logistics Partners,Cambridge,Greater London,Worker (A rating),Skilled Worker
Stanbrook Chemicals Holdings,Oxford,Greater London,Worker (B rating),Skilled Worker
Rushmere Pharmacy International,Manchester,Cambridgeshire,Worker (A rating),Skilled Worker
Mortlake Property (South West),Edinburgh,,Worker (A rating),Temporary Worker - Charity Worker
Aberfoyle Security (North),Edinburgh,Avon,Worker (A (Premium)),Skilled Worker
Ingoldsby Textiles,Birmingham,Cambridgeshire,Worker (A rating),Skilled Worker
Inglewood Charitable Trust,Cardiff,West Yorkshire,Worker (A (SME+)),Skilled Worker
Newlyn Agriculture Partners,Edinburgh,West Yorkshire,Worker (A (SME+)),Skilled Worker
Stanbrook Agriculture (North),Cambridge,Greater London,Worker (A rating),Skilled Worker
Lyneham Haulage,Reading,Cambridgeshire,Worker (A (SME+)),Skilled Worker
Rushmere Property,Glasgow,West Yorkshire,Worker (A rating),Skilled Worker
Dunsfold Pharmacy UK,Cardiff,Cambridgeshire,Worker (A (SME+)),Skilled Worker
Cranmore Healthcare,Glasgow,Cambridgeshire,Worker (B rating),Skilled Worker
Lyneham Retail (South West),Oxford,Avon,Worker (A rating),Skilled Worker
Prioryfield Motors (South West),London,Avon,Worker (A rating),Temporary Worker - Creative Worker
Granthorpe Print Ltd,Cambridge,Greater London,Worker (B rating),Skilled Worker
Foxbourne Insurance Services,Sheffield,,Worker (B rating),Skilled Worker
Hollowmere Insurance,Leeds,Cambridgeshire,Worker (A rating),Skilled Worker
Yealand Energy Holdings,Glasgow,,Worker (B rating),Skilled Worker
Ilminster Nurseries (North),Oxford,Greater London,Worker (A (Premium)),Skilled Worker
Stanbrook Security Ltd,Edinburgh,Greater London,Worker (B rating),Skilled Worker
Quenby Foods UK,Cardiff,West Yorkshire,Worker (A (Premium)),Skilled Worker
Inglewood Robotics,Reading,West Yorkshire,Worker (A (SME+)),Skilled Worker
Gatcombe Motors UK,Sheffield,Avon,Worker (A rating),Global Business Mobility - Senior or Specialist Worker
Langmoor Care Services,Edinburgh,Greater London,Worker (B rating),Skilled Worker
Foxbourne Catering Group,Manchester,,Worker (B rating),Temporary Worker - Creative Worker
Prioryfield Healthcare,Cardiff,Greater London,Worker (A rating),Skilled Worker
Granthorpe Insurance Partners,Reading,West Yorkshire,Worker (A (SME+)),Skilled Worker
Tealby Security (South West),London,Greater London,Worker (A rating),Skilled Worker
Ulverston Chemicals International,Sheffield,Cambridgeshire,Worker (A (SME+)),Global Business Mobility - Senior or Specialist Worker
Verewood Building Partners,Cambridge,,Worker (A rating),Scale-up Worker
Stanbrook Agriculture Services,Birmingham,West Yorkshire,Worker (B rating),Temporary Worker - Charity Worker
Foxbourne Care Services,London,West Yorkshire,Worker (B rating),Skilled Worker
Foxbourne Dental Practice Services,Glasgow,Cambridgeshire,Worker (A rating),Skilled Worker
Quenby Textiles,Edinburgh,West Yorkshire,Worker (B rating),Global Business Mobility - Senior or Specialist Worker
Dunsfold Veterinary Group,Leeds,Greater London,Worker (A rating),Skilled Worker
Lyneham Dental Practice Holdings,Sheffield,Avon,Worker (A (SME+)),Scale-up Worker
Foxbourne Security Group,Bristol,Avon,Worker (A rating),Skilled Worker
Hensingham Textiles Services,Bristol,Cambridgeshire,Worker (A (SME+)),Skilled Worker
Ilminster Retail Partners,Oxford,,Worker (B rating),Skilled Worker
Verewood Motors UK,Sheffield,Cambridgeshire,Worker (A rating),Skilled Worker
Yealand Catering Group,Reading,West Yorkshire,Worker (A rating),Temporary Worker - Creative Worker
Duncastle Dental Practice International,Glasgow,Cambridgeshire,Worker (A rating),Skilled Worker
Prioryfield Veterinary (South West),Manchester,,Worker (A rating),Skilled Worker
Bickleigh Healthcare Partners,Edinburgh,West Yorkshire,Worker (A (Premium)),Temporary Worker - Creative Worker
Verewood Nurseries,Edinburgh,Cambridgeshire,Worker (A rating),Skilled Worker
Calderstone Healthcare,Bristol,West Yorkshire,Worker (A rating),Skilled Worker
Calderstone Marine Holdings,Cardiff,West Yorkshire,Worker (A (Premium)),Temporary Worker - Creative Worker
Ilminster Veterinary (North),Birmingham,Avon,Worker (A rating),Temporary Worker - Charity Worker
Kirkbride Logistics Services,Cardiff,Cambridgeshire,Worker (A rating),Skilled Worker
Whitmarsh Dental Practice Ltd,Reading,Cambridgeshire,Worker (A rating),Scale-up Worker
Bickleigh Healthcare,Sheffield,West Yorkshire,Worker (A rating),Skilled Worker
Newlyn Catering Ltd,London,Cambridgeshire,Worker (A rating),Temporary Worker - Charity Worker
Oswaldby Print Group,London,Cambridgeshire,Worker (B rating),Global Business Mobility - Senior or Specialist Worker
Yealand Logistics,Manchester,Cambridgeshire,Worker (B rating),Skilled Worker
Cranmore Chemicals Group,Cardiff,Avon,Worker (A (Premium)),Global Business Mobility - Senior or Specialist Worker
Mortlake Care Services Ltd,Leeds,West Yorkshire,Worker (A (Premium)),Skilled Worker
Verewood Chemicals Services,Sheffield,,Worker (B rating),Skilled Worker
Oswaldby Marine Services,Sheffield,Avon,Worker (A (Premium)),Skilled Worker
Gatcombe Pharmacy,Bristol,Avon,Worker (A (Premium)),Temporary Worker - Charity Worker
Cranmore Building (South West),Reading,Cambridgeshire,Worker (A rating),Skilled Worker
Lyneham Motors Holdings,Cambridge,West Yorkshire,Worker (A (Premium)),Skilled Worker
Jedburgh Healthcare Services,Manchester,West Yorkshire,Worker (A (Premium)),Skilled Worker
Rushmere Healthcare Services,Bristol,Greater London,Worker (B rating),Skilled Worker
Everleigh Property International,London,Cambridgeshire,Worker (B rating),Skilled Worker
Prioryfield Security Partners,Manchester,Cambridgeshire,Worker (A rating),Skilled Worker
Everleigh Motors Ltd,Manchester,West Yorkshire,Worker (A rating),Skilled Worker
Lyneham Nurseries (North),Sheffield,West Yorkshire,Worker (A (SME+)),Skilled Worker
Stanbrook Print International,Glasgow,,Worker (A (Premium)),Skilled Worker
Bickleigh Chemicals (North),Glasgow,Cambridgeshire,Worker (A rating),Skilled Worker
Lyneham Marine Group,Bristol,,Worker (A rating),Global Business Mobility - Senior or Specialist Worker
Fairbourne Textiles (North),Cardiff,Cambridgeshire,Worker (A rating),Global Business Mobility - Senior or Specialist Worker
Calderstone Marine Ltd,Reading,West Yorkshire,Worker (A rating),Skilled Worker
Yealand Insurance Services,Oxford,West Yorkshire,Worker (A (Premium)),Skilled Worker
Kirkbride Healthcare (South West),Sheffield,Greater London,Worker (A rating),Skilled Worker
Barrowmead Textiles Partners,Leeds,Avon,Worker (A rating),Skilled Worker
Bickleigh Retail International,Manchester,Avon,Worker (A (Premium)),Skilled Worker
Granthorpe Haulage Services,Oxford,,Worker (B rating),Skilled Worker
Lowfield Software,Cambridge,West Yorkshire,Worker (B rating),Skilled Worker
Mortlake Insurance Ltd,Birmingham,,Worker (A (SME+)),Skilled Worker
Quenby Print Services,Sheffield,West Yorkshire,Worker (A rating),Skilled Worker
Ingoldsby Packaging,Cardiff,,Worker (A rating),Skilled Worker
Kirkbride Property Holdings,London,West Yorkshire,Worker (A rating),Skilled Worker
Duncastle Care Services (South West),Leeds,Cambridgeshire,Worker (A rating),Global Business Mobility - Senior or Specialist Worker
Oswaldby Print UK,Glasgow,,Worker (A (SME+)),Skilled Worker
Barrowmead Recycling (South West),Birmingham,Avon,Worker (A rating),Skilled Worker
Dunsfold Haulage International,Sheffield,Cambridgeshire,Worker (A rating),Temporary Worker - Charity Worker
Dunsfold Care Services Group,Glasgow,Cambridgeshire,Worker (A rating),Skilled Worker
Quenby Print (South West),Cardiff,,Worker (A (Premium)),Skilled Worker
Netherby Systems,London,Avon,Worker (A (SME+)),Skilled Worker
Cranmore Dental Practice Services,Birmingham,Avon,Worker (A (SME+)),Skilled Worker
Whitmarsh Textiles Holdings,Birmingham,,Worker (A (SME+)),Skilled Worker
Cranmore Textiles Partners,Sheffield,Avon,Worker (A rating),Skilled Worker
Granthorpe Catering Ltd,Cambridge,Cambridgeshire,Worker (B rating),Skilled Worker
Stanbrook Textiles,London,Greater London,Worker (A rating),Skilled Worker
Lyneham Print Group,Bristol,Avon,Worker (A rating),Global Business Mobility - Senior or Specialist Worker
Newlyn Property International,Leeds,Avon,Worker (A rating),Skilled Worker
Lyneham Textiles,Cardiff,West Yorkshire,Worker (B rating),Scale-up Worker
Verewood Agriculture (North),Glasgow,,Worker (A rating),Temporary Worker - Charity Worker
Yealand Marine Ltd,London,Avon,Worker (A rating),Skilled Worker
Eldersley Security (South West),Cardiff,,Worker (A (Premium)),Scale-up Worker
Whitmarsh Veterinary International,Oxford,Greater London,Worker (A (SME+)),Skilled Worker
Gatcombe Pharmacy UK,Sheffield,West Yorkshire,Worker (A (Premium)),Skilled Worker
Oswaldby Chemicals (North),Manchester,Greater London,Worker (A (SME+)),Skilled Worker
Underhill Capital Partners,Oxford,West Yorkshire,Worker (A rating),Skilled Worker
Foxbourne Textiles,Glasgow,Greater London,Worker (B rating),Skilled Worker
Cranmore Motors (South West),Reading,Greater London,Worker (A rating),Skilled Worker
Bickleigh Energy Group,Sheffield,West Yorkshire,Worker (A (SME+)),Skilled Worker
Mortlake Packaging Partners,Cambridge,West Yorkshire,Worker (B rating),Skilled Worker
Quenby Chemicals Services,Cardiff,Avon,Worker (A rating),Global Business Mobility - Senior or Specialist Worker
Barrowmead Nurseries,Leeds,Greater London,Worker (A rating),Skilled Worker
Calderstone Care Services International,Leeds,,Worker (A (SME+)),Skilled Worker
Bickleigh Insurance,London,Greater London,Worker (A rating),Skilled Worker
Mortlake Print International,Cardiff,,Worker (A rating),Skilled Worker
Bickleigh Foods International,Cardiff,,Worker (A (SME+)),Skilled Worker
Prioryfield Security UK,Glasgow,Greater London,Worker (A rating),Skilled Worker
Rushmere Insurance,Bristol,West Yorkshire,Worker (A (SME+)),Skilled Worker
Hensingham Nurseries Holdings,Oxford,Greater London,Worker (A rating),Temporary Worker - Charity Worker
Yealand Textiles Holdings,Cambridge,,Worker (A rating),Skilled Worker
Gatcombe Healthcare Partners,Reading,Greater London,Worker (A (Premium)),Skilled Worker
Dunsfold Print,Oxford,Cambridgeshire,Worker (A rating),Temporary Worker - Creative Worker
Stanbrook Healthcare International,Manchester,Cambridgeshire,Worker (A rating),Skilled Worker
Newlyn Chemicals Ltd,Manchester,West Yorkshire,Worker (A (SME+)),Skilled Worker
Gatcombe Logistics Partners,Bristol,Greater London,Worker (A (Premium)),Skilled Worker
Duncastle Care Services (North),Reading,Cambridgeshire,Worker (A rating),Skilled Worker
Jedburgh Building Group,Bristol,,Worker (B rating),Skilled Worker
Kirkbride Healthcare,Oxford,West Yorkshire,Worker (A rating),Skilled Worker
Stanbrook Packaging Services,Cardiff,Greater London,Worker (A (SME+)),Skilled Worker
Lowfield Networks UK,Oxford,West Yorkshire,Worker (B rating),Skilled Worker
Bickleigh Agriculture,Reading,West Yorkshire,Worker (A rating),Skilled Worker
Dunsfold Nurseries Services,Sheffield,West Yorkshire,Worker (A (Premium)),Scale-up Worker
Duncastle Foods (North),Sheffield,Greater London,Worker (A (Premium)),Global Business Mobility - Senior or Specialist Worker
Ulverston Veterinary,Bristol,,Worker (A (Premium)),Skilled Worker
Fairbourne Security Holdings,London,West Yorkshire,Worker (A (Premium)),Global Business Mobility - Senior or Specialist Worker
Barrowmead Print Partners,Reading,Avon,Worker (A rating),Temporary Worker - Charity Worker
Keldwick Veterinary International,Sheffield,Avon,Worker (A (SME+)),Skilled Worker
Yealand Energy (North),Cambridge,,Worker (A rating),Temporary Worker - Creative Worker
Foxbourne Chemicals Services,Manchester,Avon,Worker (A rating),Temporary Worker - Creative Worker
Ulverston Packaging Services,Bristol,West Yorkshire,Worker (A rating),Scale-up Worker
Verewood Energy (South West),Manchester,Cambridgeshire,Worker (B rating),Skilled Worker
Newlyn Energy Partners,Glasgow,Greater London,Worker (A rating),Skilled Worker
Ulverston Energy Ltd,Oxford,Cambridgeshire,Worker (A rating),Skilled Worker
Keldwick Veterinary (South West),Oxford,West Yorkshire,Worker (A (SME+)),Skilled Worker
Lyneham Veterinary Group,Oxford,Avon,Worker (B rating),Skilled Worker
Fairbourne Foods International,London,Greater London,Worker (B rating),Skilled Worker
Ilminster Logistics Services,Cardiff,Avon,Worker (A rating),Skilled Worker
Gatcombe Catering UK,Edinburgh,Cambridgeshire,Worker (A (Premium)),Skilled Worker
Quenby Logistics (North),Oxford,,Worker (A rating),Skilled Worker
Foxbourne Packaging Ltd,Oxford,,Worker (A (Premium)),Skilled Worker
Verewood Textiles (South West),Reading,Greater London,Worker (A rating),Skilled Worker
Fairbourne Logistics Partners,Glasgow,West Yorkshire,Worker (A (SME+)),Skilled Worker
Oswaldby Retail Services,Bristol,Avon,Worker (A (Premium)),Skilled Worker
Oswaldby Healthcare Partners,Bristol,,Worker (A rating),Skilled Worker
Newlyn Packaging,Birmingham,Avon,Worker (A (Premium)),Skilled Worker
Rushmere Packaging,Reading,Cambridgeshire,Worker (A rating),Skilled Worker
Yealand Packaging Holdings,Reading,Avon,Worker (A rating),Skilled Worker
Granthorpe Nurseries (South West),Cambridge,,Worker (B rating),Temporary Worker - Creative Worker
Kirkbride Healthcare Group,Manchester,,Worker (B rating),Skilled Worker
Elmgate Instruments,Oxford,Avon,Worker (B rating),Skilled Worker
Granthorpe Retail Ltd,Cambridge,Greater London,Worker (B rating),Skilled Worker
Cranmore Pharmacy,London,Greater London,Worker (A (Premium)),Skilled Worker
Fairbourne Recycling Ltd,Glasgow,Greater London,Worker (A rating),Skilled Worker
Oswaldby Textiles Ltd,Cambridge,,Worker (A (SME+)),Skilled Worker
Bickleigh Agriculture Services,Reading,Avon,Worker (A rating),Skilled Worker
Ilminster Retail Services,Reading,Avon,Worker (A rating),Skilled Worker
Ilminster Care Services (North),Cambridge,Avon,Worker (A rating),Temporary Worker - Creative Worker
Rushmere Dental Practice Group,Leeds,,Worker (B rating),Skilled Worker
Aldercroft Charitable Trust,Oxford,Cambridgeshire,Worker (A (Premium)),Skilled Worker
Prioryfield Recycling,Manchester,West Yorkshire,Worker (A rating),Skilled Worker
Quenby Energy Group,Leeds,Avon,Worker (A rating),Scale-up Worker
Hollowmere Nurseries Ltd,Leeds,West Yorkshire,Worker (A rating),Skilled Worker
Verewood Textiles,London,Cambridgeshire,Worker (B rating),Temporary Worker - Charity Worker
Cranmore Marine Group,Cardiff,Cambridgeshire,Worker (A (SME+)),Skilled Worker
Barrowmead Motors,Bristol,,Worker (A rating),Global Business Mobility - Senior or Specialist Worker
Ingoldsby Catering Services,Manchester,Greater London,Worker (A rating),Scale-up Worker
Cranmore Dental Practice UK,Cambridge,Greater London,Worker (A (SME+)),Temporary Worker - Charity Worker
Drakewell Digital,Edinburgh,Avon,Worker (A rating),Skilled Worker
Newlyn Print (South West),Manchester,,Worker (A rating),Skilled Worker
Prioryfield Insurance Group,Cambridge,Greater London,Worker (A rating),Scale-up Worker
Ingoldsby Veterinary UK,Oxford,Avon,Worker (A rating),Skilled Worker
Rushmere Print,Cardiff,West Yorkshire,Worker (A rating),Skilled Worker
Everleigh Chemicals Services,Glasgow,Avon,Worker (A (SME+)),Skilled Worker
Whitmarsh Healthcare UK,Oxford,West Yorkshire,Worker (A rating),Skilled Worker
Lyneham Energy International,Sheffield,Avon,Worker (A (SME+)),Skilled Worker
Oswaldby Foods Holdings,Oxford,Greater London,Worker (A rating),Skilled Worker
Barrowmead Retail Holdings,London,Cambridgeshire,Worker (B rating),Skilled Worker
Drakewell Holdings Ltd T/A Larkspur Logic,Cambridge,Cambridgeshire,Worker (B rating),Skilled Worker
Foxbourne Nurseries (North),Leeds,Avon,Worker (B rating),Temporary Worker - Creative Worker
Eldersley Print (North),Oxford,,Worker (A rating),Skilled Worker
Yealand Chemicals (South West),Edinburgh,Greater London,Worker (B rating),Skilled Worker
Langmoor Care Services (South West),London,Cambridgeshire,Worker (A rating),Skilled Worker
Aberfoyle Marine Group,Manchester,West Yorkshire,Worker (A rating),Skilled Worker
Langmoor Motors (South West),Glasgow,Cambridgeshire,Worker (A rating),Skilled Worker
Tealby Care Services,London,Avon,Worker (A (Premium)),Skilled Worker
Dunsfold Retail,Reading,Avon,Worker (B rating),Skilled Worker
Ingoldsby Foods UK,Oxford,West Yorkshire,Worker (A rating),Skilled Worker
Prioryfield Veterinary (North),Reading,,Worker (A rating),Skilled Worker
Oswaldby Energy,Sheffield,Cambridgeshire,Worker (A (Premium)),Temporary Worker - Charity Worker
Yealand Agriculture UK,Cardiff,,Worker (A (SME+)),Skilled Worker
Rushmere Property Services,Leeds,West Yorkshire,Worker (A rating),Skilled Worker
Verewood Motors Partners,Glasgow,West Yorkshire,Worker (A rating),Global Business Mobility - Senior or Specialist Worker
Hensingham Recycling Ltd,Bristol,Avon,Worker (A rating),Skilled Worker
Kirkbride Building Partners,London,Greater London,Worker (A rating),Skilled Worker
Barrowmead Catering (North),Glasgow,West Yorkshire,Worker (A rating),Skilled Worker
Duncastle Agriculture Ltd,Reading,Avon,Worker (A rating),Skilled Worker
Duncastle Motors Group,Bristol,West Yorkshire,Worker (A rating),Scale-up Worker
Verewood Catering International,Oxford,West Yorkshire,Worker (A rating),Skilled Worker
Bickleigh Print Holdings,Glasgow,West Yorkshire,Worker (A (SME+)),Skilled Worker
Quillon Dynamics,London,Avon,Worker (A rating),Skilled Worker
Ingoldsby Textiles (North),Oxford,Avon,Worker (A (Premium)),Skilled Worker
Rushmere Textiles (North),Leeds,West Yorkshire,Worker (A (SME+)),Temporary Worker - Creative Worker
Ingoldsby Insurance International,Reading,West Yorkshire,Worker (A (SME+)),Skilled Worker
Kirkbride Energy (South West),Manchester,West Yorkshire,Worker (A (Premium)),Skilled Worker
Everleigh Dental Practice,London,Avon,Worker (A (SME+)),Skilled Worker
Kirkbride Dental Practice UK,Reading,Greater London,Worker (A (SME+)),Skilled Worker
Ulverston Pharmacy Group,Edinburgh,Greater London,Worker (B rating),Skilled Worker
Ingoldsby Catering UK,Cardiff,Avon,Worker (A (SME+)),Skilled Worker
Cranmore Care Services Group,Birmingham,West Yorkshire,Worker (B rating),Skilled Worker
Jedburgh Catering Group,Glasgow,,Worker (A (Premium)),Skilled Worker
Foxbourne Insurance,Manchester,Avon,Worker (A rating),Skilled Worker
Fenwick Holdings Ltd T/A Kingsmead Technologies,London,Cambridgeshire,Worker (B rating),Skilled Worker
Cranmore Retail UK,Reading,West Yorkshire,Worker (A rating),Temporary Worker - Creative Worker
Stanbrook Haulage Ltd,Oxford,,Worker (A rating),Global Business Mobility - Senior or Specialist Worker
Ilminster Retail,Manchester,Avon,Worker (A (SME+)),Skilled Worker
Quenby Nurseries,Cardiff,West Yorkshire,Worker (A (Premium)),Skilled Worker
Ilminster Healthcare Services,Edinburgh,,Worker (A (Premium)),Skilled Worker
Fenwick Robotics,London,Avon,Worker (B rating),Skilled Worker
Barrowmead Logistics (South West),Edinburgh,Avon,Worker (A rating),Skilled Worker
Barrowmead Motors Ltd,Manchester,Avon,Worker (A (SME+)),Skilled Worker
Hensingham Insurance (South West),London,,Worker (A (SME+)),Skilled Worker
Prioryfield Energy (North),Cardiff,Cambridgeshire,Worker (A (Premium)),Skilled Worker
Aberfoyle Retail Ltd,Cambridge,Avon,Worker (B rating),Skilled Worker
Tealby Retail (North),Glasgow,Avon,Worker (A rating),Skilled Worker
Hollowmere Property (South West),Birmingham,Avon,Worker (A (Premium)),Skilled Worker
Dunsfold Packaging Holdings,Edinburgh,,Worker (B rating),Skilled Worker
Duncastle Veterinary (North),London,Avon,Worker (A rating),Scale-up Worker
Verewood Print (South West),Reading,West Yorkshire,Worker (A rating),Skilled Worker
Quenby Pharmacy Partners,Oxford,Greater London,Worker (A rating),Skilled Worker
Lyneham Care Services Ltd,Bristol,West Yorkshire,Worker (A rating),Skilled Worker
Granthorpe Recycling Group,Bristol,West Yorkshire,Worker (A (SME+)),Skilled Worker
Ilminster Chemicals,Oxford,,Worker (A rating),Skilled Worker
Duncastle Recycling Services,Manchester,Greater London,Worker (A (SME+)),Skilled Worker
Calderstone Building,London,West Yorkshire,Worker (A (Premium)),Skilled Worker
Kirkbride Nurseries International,London,West Yorkshire,Worker (B rating),Skilled Worker
Highmoor Instruments,Glasgow,Greater London,Worker (B rating),Skilled Worker
Langmoor Logistics,Edinburgh,West Yorkshire,Worker (A (SME+)),Temporary Worker - Charity Worker
Oswaldby Dental Practice Partners,Cardiff,West Yorkshire,Worker (A rating),Skilled Worker
Foxbourne Nurseries Services,Manchester,,Worker (B rating),Skilled Worker
Ulverston Healthcare (North),Oxford,Cambridgeshire,Worker (A rating),Skilled Worker
Bickleigh Haulage,Glasgow,Cambridgeshire,Worker (A rating),Skilled Worker
Everleigh Chemicals UK,Manchester,Avon,Worker (A rating),Skilled Worker
Rushmere Chemicals (North),Cambridge,Avon,Worker (A rating),Skilled Worker
Granthorpe Care Services International,Cardiff,,Worker (A (SME+)),Global Business Mobility - Senior or Specialist Worker
Ingoldsby Motors Partners,Oxford,Cambridgeshire,Worker (A rating),Skilled Worker
Aberfoyle Dental Practice (South West),Oxford,Greater London,Worker (A (SME+)),Skilled Worker
Prioryfield Marine,Manchester,Cambridgeshire,Worker (A (Premium)),Skilled Worker
Duncastle Building Ltd,Edinburgh,Greater London,Worker (A rating),Skilled Worker
Yealand Foods Services,Glasgow,Cambridgeshire,Worker (A rating),Global Business Mobility - Senior or Specialist Worker
Tealby Healthcare UK,London,Cambridgeshire,Worker (B rating),Skilled Worker
Dunsfold Veterinary Holdings,London,,Worker (A (SME+)),Skilled Worker
Rushmere Textiles Holdings,London,Cambridgeshire,Worker (A (SME+)),Global Business Mobility - Senior or Specialist Worker
Ingoldsby Packaging (South West),Oxford,Greater London,Worker (A (Premium)),Skilled Worker
Granthorpe Pharmacy UK,Leeds,Avon,Worker (A (Premium)),Skilled Worker
Mortlake Care Services International,Edinburgh,West Yorkshire,Worker (A (SME+)),Temporary Worker - Creative Worker
Barrowmead Foods (South West),Leeds,,Worker (B rating),Temporary Worker - Creative Worker
Verewood Nurseries Group,Cardiff,,Worker (B rating),Skilled Worker
Quenby Nurseries UK,Manchester,Greater London,Worker (B rating),Skilled Worker
Bickleigh Veterinary Services,Cardiff,Greater London,Worker (A rating),Skilled Worker
Aberfoyle Print UK,Cardiff,,Worker (A rating),Skilled Worker
Hensingham Veterinary Partners,Cambridge,Cambridgeshire,Worker (B rating),Skilled Worker
Jedburgh Motors Services,Birmingham,,Worker (A rating),Scale-up Worker
Barrowmead Security (South West),Oxford,Avon,Worker (B rating),Skilled Worker
Aberfoyle Healthcare (North),Cambridge,Cambridgeshire,Worker (A rating),Skilled Worker
Jedburgh Insurance Ltd,London,Cambridgeshire,Worker (A (SME+)),Skilled Worker
Foxbourne Chemicals (North),Sheffield,Cambridgeshire,Worker (B rating),Skilled Worker
Kestrel Automation,Cambridge,Cambridgeshire,Worker (A rating),Skilled Worker
Granthorpe Chemicals,Leeds,Cambridgeshire,Worker (A rating),Temporary Worker - Charity Worker
Dunsfold Security Group,Cardiff,Cambridgeshire,Worker (A (SME+)),Temporary Worker - Charity Worker
Hollowmere Motors Ltd,Leeds,,Worker (A (Premium)),Skilled Worker
Duncastle Healthcare,Cambridge,Greater London,Worker (A (SME+)),Temporary Worker - Charity Worker
Lyneham Property Ltd,Manchester,Avon,Worker (B rating),Skilled Worker
Hollowmere Security Ltd,London,Avon,Worker (A (SME+)),Skilled Worker
Ulverston Insurance,London,Avon,Worker (A (SME+)),Skilled Worker
Yealand Veterinary,Manchester,Greater London,Worker (A (SME+)),Skilled Worker
Whitmarsh Pharmacy,Bristol,Cambridgeshire,Worker (A rating),Skilled Worker
Whitmarsh Nurseries Ltd,Manchester,,Worker (B rating),Skilled Worker
Foxbourne Haulage,Sheffield,Greater London,Worker (B rating),Skilled Worker
Hollowmere Textiles Services,Bristol,West Yorkshire,Worker (A rating),Temporary Worker - Charity Worker
Jarrowfield Technologies,Leeds,,Worker (A (SME+)),Skilled Worker
Aberfoyle Foods Group,Leeds,Avon,Worker (A (Premium)),Scale-up Worker
Ingoldsby Foods Holdings,Cambridge,Avon,Worker (A rating),Scale-up Worker
Fairbourne Retail Holdings,Cambridge,Cambridgeshire,Worker (A (Premium)),Skilled Worker
Rushmere Building Partners,Birmingham,Greater London,Worker (B rating),Skilled Worker
Newlyn Veterinary,Bristol,Cambridgeshire,Worker (A (Premium)),Global Business Mobility - Senior or Specialist Worker
Jedburgh Dental Practice,Manchester,,Worker (A rating),Temporary Worker - Charity Worker
Foxbourne Retail UK,Sheffield,Greater London,Worker (A (Premium)),Skilled Worker
Stanbrook Marine,Birmingham,Greater London,Worker (A rating),Skilled Worker
Foxbourne Veterinary (North),Cambridge,West Yorkshire,Worker (B rating),Skilled Worker
Dovetail Holdings Ltd T/A Fairhaven Analytics,Birmingham,West Yorkshire,Worker (B rating),Skilled Worker
Gatcombe Insurance Ltd,Sheffield,,Worker (A rating),Skilled Worker
Langmoor Packaging (North),London,West Yorkshire,Worker (A rating),Skilled Worker
Aberfoyle Catering (South West),Cambridge,Avon,Worker (A (SME+)),Global Business Mobility - Senior or Specialist Worker
Duncastle Nurseries (South West),Cambridge,,Worker (A rating),Skilled Worker
Oswaldby Agriculture Holdings,Edinburgh,West Yorkshire,Worker (A rating),Skilled Worker
Eldersley Chemicals (South West),Leeds,Avon,Worker (A (Premium)),Skilled Worker
Ingoldsby Property,Oxford,Avon,Worker (A (SME+)),Skilled Worker
Dunmore Dynamics UK,Glasgow,,Worker (A rating),Skilled Worker
Cranmore Packaging Group,Glasgow,Cambridgeshire,Worker (B rating),Skilled Worker
Ulverston Foods International,Glasgow,,Worker (A (SME+)),Temporary Worker - Creative Worker
Stanbrook Property (North),Bristol,,Worker (A rating),Skilled Worker
Quenby Healthcare (North),Reading,West Yorkshire,Worker (A rating),Global Business Mobility - Senior or Specialist Worker
Gatcombe Catering,Edinburgh,Cambridgeshire,Worker (A rating),Skilled Worker
Prioryfield Motors Ltd,Leeds,Cambridgeshire,Worker (A (Premium)),Skilled Worker
Calderstone Logistics,Cardiff,Avon,Worker (A (Premium)),Scale-up Worker
Hensingham Pharmacy,Oxford,Greater London,Worker (A (SME+)),Skilled Worker
Hollowmere Security,Edinburgh,Cambridgeshire,Worker (B rating),Skilled Worker
Lyneham Insurance Ltd,London,Greater London,Worker (A (Premium)),Skilled Worker
Hollowmere Print,London,,Worker (A (SME+)),Skilled Worker
Ingoldsby Agriculture Group,Reading,Avon,Worker (B rating),Scale-up Worker
Stanbrook Packaging (South West),Edinburgh,Avon,Worker (A (SME+)),Temporary Worker - Creative Worker
Kirkbride Care Services Holdings,Bristol,Avon,Worker (A (SME+)),Skilled Worker
Jedburgh Recycling Holdings,Oxford,Cambridgeshire,Worker (A (Premium)),Skilled Worker
Dunsfold Property Holdings,Edinburgh,Cambridgeshire,Worker (A rating),Skilled Worker
Kirkbride Packaging,Glasgow,Greater London,Worker (B rating),Skilled Worker
Keldwick Property,London,,Worker (A (SME+)),Skilled Worker
Dunsfold Nurseries Partners,London,Greater London,Worker (A rating),Skilled Worker
Mortlake Dental Practice (North),Oxford,West Yorkshire,Worker (A (SME+)),Skilled Worker
Dunsfold Care Services Partners,Manchester,Cambridgeshire,Worker (B rating),Skilled Worker
Whitmarsh Energy Services,Oxford,West Yorkshire,Worker (A (Premium)),Skilled Worker
Everleigh Insurance (South West),London,Cambridgeshire,Worker (A rating),Skilled Worker
Langmoor Property (North),Glasgow,Avon,Worker (B rating),Skilled Worker
Aberfoyle Textiles Ltd,Sheffield,,Worker (A rating),Skilled Worker
Ilminster Energy Ltd,Manchester,Avon,Worker (A rating),Skilled Worker
Stanbrook Retail Services,Reading,West Yorkshire,Worker (A (Premium)),Skilled Worker
Duncastle Pharmacy,London,Greater London,Worker (B rating),Temporary Worker - Charity Worker
Stanbrook Marine Group,Edinburgh,,Worker (A rating),Skilled Worker
Netherby Software UK,Cardiff,West Yorkshire,Worker (A (SME+)),Skilled Worker
Calderstone Recycling Ltd,Cardiff,Avon,Worker (B rating),Scale-up Worker
Fairbourne Care Services Ltd,Reading,Greater London,Worker (A rating),Skilled Worker
Fairbourne Textiles Services,Cambridge,Cambridgeshire,Worker (A (SME+)),Skilled Worker
Aberfoyle Retail (South West),Reading,West Yorkshire,Worker (A (SME+)),Skilled Worker
Cranmore Foods (South West),Leeds,West Yorkshire,Worker (A rating),Skilled Worker
Langmoor Property International,Leeds,Cambridgeshire,Worker (A rating),Skilled Worker
Mortlake Haulage Group,Edinburgh,Greater London,Worker (A (SME+)),Skilled Worker
Ingoldsby Healthcare Holdings,London,Avon,Worker (A rating),Temporary Worker - Charity Worker
Keldwick Agriculture Partners,Bristol,Greater London,Worker (A rating),Skilled Worker
Stanbrook Care Services (South West),Bristol,West Yorkshire,Worker (A (SME+)),Skilled Worker
Cranmore Chemicals International,Cardiff,,Worker (A (Premium)),Skilled Worker
Granthorpe Insurance Ltd,Oxford,,Worker (A rating),Global Business Mobility - Senior or Specialist Worker
Eldersley Security UK,Birmingham,Avon,Worker (A (SME+)),Skilled Worker
Ingoldsby Foods Group,Edinburgh,Avon,Worker (A (Premium)),Skilled Worker
Langmoor Chemicals,Sheffield,West Yorkshire,Worker (A (SME+)),Skilled Worker
Everleigh Veterinary UK,Reading,Avon,Worker (B rating),Skilled Worker
Duncastle Packaging,Edinburgh,Avon,Worker (A rating),Skilled Worker
Stanbrook Building Group,Sheffield,Greater London,Worker (A rating),Skilled Worker
Bickleigh Haulage (South West),Glasgow,,Worker (A rating),Skilled Worker
Langmoor Textiles UK,Glasgow,Greater London,Worker (A (Premium)),Skilled Worker
Oswaldby Agriculture UK,Manchester,,Worker (A rating),Skilled Worker
Whitmarsh Marine Services,Cardiff,West Yorkshire,Worker (B rating),Temporary Worker - Creative Worker
Tealby Textiles UK,London,Greater London,Worker (A rating),Skilled Worker
Mortlake Healthcare UK,London,,Worker (A (SME+)),Skilled Worker
Hollowmere Recycling UK,Cardiff,West Yorkshire,Worker (B rating),Skilled Worker
Prioryfield Haulage (North),London,,Worker (A (SME+)),Skilled Worker
Oswaldby Textiles UK,Reading,Greater London,Worker (A rating),Skilled Worker
Dunsfold Dental Practice,Bristol,Avon,Worker (A rating),Skilled Worker
Oswaldby Security Holdings,Oxford,West Yorkshire,Worker (A rating),Skilled Worker
Rushmere Veterinary Group,Sheffield,Greater London,Worker (A (Premium)),Temporary Worker - Creative Worker
Yarrow Dynamics,Oxford,Greater London,Worker (B rating),Skilled Worker
Thornbury Robotics,Oxford,West Yorkshire,Worker (A (SME+)),Skilled Worker
Granthorpe Print Partners,Sheffield,Greater London,Worker (A rating),Global Business Mobility - Senior or Specialist Worker
Ingoldsby Agriculture Services,Bristol,Cambridgeshire,Worker (A rating),Skilled Worker
Tealby Building Ltd,Edinburgh,,Worker (A (SME+)),Skilled Worker
Ingoldsby Catering Partners,London,,Worker (A rating),Skilled Worker
Quenby Insurance Partners,Oxford,Avon,Worker (A (SME+)),Skilled Worker
Lyneham Catering Partners,Cambridge,West Yorkshire,Worker (A (SME+)),Skilled Worker
Oswaldby Pharmacy,Edinburgh,West Yorkshire,Worker (A (SME+)),Scale-up Worker
Quenby Energy International,Leeds,Cambridgeshire,Worker (A rating),Skilled Worker
Rushmere Marine Group,Edinburgh,,Worker (A rating),Global Business Mobility - Senior or Specialist Worker
Bickleigh Motors Group,Manchester,West Yorkshire,Worker (A (SME+)),Skilled Worker
Eldersley Motors,Reading,Avon,Worker (A (Premium)),Skilled Worker
Grindlow Capital Partners,Birmingham,,Worker (B rating),Skilled Worker
Duncastle Foods Group,London,,Worker (A rating),Skilled Worker
Granthorpe Veterinary Group,Cambridge,West Yorkshire,Worker (A rating),Skilled Worker
Granthorpe Catering,Leeds,,Worker (A (SME+)),Global Business Mobility - Senior or Specialist Worker
Granthorpe Textiles Ltd,London,West Yorkshire,Worker (B rating),Temporary Worker - Creative Worker
Hensingham Foods (North),Manchester,Avon,Worker (A rating),Skilled Worker
Whitmarsh Retail Services,Bristol,Cambridgeshire,Worker (A (Premium)),Skilled Worker
Dunsfold Catering Partners,Cambridge,,Worker (A (Premium)),Skilled Worker
Ulverston Pharmacy,Cardiff,Greater London,Worker (A (SME+)),Skilled Worker
Lyneham Motors Ltd,Reading,Cambridgeshire,Worker (B rating),Skilled Worker
Whitmarsh Property Holdings,Bristol,Avon,Worker (A (SME+)),Skilled Worker
Yealand Veterinary UK,Edinburgh,Cambridgeshire,Worker (A (Premium)),Scale-up Worker
Dunsfold Security Ltd,Edinburgh,West Yorkshire,Worker (A (SME+)),Scale-up Worker
Newlyn Marine (North),Leeds,West Yorkshire,Worker (A (Premium)),Temporary Worker - Creative Worker
Mortlake Motors (South West),Leeds,Avon,Worker (B rating),Skilled Worker
Fairbourne Pharmacy UK,Birmingham,Cambridgeshire,Worker (A rating),Skilled Worker
Hensingham Textiles UK,Reading,West Yorkshire,Worker (A rating),Skilled Worker
Rushmere Packaging Ltd,Manchester,West Yorkshire,Worker (B rating),Scale-up Worker
Yealand Care Services Ltd,Reading,,Worker (A (SME+)),Skilled Worker
Grindlow Consultants,Bristol,,Worker (A (Premium)),Skilled Worker
Hollowmere Dental Practice (South West),Birmingham,Cambridgeshire,Worker (A rating),Skilled Worker
Cindermere Staffing,Cardiff,Greater London,Worker (A rating),Skilled Worker
Aberfoyle Haulage,Bristol,Avon,Worker (A (Premium)),Global Business Mobility - Senior or Specialist Worker
Ilminster Healthcare Ltd,Leeds,Cambridgeshire,Worker (A (SME+)),Skilled Worker
Everleigh Care Services,Glasgow,West Yorkshire,Worker (B rating),Skilled Worker
Foxbourne Building (South West),Sheffield,Cambridgeshire,Worker (A rating),Skilled Worker
Dunsfold Logistics Ltd,Manchester,Avon,Worker (B rating),Skilled Worker
Verewood Print,Edinburgh,Greater London,Worker (B rating),Skilled Worker
Ulverston Pharmacy Holdings,Birmingham,Cambridgeshire,Worker (B rating),Skilled Worker
Juniper Dynamics,Glasgow,,Worker (A rating),Skilled Worker
Gatcombe Building,London,West Yorkshire,Worker (A rating),Skilled Worker
Mortlake Building (South West),Bristol,Avon,Worker (A rating),Skilled Worker
Fairbourne Marine Services,Bristol,Greater London,Worker (A rating),Scale-up Worker
Eldersley Insurance Services,Reading,Avon,Worker (A (SME+)),Scale-up Worker
Eldersley Dental Practice (South West),Leeds,Avon,Worker (B rating),Skilled Worker
Hollowmere Textiles,Sheffield,,Worker (A rating),Scale-up Worker
Rushmere Care Services International,London,West Yorkshire,Worker (B rating),Scale-up Worker
Langmoor Pharmacy (North),Sheffield,West Yorkshire,Worker (A (SME+)),Skilled Worker
Foxbourne Energy (North),Reading,Greater London,Worker (A (SME+)),Skilled Worker
Rushmere Catering Ltd,Cambridge,West Yorkshire,Worker (A rating),Skilled Worker
Ingoldsby Logistics,Birmingham,,Worker (B rating),Skilled Worker
Whitmarsh Motors Services,Edinburgh,Cambridgeshire,Worker (A (Premium)),Temporary Worker - Charity Worker
Kirkbride Logistics (North),Leeds,,Worker (A rating),Skilled Worker
Granthorpe Pharmacy International,Bristol,,Worker (A (Premium)),Skilled Worker
Granthorpe Chemicals (South West),London,,Worker (A rating),Skilled Worker
Duncastle Motors International,Cambridge,West Yorkshire,Worker (A rating),Skilled Worker
Fairbourne Retail (South West),Cardiff,Greater London,Worker (A rating),Skilled Worker
Foxbourne Care Services Ltd,Bristol,Cambridgeshire,Worker (A rating),Temporary Worker - Creative Worker
Whitmarsh Chemicals Holdings,Glasgow,West Yorkshire,Worker (A rating),Skilled Worker
Keldwick Textiles UK,Cambridge,Cambridgeshire,Worker (A rating),Scale-up Worker
Kirkbride Packaging International,Oxford,West Yorkshire,Worker (A (SME+)),Skilled Worker
Granthorpe Nurseries Ltd,Sheffield,Cambridgeshire,Worker (B rating),Skilled Worker
Granthorpe Insurance,Oxford,Avon,Worker (A (SME+)),Skilled Worker
Calderstone Textiles,Manchester,Greater London,Worker (A rating),Skilled Worker
Verewood Recycling (North),Cardiff,Cambridgeshire,Worker (A rating),Temporary Worker - Charity Worker
Hensingham Care Services UK,Oxford,Greater London,Worker (A rating),Skilled Worker
Keldwick Recycling (North),Bristol,Greater London,Worker (B rating),Skilled Worker
Dunsfold Haulage (South West),Edinburgh,Avon,Worker (A rating),Skilled Worker
Foxbourne Veterinary,Cardiff,West Yorkshire,Worker (A rating),Skilled Worker
Stanbrook Haulage International,London,Avon,Worker (A (SME+)),Skilled Worker
Barrowmead Textiles Ltd,Glasgow,Cambridgeshire,Worker (A (SME+)),Skilled Worker
Gatcombe Haulage (North),Reading,Greater London,Worker (A rating),Skilled Worker
Stanbrook Recycling Group,Birmingham,Greater London,Worker (A rating),Skilled Worker
Foxbourne Textiles Group,Cambridge,Avon,Worker (B rating),Skilled Worker
Barrowmead Energy Services,Edinburgh,Avon,Worker (A rating),Skilled Worker
Ilminster Veterinary Group,Birmingham,,Worker (B rating),Skilled Worker
Kirkbride Veterinary Holdings,Sheffield,Cambridgeshire,Worker (A rating),Skilled Worker
Prioryfield Haulage,Cambridge,Greater London,Worker (A rating),Skilled Worker
Bickleigh Catering,Edinburgh,Greater London,Worker (A rating),Skilled Worker
Foxbourne Veterinary Services,Reading,West Yorkshire,Worker (A rating),Skilled Worker
Tealby Agriculture Ltd,Leeds,Greater London,Worker (A (Premium)),Skilled Worker
Prioryfield Agriculture (South West),Birmingham,Greater London,Worker (A (SME+)),Skilled Worker
Ingoldsby Recycling International,Cardiff,Avon,Worker (A (Premium)),Skilled Worker
Duncastle Marine,Sheffield,,Worker (A rating),Skilled Worker
Whitmarsh Building,Leeds,,Worker (A (Premium)),Global Business Mobility - Senior or Specialist Worker
Barrowmead Marine (South West),Cambridge,Greater London,Worker (A rating),Skilled Worker
Quenby Property,Cambridge,Avon,Worker (A (Premium)),Skilled Worker
Dunsfold Print Partners,Edinburgh,Cambridgeshire,Worker (A (SME+)),Skilled Worker
Barrowmead Marine Ltd,Edinburgh,Cambridgeshire,Worker (A rating),Skilled Worker
Stanbrook Property Ltd,Oxford,Greater London,Worker (A rating),Global Business Mobility - Senior or Specialist Worker
Dunsfold Pharmacy Ltd,Edinburgh,Avon,Worker (A rating),Global Business Mobility - Senior or Specialist Worker
Rushmere Property Partners,London,West Yorkshire,Worker (A rating),Skilled Worker
Keldwick Retail Partners,Bristol,Greater London,Worker (A rating),Skilled Worker
Hollowmere Motors International,Cambridge,,Worker (A rating),Skilled Worker
Newlyn Pharmacy Services,Manchester,Avon,Worker (A rating),Scale-up Worker
Newlyn Veterinary Holdings,Oxford,Cambridgeshire,Worker (B rating),Skilled Worker
Dunsfold Energy Group,London,West Yorkshire,Worker (A rating),Skilled Worker
Duncastle Security Group,Bristol,,Worker (A (Premium)),Skilled Worker
Mortlake Agriculture International,Cardiff,Cambridgeshire,Worker (B rating),Skilled Worker
Duncastle Catering Ltd,London,Avon,Worker (B rating),Skilled Worker
Ulverston Packaging International,Reading,Cambridgeshire,Worker (A rating),Skilled Worker
Keldwick Healthcare Partners,Oxford,Greater London,Worker (A (SME+)),Skilled Worker
Ilminster Print (North),Cambridge,,Worker (A rating),Skilled Worker
Everleigh Recycling Group,London,Cambridgeshire,Worker (B rating),Skilled Worker
Hensingham Textiles Ltd,Oxford,,Worker (A rating),Skilled Worker
Langmoor Recycling UK,Cambridge,,Worker (A rating),Skilled Worker
Eldersley Logistics (South West),Leeds,Cambridgeshire,Worker (B rating),Skilled Worker
Cranmore Insurance Group,Oxford,West Yorkshire,Worker (A (Premium)),Skilled Worker
Ulverston Property,Birmingham,,Worker (B rating),Skilled Worker
Mortlake Foods International,Cambridge,Cambridgeshire,Worker (A (Premium)),Skilled Worker
Ulverston Catering,Reading,Avon,Worker (A rating),Skilled Worker
Barrowmead Textiles Group,Birmingham,Greater London,Worker (A (Premium)),Skilled Worker
Eldersley Print Services,Edinburgh,Greater London,Worker (A rating),Skilled Worker
Langmoor Energy International,Glasgow,West Yorkshire,Worker (B rating),Skilled Worker
Jedburgh Foods Partners,London,,Worker (A rating),Skilled Worker
Cobalt Technologies,Leeds,,Worker (A rating),Skilled Worker
Bickleigh Chemicals,Reading,West Yorkshire,Worker (A rating),Temporary Worker - Creative Worker
Quenby Foods International,Cardiff,West Yorkshire,Worker (A rating),Skilled Worker
Newlyn Retail (North),Birmingham,Greater London,Worker (A (SME+)),Skilled Worker
Barrowmead Property (South West),Bristol,Avon,Worker (A rating),Skilled Worker
Calderstone Building International,Oxford,West Yorkshire,Worker (A (SME+)),Skilled Worker
Rushmere Building (North),Cambridge,,Worker (A rating),Temporary Worker - Creative Worker
Ulverston Retail Services,Birmingham,Cambridgeshire,Worker (A rating),Skilled Worker
Jedburgh Insurance,Oxford,Greater London,Worker (A (SME+)),Skilled Worker
Langmoor Packaging International,Cardiff,Cambridgeshire,Worker (A (Premium)),Skilled Worker
Cranmore Pharmacy International,Cambridge,,Worker (A rating),Skilled Worker
Duncastle Marine Group,Oxford,Cambridgeshire,Worker (A rating),Skilled Worker
Dunsfold Motors Group,Sheffield,,Worker (B rating),Skilled Worker
Bickleigh Agriculture Ltd,Manchester,West Yorkshire,Worker (A rating),Skilled Worker
Dunsfold Pharmacy Holdings,Glasgow,Cambridgeshire,Worker (A (Premium)),Skilled Worker
Prioryfield Marine Ltd,Edinburgh,Avon,Worker (A (SME+)),Global Business Mobility - Senior or Specialist Worker
Aberfoyle Motors,Oxford,Greater London,Worker (A rating),Skilled Worker
Aberfoyle Textiles (South West),Edinburgh,Avon,Worker (A (Premium)),Skilled Worker
Barrowmead Print Services,Cambridge,Avon,Worker (B rating),Skilled Worker
Cranmore Foods (North),Birmingham,Avon,Worker (A (Premium)),Skilled Worker
Verewood Catering Services,Manchester,West Yorkshire,Worker (A rating),Skilled Worker
Everleigh Logistics (South West),Edinburgh,Cambridgeshire,Worker (B rating),Skilled Worker
